solid ASCII
  facet normal 9.993328e-01 3.652202e-02 -1.621904e-17
    outer loop
      vertex   -1.099733e+01 -7.299531e-02 3.075000e+01
      vertex   -1.099733e+01 -7.299531e-02 2.975000e+01
      vertex   -1.100000e+01 -1.224647e-16 3.075000e+01
    endloop
  endfacet
  facet normal 9.993328e-01 3.652202e-02 0.000000e+00
    outer loop
      vertex   -1.100000e+01 -1.224647e-16 3.075000e+01
      vertex   -1.099733e+01 -7.299531e-02 2.975000e+01
      vertex   -1.100000e+01 -1.224647e-16 2.975000e+01
    endloop
  endfacet
  facet normal 9.993328e-01 -3.652202e-02 0.000000e+00
    outer loop
      vertex   -1.100000e+01 -1.224647e-16 3.075000e+01
      vertex   -1.100000e+01 -1.224647e-16 2.975000e+01
      vertex   -1.099733e+01 7.299531e-02 3.075000e+01
    endloop
  endfacet
  facet normal 9.993328e-01 -3.652202e-02 1.621904e-17
    outer loop
      vertex   -1.099733e+01 7.299531e-02 3.075000e+01
      vertex   -1.100000e+01 -1.224647e-16 2.975000e+01
      vertex   -1.099733e+01 7.299531e-02 2.975000e+01
    endloop
  endfacet
  facet normal 9.940010e-01 -1.093712e-01 4.857057e-17
    outer loop
      vertex   -1.099733e+01 7.299531e-02 3.075000e+01
      vertex   -1.099733e+01 7.299531e-02 2.975000e+01
      vertex   -1.098934e+01 1.456012e-01 3.075000e+01
    endloop
  endfacet
  facet normal 9.940010e-01 -1.093712e-01 0.000000e+00
    outer loop
      vertex   -1.098934e+01 1.456012e-01 3.075000e+01
      vertex   -1.099733e+01 7.299531e-02 2.975000e+01
      vertex   -1.098934e+01 1.456012e-01 2.975000e+01
    endloop
  endfacet
  facet normal 9.833657e-01 -1.816369e-01 0.000000e+00
    outer loop
      vertex   -1.098934e+01 1.456012e-01 3.075000e+01
      vertex   -1.098934e+01 1.456012e-01 2.975000e+01
      vertex   -1.097608e+01 2.174302e-01 3.075000e+01
    endloop
  endfacet
  facet normal 9.833657e-01 -1.816369e-01 1.512431e-16
    outer loop
      vertex   -1.097608e+01 2.174302e-01 3.075000e+01
      vertex   -1.098934e+01 1.456012e-01 2.975000e+01
      vertex   -1.097608e+01 2.174302e-01 2.975000e+01
    endloop
  endfacet
  facet normal 9.674837e-01 -2.529334e-01 2.106093e-16
    outer loop
      vertex   -1.097608e+01 2.174302e-01 3.075000e+01
      vertex   -1.097608e+01 2.174302e-01 2.975000e+01
      vertex   -1.095760e+01 2.880991e-01 3.075000e+01
    endloop
  endfacet
  facet normal 9.674837e-01 -2.529334e-01 1.123250e-16
    outer loop
      vertex   -1.095760e+01 2.880991e-01 3.075000e+01
      vertex   -1.097608e+01 2.174302e-01 2.975000e+01
      vertex   -1.095760e+01 2.880991e-01 2.975000e+01
    endloop
  endfacet
  facet normal 9.464398e-01 -3.228804e-01 1.433877e-16
    outer loop
      vertex   -1.095760e+01 2.880991e-01 3.075000e+01
      vertex   -1.095760e+01 2.880991e-01 2.975000e+01
      vertex   -1.093402e+01 3.572309e-01 3.075000e+01
    endloop
  endfacet
  facet normal 9.464398e-01 -3.228804e-01 0.000000e+00
    outer loop
      vertex   -1.093402e+01 3.572309e-01 3.075000e+01
      vertex   -1.095760e+01 2.880991e-01 2.975000e+01
      vertex   -1.093402e+01 3.572309e-01 2.975000e+01
    endloop
  endfacet
  facet normal 9.203462e-01 -3.911047e-01 0.000000e+00
    outer loop
      vertex   -1.093402e+01 3.572309e-01 3.075000e+01
      vertex   -1.093402e+01 3.572309e-01 2.975000e+01
      vertex   -1.090545e+01 4.244567e-01 3.075000e+01
    endloop
  endfacet
  facet normal 9.203462e-01 -3.911047e-01 1.302640e-16
    outer loop
      vertex   -1.090545e+01 4.244567e-01 3.075000e+01
      vertex   -1.093402e+01 3.572309e-01 2.975000e+01
      vertex   -1.090545e+01 4.244567e-01 2.975000e+01
    endloop
  endfacet
  facet normal 8.893421e-01 -4.572423e-01 1.522923e-16
    outer loop
      vertex   -1.090545e+01 4.244567e-01 3.075000e+01
      vertex   -1.090545e+01 4.244567e-01 2.975000e+01
      vertex   -1.087205e+01 4.894178e-01 3.075000e+01
    endloop
  endfacet
  facet normal 8.893421e-01 -4.572423e-01 0.000000e+00
    outer loop
      vertex   -1.087205e+01 4.894178e-01 3.075000e+01
      vertex   -1.090545e+01 4.244567e-01 2.975000e+01
      vertex   -1.087205e+01 4.894178e-01 2.975000e+01
    endloop
  endfacet
  facet normal 8.535931e-01 -5.209403e-01 0.000000e+00
    outer loop
      vertex   -1.087205e+01 4.894178e-01 3.075000e+01
      vertex   -1.087205e+01 4.894178e-01 2.975000e+01
      vertex   -1.083400e+01 5.517677e-01 3.075000e+01
    endloop
  endfacet
  facet normal 8.535931e-01 -5.209403e-01 4.048520e-16
    outer loop
      vertex   -1.083400e+01 5.517677e-01 3.075000e+01
      vertex   -1.087205e+01 4.894178e-01 2.975000e+01
      vertex   -1.083400e+01 5.517677e-01 2.975000e+01
    endloop
  endfacet
  facet normal 8.132897e-01 -5.818589e-01 4.521952e-16
    outer loop
      vertex   -1.083400e+01 5.517677e-01 3.075000e+01
      vertex   -1.083400e+01 5.517677e-01 2.975000e+01
      vertex   -1.079150e+01 6.111737e-01 3.075000e+01
    endloop
  endfacet
  facet normal 8.132897e-01 -5.818589e-01 1.937979e-16
    outer loop
      vertex   -1.079150e+01 6.111737e-01 3.075000e+01
      vertex   -1.083400e+01 5.517677e-01 2.975000e+01
      vertex   -1.079150e+01 6.111737e-01 2.975000e+01
    endloop
  endfacet
  facet normal 7.686471e-01 -6.396730e-01 2.130539e-16
    outer loop
      vertex   -1.079150e+01 6.111737e-01 3.075000e+01
      vertex   -1.079150e+01 6.111737e-01 2.975000e+01
      vertex   -1.074477e+01 6.673188e-01 3.075000e+01
    endloop
  endfacet
  facet normal 7.686471e-01 -6.396730e-01 0.000000e+00
    outer loop
      vertex   -1.074477e+01 6.673188e-01 3.075000e+01
      vertex   -1.079150e+01 6.111737e-01 2.975000e+01
      vertex   -1.074477e+01 6.673188e-01 2.975000e+01
    endloop
  endfacet
  facet normal 7.199035e-01 -6.940742e-01 0.000000e+00
    outer loop
      vertex   -1.074477e+01 6.673188e-01 3.075000e+01
      vertex   -1.074477e+01 6.673188e-01 2.975000e+01
      vertex   -1.069407e+01 7.199035e-01 3.075000e+01
    endloop
  endfacet
  facet normal 7.199035e-01 -6.940742e-01 4.623463e-16
    outer loop
      vertex   -1.069407e+01 7.199035e-01 3.075000e+01
      vertex   -1.074477e+01 6.673188e-01 2.975000e+01
      vertex   -1.069407e+01 7.199035e-01 2.975000e+01
    endloop
  endfacet
  facet normal 6.673188e-01 -7.447722e-01 4.961179e-16
    outer loop
      vertex   -1.069407e+01 7.199035e-01 3.075000e+01
      vertex   -1.069407e+01 7.199035e-01 2.975000e+01
      vertex   -1.063967e+01 7.686471e-01 3.075000e+01
    endloop
  endfacet
  facet normal 6.673188e-01 -7.447722e-01 0.000000e+00
    outer loop
      vertex   -1.063967e+01 7.686471e-01 3.075000e+01
      vertex   -1.069407e+01 7.199035e-01 2.975000e+01
      vertex   -1.063967e+01 7.686471e-01 2.975000e+01
    endloop
  endfacet
  facet normal 6.111737e-01 -7.914965e-01 0.000000e+00
    outer loop
      vertex   -1.063967e+01 7.686471e-01 3.075000e+01
      vertex   -1.063967e+01 7.686471e-01 2.975000e+01
      vertex   -1.058186e+01 8.132897e-01 3.075000e+01
    endloop
  endfacet
  facet normal 6.111737e-01 -7.914965e-01 0.000000e+00
    outer loop
      vertex   -1.058186e+01 8.132897e-01 3.075000e+01
      vertex   -1.063967e+01 7.686471e-01 2.975000e+01
      vertex   -1.058186e+01 8.132897e-01 2.975000e+01
    endloop
  endfacet
  facet normal 5.517677e-01 -8.339978e-01 0.000000e+00
    outer loop
      vertex   -1.058186e+01 8.132897e-01 3.075000e+01
      vertex   -1.058186e+01 8.132897e-01 2.975000e+01
      vertex   -1.052094e+01 8.535931e-01 3.075000e+01
    endloop
  endfacet
  facet normal 5.517677e-01 -8.339978e-01 2.777771e-16
    outer loop
      vertex   -1.052094e+01 8.535931e-01 3.075000e+01
      vertex   -1.058186e+01 8.132897e-01 2.975000e+01
      vertex   -1.052094e+01 8.535931e-01 2.975000e+01
    endloop
  endfacet
  facet normal 4.894178e-01 -8.720494e-01 2.904508e-16
    outer loop
      vertex   -1.052094e+01 8.535931e-01 3.075000e+01
      vertex   -1.052094e+01 8.535931e-01 2.975000e+01
      vertex   -1.045724e+01 8.893421e-01 3.075000e+01
    endloop
  endfacet
  facet normal 4.894178e-01 -8.720494e-01 0.000000e+00
    outer loop
      vertex   -1.045724e+01 8.893421e-01 3.075000e+01
      vertex   -1.052094e+01 8.535931e-01 2.975000e+01
      vertex   -1.045724e+01 8.893421e-01 2.975000e+01
    endloop
  endfacet
  facet normal 4.244567e-01 -9.054482e-01 0.000000e+00
    outer loop
      vertex   -1.045724e+01 8.893421e-01 3.075000e+01
      vertex   -1.045724e+01 8.893421e-01 2.975000e+01
      vertex   -1.039110e+01 9.203462e-01 3.075000e+01
    endloop
  endfacet
  facet normal 4.244567e-01 -9.054482e-01 4.020998e-16
    outer loop
      vertex   -1.039110e+01 9.203462e-01 3.075000e+01
      vertex   -1.045724e+01 8.893421e-01 2.975000e+01
      vertex   -1.039110e+01 9.203462e-01 2.975000e+01
    endloop
  endfacet
  facet normal 3.572309e-01 -9.340161e-01 4.147865e-16
    outer loop
      vertex   -1.039110e+01 9.203462e-01 3.075000e+01
      vertex   -1.039110e+01 9.203462e-01 2.975000e+01
      vertex   -1.032288e+01 9.464398e-01 3.075000e+01
    endloop
  endfacet
  facet normal 3.572309e-01 -9.340161e-01 1.036966e-16
    outer loop
      vertex   -1.032288e+01 9.464398e-01 3.075000e+01
      vertex   -1.039110e+01 9.203462e-01 2.975000e+01
      vertex   -1.032288e+01 9.464398e-01 2.975000e+01
    endloop
  endfacet
  facet normal 2.880991e-01 -9.576006e-01 1.063150e-16
    outer loop
      vertex   -1.032288e+01 9.464398e-01 3.075000e+01
      vertex   -1.032288e+01 9.464398e-01 2.975000e+01
      vertex   -1.025293e+01 9.674837e-01 3.075000e+01
    endloop
  endfacet
  facet normal 2.880991e-01 -9.576006e-01 0.000000e+00
    outer loop
      vertex   -1.025293e+01 9.674837e-01 3.075000e+01
      vertex   -1.032288e+01 9.464398e-01 2.975000e+01
      vertex   -1.025293e+01 9.674837e-01 2.975000e+01
    endloop
  endfacet
  facet normal 2.174302e-01 -9.760759e-01 0.000000e+00
    outer loop
      vertex   -1.025293e+01 9.674837e-01 3.075000e+01
      vertex   -1.025293e+01 9.674837e-01 2.975000e+01
      vertex   -1.018164e+01 9.833657e-01 3.075000e+01
    endloop
  endfacet
  facet normal 2.174302e-01 -9.760759e-01 2.167324e-16
    outer loop
      vertex   -1.018164e+01 9.833657e-01 3.075000e+01
      vertex   -1.025293e+01 9.674837e-01 2.975000e+01
      vertex   -1.018164e+01 9.833657e-01 2.975000e+01
    endloop
  endfacet
  facet normal 1.456012e-01 -9.893434e-01 2.196784e-16
    outer loop
      vertex   -1.018164e+01 9.833657e-01 3.075000e+01
      vertex   -1.018164e+01 9.833657e-01 2.975000e+01
      vertex   -1.010937e+01 9.940010e-01 3.075000e+01
    endloop
  endfacet
  facet normal 1.456012e-01 -9.893434e-01 -5.172793e-16
    outer loop
      vertex   -1.010937e+01 9.940010e-01 3.075000e+01
      vertex   -1.018164e+01 9.833657e-01 2.975000e+01
      vertex   -1.010937e+01 9.940010e-01 2.975000e+01
    endloop
  endfacet
  facet normal 7.299531e-02 -9.973323e-01 -2.593315e-16
    outer loop
      vertex   -1.010937e+01 9.940010e-01 3.075000e+01
      vertex   -1.010937e+01 9.940010e-01 2.975000e+01
      vertex   -1.003652e+01 9.993328e-01 3.075000e+01
    endloop
  endfacet
  facet normal 7.299531e-02 -9.973323e-01 0.000000e+00
    outer loop
      vertex   -1.003652e+01 9.993328e-01 3.075000e+01
      vertex   -1.010937e+01 9.940010e-01 2.975000e+01
      vertex   -1.003652e+01 9.993328e-01 2.975000e+01
    endloop
  endfacet
  facet normal 0.000000e+00 -1.000000e+00 0.000000e+00
    outer loop
      vertex   -1.003652e+01 9.993328e-01 3.075000e+01
      vertex   -1.003652e+01 9.993328e-01 2.975000e+01
      vertex   -9.963478e+00 9.993328e-01 3.075000e+01
    endloop
  endfacet
  facet normal 0.000000e+00 -1.000000e+00 -0.000000e+00
    outer loop
      vertex   -9.963478e+00 9.993328e-01 3.075000e+01
      vertex   -1.003652e+01 9.993328e-01 2.975000e+01
      vertex   -9.963478e+00 9.993328e-01 2.975000e+01
    endloop
  endfacet
  facet normal -7.299531e-02 -9.973323e-01 -0.000000e+00
    outer loop
      vertex   -9.963478e+00 9.993328e-01 3.075000e+01
      vertex   -9.963478e+00 9.993328e-01 2.975000e+01
      vertex   -9.890629e+00 9.940010e-01 3.075000e+01
    endloop
  endfacet
  facet normal -7.299531e-02 -9.973323e-01 -0.000000e+00
    outer loop
      vertex   -9.890629e+00 9.940010e-01 3.075000e+01
      vertex   -9.963478e+00 9.993328e-01 2.975000e+01
      vertex   -9.890629e+00 9.940010e-01 2.975000e+01
    endloop
  endfacet
  facet normal -1.456012e-01 -9.893434e-01 -0.000000e+00
    outer loop
      vertex   -9.890629e+00 9.940010e-01 3.075000e+01
      vertex   -9.890629e+00 9.940010e-01 2.975000e+01
      vertex   -9.818363e+00 9.833657e-01 3.075000e+01
    endloop
  endfacet
  facet normal -1.456012e-01 -9.893434e-01 -2.196784e-16
    outer loop
      vertex   -9.818363e+00 9.833657e-01 3.075000e+01
      vertex   -9.890629e+00 9.940010e-01 2.975000e+01
      vertex   -9.818363e+00 9.833657e-01 2.975000e+01
    endloop
  endfacet
  facet normal -2.174302e-01 -9.760759e-01 -2.167324e-16
    outer loop
      vertex   -9.818363e+00 9.833657e-01 3.075000e+01
      vertex   -9.818363e+00 9.833657e-01 2.975000e+01
      vertex   -9.747067e+00 9.674837e-01 3.075000e+01
    endloop
  endfacet
  facet normal -2.174302e-01 -9.760759e-01 2.778674e-16
    outer loop
      vertex   -9.747067e+00 9.674837e-01 3.075000e+01
      vertex   -9.818363e+00 9.833657e-01 2.975000e+01
      vertex   -9.747067e+00 9.674837e-01 2.975000e+01
    endloop
  endfacet
  facet normal -2.880991e-01 -9.576006e-01 4.054518e-16
    outer loop
      vertex   -9.747067e+00 9.674837e-01 3.075000e+01
      vertex   -9.747067e+00 9.674837e-01 2.975000e+01
      vertex   -9.677120e+00 9.464398e-01 3.075000e+01
    endloop
  endfacet
  facet normal -2.880991e-01 -9.576006e-01 2.991368e-16
    outer loop
      vertex   -9.677120e+00 9.464398e-01 3.075000e+01
      vertex   -9.747067e+00 9.674837e-01 2.975000e+01
      vertex   -9.677120e+00 9.464398e-01 2.975000e+01
    endloop
  endfacet
  facet normal -3.572309e-01 -9.340161e-01 4.271763e-16
    outer loop
      vertex   -9.677120e+00 9.464398e-01 3.075000e+01
      vertex   -9.677120e+00 9.464398e-01 2.975000e+01
      vertex   -9.608895e+00 9.203462e-01 3.075000e+01
    endloop
  endfacet
  facet normal -3.572309e-01 -9.340161e-01 3.234797e-16
    outer loop
      vertex   -9.608895e+00 9.203462e-01 3.075000e+01
      vertex   -9.677120e+00 9.464398e-01 2.975000e+01
      vertex   -9.608895e+00 9.203462e-01 2.975000e+01
    endloop
  endfacet
  facet normal -4.244567e-01 -9.054482e-01 4.524117e-16
    outer loop
      vertex   -9.608895e+00 9.203462e-01 3.075000e+01
      vertex   -9.608895e+00 9.203462e-01 2.975000e+01
      vertex   -9.542758e+00 8.893421e-01 3.075000e+01
    endloop
  endfacet
  facet normal -4.244567e-01 -9.054482e-01 -0.000000e+00
    outer loop
      vertex   -9.542758e+00 8.893421e-01 3.075000e+01
      vertex   -9.608895e+00 9.203462e-01 2.975000e+01
      vertex   -9.542758e+00 8.893421e-01 2.975000e+01
    endloop
  endfacet
  facet normal -4.894178e-01 -8.720494e-01 -0.000000e+00
    outer loop
      vertex   -9.542758e+00 8.893421e-01 3.075000e+01
      vertex   -9.542758e+00 8.893421e-01 2.975000e+01
      vertex   -9.479060e+00 8.535931e-01 3.075000e+01
    endloop
  endfacet
  facet normal -4.894178e-01 -8.720494e-01 -2.904508e-16
    outer loop
      vertex   -9.479060e+00 8.535931e-01 3.075000e+01
      vertex   -9.542758e+00 8.893421e-01 2.975000e+01
      vertex   -9.479060e+00 8.535931e-01 2.975000e+01
    endloop
  endfacet
  facet normal -5.517677e-01 -8.339978e-01 -2.777771e-16
    outer loop
      vertex   -9.479060e+00 8.535931e-01 3.075000e+01
      vertex   -9.479060e+00 8.535931e-01 2.975000e+01
      vertex   -9.418141e+00 8.132897e-01 3.075000e+01
    endloop
  endfacet
  facet normal -5.517677e-01 -8.339978e-01 7.023593e-16
    outer loop
      vertex   -9.418141e+00 8.132897e-01 3.075000e+01
      vertex   -9.479060e+00 8.535931e-01 2.975000e+01
      vertex   -9.418141e+00 8.132897e-01 2.975000e+01
    endloop
  endfacet
  facet normal -6.111737e-01 -7.914965e-01 8.220413e-16
    outer loop
      vertex   -9.418141e+00 8.132897e-01 3.075000e+01
      vertex   -9.418141e+00 8.132897e-01 2.975000e+01
      vertex   -9.360327e+00 7.686471e-01 3.075000e+01
    endloop
  endfacet
  facet normal -6.111737e-01 -7.914965e-01 -4.393688e-16
    outer loop
      vertex   -9.360327e+00 7.686471e-01 3.075000e+01
      vertex   -9.418141e+00 8.132897e-01 2.975000e+01
      vertex   -9.360327e+00 7.686471e-01 2.975000e+01
    endloop
  endfacet
  facet normal -6.673188e-01 -7.447722e-01 -4.134316e-16
    outer loop
      vertex   -9.360327e+00 7.686471e-01 3.075000e+01
      vertex   -9.360327e+00 7.686471e-01 2.975000e+01
      vertex   -9.305926e+00 7.199035e-01 3.075000e+01
    endloop
  endfacet
  facet normal -6.673188e-01 -7.447722e-01 1.020024e-15
    outer loop
      vertex   -9.305926e+00 7.199035e-01 3.075000e+01
      vertex   -9.360327e+00 7.686471e-01 2.975000e+01
      vertex   -9.305926e+00 7.199035e-01 2.975000e+01
    endloop
  endfacet
  facet normal -7.199035e-01 -6.940742e-01 1.124690e-15
    outer loop
      vertex   -9.305926e+00 7.199035e-01 3.075000e+01
      vertex   -9.305926e+00 7.199035e-01 2.975000e+01
      vertex   -9.255228e+00 6.673188e-01 3.075000e+01
    endloop
  endfacet
  facet normal -7.199035e-01 -6.940742e-01 -2.311731e-16
    outer loop
      vertex   -9.255228e+00 6.673188e-01 3.075000e+01
      vertex   -9.305926e+00 7.199035e-01 2.975000e+01
      vertex   -9.255228e+00 6.673188e-01 2.975000e+01
    endloop
  endfacet
  facet normal -7.686471e-01 -6.396730e-01 -2.130539e-16
    outer loop
      vertex   -9.255228e+00 6.673188e-01 3.075000e+01
      vertex   -9.255228e+00 6.673188e-01 2.975000e+01
      vertex   -9.208504e+00 6.111737e-01 3.075000e+01
    endloop
  endfacet
  facet normal -7.686471e-01 -6.396730e-01 -0.000000e+00
    outer loop
      vertex   -9.208504e+00 6.111737e-01 3.075000e+01
      vertex   -9.255228e+00 6.673188e-01 2.975000e+01
      vertex   -9.208504e+00 6.111737e-01 2.975000e+01
    endloop
  endfacet
  facet normal -8.132897e-01 -5.818589e-01 -0.000000e+00
    outer loop
      vertex   -9.208504e+00 6.111737e-01 3.075000e+01
      vertex   -9.208504e+00 6.111737e-01 2.975000e+01
      vertex   -9.166002e+00 5.517677e-01 3.075000e+01
    endloop
  endfacet
  facet normal -8.132897e-01 -5.818589e-01 -1.937979e-16
    outer loop
      vertex   -9.166002e+00 5.517677e-01 3.075000e+01
      vertex   -9.208504e+00 6.111737e-01 2.975000e+01
      vertex   -9.166002e+00 5.517677e-01 2.975000e+01
    endloop
  endfacet
  facet normal -8.535931e-01 -5.209403e-01 -1.735080e-16
    outer loop
      vertex   -9.166002e+00 5.517677e-01 3.075000e+01
      vertex   -9.166002e+00 5.517677e-01 2.975000e+01
      vertex   -9.127951e+00 4.894178e-01 3.075000e+01
    endloop
  endfacet
  facet normal -8.535931e-01 -5.209403e-01 -2.024260e-16
    outer loop
      vertex   -9.127951e+00 4.894178e-01 3.075000e+01
      vertex   -9.166002e+00 5.517677e-01 2.975000e+01
      vertex   -9.127951e+00 4.894178e-01 2.975000e+01
    endloop
  endfacet
  facet normal -8.893421e-01 -4.572423e-01 -1.776743e-16
    outer loop
      vertex   -9.127951e+00 4.894178e-01 3.075000e+01
      vertex   -9.127951e+00 4.894178e-01 2.975000e+01
      vertex   -9.094552e+00 4.244567e-01 3.075000e+01
    endloop
  endfacet
  facet normal -8.893421e-01 -4.572423e-01 -1.522923e-16
    outer loop
      vertex   -9.094552e+00 4.244567e-01 3.075000e+01
      vertex   -9.127951e+00 4.894178e-01 2.975000e+01
      vertex   -9.094552e+00 4.244567e-01 2.975000e+01
    endloop
  endfacet
  facet normal -9.203462e-01 -3.911047e-01 -1.302640e-16
    outer loop
      vertex   -9.094552e+00 4.244567e-01 3.075000e+01
      vertex   -9.094552e+00 4.244567e-01 2.975000e+01
      vertex   -9.065984e+00 3.572309e-01 3.075000e+01
    endloop
  endfacet
  facet normal -9.203462e-01 -3.911047e-01 -0.000000e+00
    outer loop
      vertex   -9.065984e+00 3.572309e-01 3.075000e+01
      vertex   -9.094552e+00 4.244567e-01 2.975000e+01
      vertex   -9.065984e+00 3.572309e-01 2.975000e+01
    endloop
  endfacet
  facet normal -9.464398e-01 -3.228804e-01 -0.000000e+00
    outer loop
      vertex   -9.065984e+00 3.572309e-01 3.075000e+01
      vertex   -9.065984e+00 3.572309e-01 2.975000e+01
      vertex   -9.042399e+00 2.880991e-01 3.075000e+01
    endloop
  endfacet
  facet normal -9.464398e-01 -3.228804e-01 -1.433877e-16
    outer loop
      vertex   -9.042399e+00 2.880991e-01 3.075000e+01
      vertex   -9.065984e+00 3.572309e-01 2.975000e+01
      vertex   -9.042399e+00 2.880991e-01 2.975000e+01
    endloop
  endfacet
  facet normal -9.674837e-01 -2.529334e-01 -1.123250e-16
    outer loop
      vertex   -9.042399e+00 2.880991e-01 3.075000e+01
      vertex   -9.042399e+00 2.880991e-01 2.975000e+01
      vertex   -9.023924e+00 2.174302e-01 3.075000e+01
    endloop
  endfacet
  facet normal -9.674837e-01 -2.529334e-01 -1.053047e-16
    outer loop
      vertex   -9.023924e+00 2.174302e-01 3.075000e+01
      vertex   -9.042399e+00 2.880991e-01 2.975000e+01
      vertex   -9.023924e+00 2.174302e-01 2.975000e+01
    endloop
  endfacet
  facet normal -9.833657e-01 -1.816369e-01 -7.562153e-17
    outer loop
      vertex   -9.023924e+00 2.174302e-01 3.075000e+01
      vertex   -9.023924e+00 2.174302e-01 2.975000e+01
      vertex   -9.010657e+00 1.456012e-01 3.075000e+01
    endloop
  endfacet
  facet normal -9.833657e-01 -1.816369e-01 -8.066297e-17
    outer loop
      vertex   -9.010657e+00 1.456012e-01 3.075000e+01
      vertex   -9.023924e+00 2.174302e-01 2.975000e+01
      vertex   -9.010657e+00 1.456012e-01 2.975000e+01
    endloop
  endfacet
  facet normal -9.940010e-01 -1.093712e-01 -4.857057e-17
    outer loop
      vertex   -9.010657e+00 1.456012e-01 3.075000e+01
      vertex   -9.010657e+00 1.456012e-01 2.975000e+01
      vertex   -9.002668e+00 7.299531e-02 3.075000e+01
    endloop
  endfacet
  facet normal -9.940010e-01 -1.093712e-01 -4.857057e-17
    outer loop
      vertex   -9.002668e+00 7.299531e-02 3.075000e+01
      vertex   -9.010657e+00 1.456012e-01 2.975000e+01
      vertex   -9.002668e+00 7.299531e-02 2.975000e+01
    endloop
  endfacet
  facet normal -9.993328e-01 -3.652202e-02 -1.621904e-17
    outer loop
      vertex   -9.002668e+00 7.299531e-02 3.075000e+01
      vertex   -9.002668e+00 7.299531e-02 2.975000e+01
      vertex   -9.000000e+00 0.000000e+00 3.075000e+01
    endloop
  endfacet
  facet normal -9.993328e-01 -3.652202e-02 -0.000000e+00
    outer loop
      vertex   -9.000000e+00 0.000000e+00 3.075000e+01
      vertex   -9.002668e+00 7.299531e-02 2.975000e+01
      vertex   -9.000000e+00 0.000000e+00 2.975000e+01
    endloop
  endfacet
  facet normal -9.993328e-01 3.652202e-02 0.000000e+00
    outer loop
      vertex   -9.000000e+00 0.000000e+00 3.075000e+01
      vertex   -9.000000e+00 0.000000e+00 2.975000e+01
      vertex   -9.002668e+00 -7.299531e-02 3.075000e+01
    endloop
  endfacet
  facet normal -9.993328e-01 3.652202e-02 1.621904e-17
    outer loop
      vertex   -9.002668e+00 -7.299531e-02 3.075000e+01
      vertex   -9.000000e+00 0.000000e+00 2.975000e+01
      vertex   -9.002668e+00 -7.299531e-02 2.975000e+01
    endloop
  endfacet
  facet normal -9.940010e-01 1.093712e-01 4.857057e-17
    outer loop
      vertex   -9.002668e+00 -7.299531e-02 3.075000e+01
      vertex   -9.002668e+00 -7.299531e-02 2.975000e+01
      vertex   -9.010657e+00 -1.456012e-01 3.075000e+01
    endloop
  endfacet
  facet normal -9.940010e-01 1.093712e-01 4.857057e-17
    outer loop
      vertex   -9.010657e+00 -1.456012e-01 3.075000e+01
      vertex   -9.002668e+00 -7.299531e-02 2.975000e+01
      vertex   -9.010657e+00 -1.456012e-01 2.975000e+01
    endloop
  endfacet
  facet normal -9.833657e-01 1.816369e-01 8.066297e-17
    outer loop
      vertex   -9.010657e+00 -1.456012e-01 3.075000e+01
      vertex   -9.010657e+00 -1.456012e-01 2.975000e+01
      vertex   -9.023924e+00 -2.174302e-01 3.075000e+01
    endloop
  endfacet
  facet normal -9.833657e-01 1.816369e-01 7.562153e-17
    outer loop
      vertex   -9.023924e+00 -2.174302e-01 3.075000e+01
      vertex   -9.010657e+00 -1.456012e-01 2.975000e+01
      vertex   -9.023924e+00 -2.174302e-01 2.975000e+01
    endloop
  endfacet
  facet normal -9.674837e-01 2.529334e-01 1.053047e-16
    outer loop
      vertex   -9.023924e+00 -2.174302e-01 3.075000e+01
      vertex   -9.023924e+00 -2.174302e-01 2.975000e+01
      vertex   -9.042399e+00 -2.880991e-01 3.075000e+01
    endloop
  endfacet
  facet normal -9.674837e-01 2.529334e-01 1.123250e-16
    outer loop
      vertex   -9.042399e+00 -2.880991e-01 3.075000e+01
      vertex   -9.023924e+00 -2.174302e-01 2.975000e+01
      vertex   -9.042399e+00 -2.880991e-01 2.975000e+01
    endloop
  endfacet
  facet normal -9.464398e-01 3.228804e-01 1.433877e-16
    outer loop
      vertex   -9.042399e+00 -2.880991e-01 3.075000e+01
      vertex   -9.042399e+00 -2.880991e-01 2.975000e+01
      vertex   -9.065984e+00 -3.572309e-01 3.075000e+01
    endloop
  endfacet
  facet normal -9.464398e-01 3.228804e-01 0.000000e+00
    outer loop
      vertex   -9.065984e+00 -3.572309e-01 3.075000e+01
      vertex   -9.042399e+00 -2.880991e-01 2.975000e+01
      vertex   -9.065984e+00 -3.572309e-01 2.975000e+01
    endloop
  endfacet
  facet normal -9.203462e-01 3.911047e-01 0.000000e+00
    outer loop
      vertex   -9.065984e+00 -3.572309e-01 3.075000e+01
      vertex   -9.065984e+00 -3.572309e-01 2.975000e+01
      vertex   -9.094552e+00 -4.244567e-01 3.075000e+01
    endloop
  endfacet
  facet normal -9.203462e-01 3.911047e-01 1.302640e-16
    outer loop
      vertex   -9.094552e+00 -4.244567e-01 3.075000e+01
      vertex   -9.065984e+00 -3.572309e-01 2.975000e+01
      vertex   -9.094552e+00 -4.244567e-01 2.975000e+01
    endloop
  endfacet
  facet normal -8.893421e-01 4.572423e-01 1.522923e-16
    outer loop
      vertex   -9.094552e+00 -4.244567e-01 3.075000e+01
      vertex   -9.094552e+00 -4.244567e-01 2.975000e+01
      vertex   -9.127951e+00 -4.894178e-01 3.075000e+01
    endloop
  endfacet
  facet normal -8.893421e-01 4.572423e-01 1.776743e-16
    outer loop
      vertex   -9.127951e+00 -4.894178e-01 3.075000e+01
      vertex   -9.094552e+00 -4.244567e-01 2.975000e+01
      vertex   -9.127951e+00 -4.894178e-01 2.975000e+01
    endloop
  endfacet
  facet normal -8.535931e-01 5.209403e-01 2.024260e-16
    outer loop
      vertex   -9.127951e+00 -4.894178e-01 3.075000e+01
      vertex   -9.127951e+00 -4.894178e-01 2.975000e+01
      vertex   -9.166002e+00 -5.517677e-01 3.075000e+01
    endloop
  endfacet
  facet normal -8.535931e-01 5.209403e-01 1.735080e-16
    outer loop
      vertex   -9.166002e+00 -5.517677e-01 3.075000e+01
      vertex   -9.127951e+00 -4.894178e-01 2.975000e+01
      vertex   -9.166002e+00 -5.517677e-01 2.975000e+01
    endloop
  endfacet
  facet normal -8.132897e-01 5.818589e-01 1.937979e-16
    outer loop
      vertex   -9.166002e+00 -5.517677e-01 3.075000e+01
      vertex   -9.166002e+00 -5.517677e-01 2.975000e+01
      vertex   -9.208504e+00 -6.111737e-01 3.075000e+01
    endloop
  endfacet
  facet normal -8.132897e-01 5.818589e-01 0.000000e+00
    outer loop
      vertex   -9.208504e+00 -6.111737e-01 3.075000e+01
      vertex   -9.166002e+00 -5.517677e-01 2.975000e+01
      vertex   -9.208504e+00 -6.111737e-01 2.975000e+01
    endloop
  endfacet
  facet normal -7.686471e-01 6.396730e-01 0.000000e+00
    outer loop
      vertex   -9.208504e+00 -6.111737e-01 3.075000e+01
      vertex   -9.208504e+00 -6.111737e-01 2.975000e+01
      vertex   -9.255228e+00 -6.673188e-01 3.075000e+01
    endloop
  endfacet
  facet normal -7.686471e-01 6.396730e-01 2.130539e-16
    outer loop
      vertex   -9.255228e+00 -6.673188e-01 3.075000e+01
      vertex   -9.208504e+00 -6.111737e-01 2.975000e+01
      vertex   -9.255228e+00 -6.673188e-01 2.975000e+01
    endloop
  endfacet
  facet normal -7.199035e-01 6.940742e-01 2.311731e-16
    outer loop
      vertex   -9.255228e+00 -6.673188e-01 3.075000e+01
      vertex   -9.255228e+00 -6.673188e-01 2.975000e+01
      vertex   -9.305926e+00 -7.199035e-01 3.075000e+01
    endloop
  endfacet
  facet normal -7.199035e-01 6.940742e-01 -1.124690e-15
    outer loop
      vertex   -9.305926e+00 -7.199035e-01 3.075000e+01
      vertex   -9.255228e+00 -6.673188e-01 2.975000e+01
      vertex   -9.305926e+00 -7.199035e-01 2.975000e+01
    endloop
  endfacet
  facet normal -6.673188e-01 7.447722e-01 -1.020024e-15
    outer loop
      vertex   -9.305926e+00 -7.199035e-01 3.075000e+01
      vertex   -9.305926e+00 -7.199035e-01 2.975000e+01
      vertex   -9.360327e+00 -7.686471e-01 3.075000e+01
    endloop
  endfacet
  facet normal -6.673188e-01 7.447722e-01 4.134316e-16
    outer loop
      vertex   -9.360327e+00 -7.686471e-01 3.075000e+01
      vertex   -9.305926e+00 -7.199035e-01 2.975000e+01
      vertex   -9.360327e+00 -7.686471e-01 2.975000e+01
    endloop
  endfacet
  facet normal -6.111737e-01 7.914965e-01 4.393688e-16
    outer loop
      vertex   -9.360327e+00 -7.686471e-01 3.075000e+01
      vertex   -9.360327e+00 -7.686471e-01 2.975000e+01
      vertex   -9.418141e+00 -8.132897e-01 3.075000e+01
    endloop
  endfacet
  facet normal -6.111737e-01 7.914965e-01 -8.220413e-16
    outer loop
      vertex   -9.418141e+00 -8.132897e-01 3.075000e+01
      vertex   -9.360327e+00 -7.686471e-01 2.975000e+01
      vertex   -9.418141e+00 -8.132897e-01 2.975000e+01
    endloop
  endfacet
  facet normal -5.517677e-01 8.339978e-01 -7.023593e-16
    outer loop
      vertex   -9.418141e+00 -8.132897e-01 3.075000e+01
      vertex   -9.418141e+00 -8.132897e-01 2.975000e+01
      vertex   -9.479060e+00 -8.535931e-01 3.075000e+01
    endloop
  endfacet
  facet normal -5.517677e-01 8.339978e-01 2.777771e-16
    outer loop
      vertex   -9.479060e+00 -8.535931e-01 3.075000e+01
      vertex   -9.418141e+00 -8.132897e-01 2.975000e+01
      vertex   -9.479060e+00 -8.535931e-01 2.975000e+01
    endloop
  endfacet
  facet normal -4.894178e-01 8.720494e-01 2.904508e-16
    outer loop
      vertex   -9.479060e+00 -8.535931e-01 3.075000e+01
      vertex   -9.479060e+00 -8.535931e-01 2.975000e+01
      vertex   -9.542758e+00 -8.893421e-01 3.075000e+01
    endloop
  endfacet
  facet normal -4.894178e-01 8.720494e-01 0.000000e+00
    outer loop
      vertex   -9.542758e+00 -8.893421e-01 3.075000e+01
      vertex   -9.479060e+00 -8.535931e-01 2.975000e+01
      vertex   -9.542758e+00 -8.893421e-01 2.975000e+01
    endloop
  endfacet
  facet normal -4.244567e-01 9.054482e-01 0.000000e+00
    outer loop
      vertex   -9.542758e+00 -8.893421e-01 3.075000e+01
      vertex   -9.542758e+00 -8.893421e-01 2.975000e+01
      vertex   -9.608895e+00 -9.203462e-01 3.075000e+01
    endloop
  endfacet
  facet normal -4.244567e-01 9.054482e-01 -4.524117e-16
    outer loop
      vertex   -9.608895e+00 -9.203462e-01 3.075000e+01
      vertex   -9.542758e+00 -8.893421e-01 2.975000e+01
      vertex   -9.608895e+00 -9.203462e-01 2.975000e+01
    endloop
  endfacet
  facet normal -3.572309e-01 9.340161e-01 -3.234797e-16
    outer loop
      vertex   -9.608895e+00 -9.203462e-01 3.075000e+01
      vertex   -9.608895e+00 -9.203462e-01 2.975000e+01
      vertex   -9.677120e+00 -9.464398e-01 3.075000e+01
    endloop
  endfacet
  facet normal -3.572309e-01 9.340161e-01 -4.271763e-16
    outer loop
      vertex   -9.677120e+00 -9.464398e-01 3.075000e+01
      vertex   -9.608895e+00 -9.203462e-01 2.975000e+01
      vertex   -9.677120e+00 -9.464398e-01 2.975000e+01
    endloop
  endfacet
  facet normal -2.880991e-01 9.576006e-01 -2.991368e-16
    outer loop
      vertex   -9.677120e+00 -9.464398e-01 3.075000e+01
      vertex   -9.677120e+00 -9.464398e-01 2.975000e+01
      vertex   -9.747067e+00 -9.674837e-01 3.075000e+01
    endloop
  endfacet
  facet normal -2.880991e-01 9.576006e-01 -4.054518e-16
    outer loop
      vertex   -9.747067e+00 -9.674837e-01 3.075000e+01
      vertex   -9.677120e+00 -9.464398e-01 2.975000e+01
      vertex   -9.747067e+00 -9.674837e-01 2.975000e+01
    endloop
  endfacet
  facet normal -2.174302e-01 9.760759e-01 -2.778674e-16
    outer loop
      vertex   -9.747067e+00 -9.674837e-01 3.075000e+01
      vertex   -9.747067e+00 -9.674837e-01 2.975000e+01
      vertex   -9.818363e+00 -9.833657e-01 3.075000e+01
    endloop
  endfacet
  facet normal -2.174302e-01 9.760759e-01 2.167324e-16
    outer loop
      vertex   -9.818363e+00 -9.833657e-01 3.075000e+01
      vertex   -9.747067e+00 -9.674837e-01 2.975000e+01
      vertex   -9.818363e+00 -9.833657e-01 2.975000e+01
    endloop
  endfacet
  facet normal -1.456012e-01 9.893434e-01 2.196784e-16
    outer loop
      vertex   -9.818363e+00 -9.833657e-01 3.075000e+01
      vertex   -9.818363e+00 -9.833657e-01 2.975000e+01
      vertex   -9.890629e+00 -9.940010e-01 3.075000e+01
    endloop
  endfacet
  facet normal -1.456012e-01 9.893434e-01 0.000000e+00
    outer loop
      vertex   -9.890629e+00 -9.940010e-01 3.075000e+01
      vertex   -9.818363e+00 -9.833657e-01 2.975000e+01
      vertex   -9.890629e+00 -9.940010e-01 2.975000e+01
    endloop
  endfacet
  facet normal -7.299531e-02 9.973323e-01 0.000000e+00
    outer loop
      vertex   -9.890629e+00 -9.940010e-01 3.075000e+01
      vertex   -9.890629e+00 -9.940010e-01 2.975000e+01
      vertex   -9.963478e+00 -9.993328e-01 3.075000e+01
    endloop
  endfacet
  facet normal -7.299531e-02 9.973323e-01 0.000000e+00
    outer loop
      vertex   -9.963478e+00 -9.993328e-01 3.075000e+01
      vertex   -9.890629e+00 -9.940010e-01 2.975000e+01
      vertex   -9.963478e+00 -9.993328e-01 2.975000e+01
    endloop
  endfacet
  facet normal 0.000000e+00 1.000000e+00 0.000000e+00
    outer loop
      vertex   -9.963478e+00 -9.993328e-01 3.075000e+01
      vertex   -9.963478e+00 -9.993328e-01 2.975000e+01
      vertex   -1.003652e+01 -9.993328e-01 3.075000e+01
    endloop
  endfacet
  facet normal 0.000000e+00 1.000000e+00 0.000000e+00
    outer loop
      vertex   -1.003652e+01 -9.993328e-01 3.075000e+01
      vertex   -9.963478e+00 -9.993328e-01 2.975000e+01
      vertex   -1.003652e+01 -9.993328e-01 2.975000e+01
    endloop
  endfacet
  facet normal 7.299531e-02 9.973323e-01 0.000000e+00
    outer loop
      vertex   -1.003652e+01 -9.993328e-01 3.075000e+01
      vertex   -1.003652e+01 -9.993328e-01 2.975000e+01
      vertex   -1.010937e+01 -9.940010e-01 3.075000e+01
    endloop
  endfacet
  facet normal 7.299531e-02 9.973323e-01 2.593315e-16
    outer loop
      vertex   -1.010937e+01 -9.940010e-01 3.075000e+01
      vertex   -1.003652e+01 -9.993328e-01 2.975000e+01
      vertex   -1.010937e+01 -9.940010e-01 2.975000e+01
    endloop
  endfacet
  facet normal 1.456012e-01 9.893434e-01 5.172793e-16
    outer loop
      vertex   -1.010937e+01 -9.940010e-01 3.075000e+01
      vertex   -1.010937e+01 -9.940010e-01 2.975000e+01
      vertex   -1.018164e+01 -9.833657e-01 3.075000e+01
    endloop
  endfacet
  facet normal 1.456012e-01 9.893434e-01 -2.196784e-16
    outer loop
      vertex   -1.018164e+01 -9.833657e-01 3.075000e+01
      vertex   -1.010937e+01 -9.940010e-01 2.975000e+01
      vertex   -1.018164e+01 -9.833657e-01 2.975000e+01
    endloop
  endfacet
  facet normal 2.174302e-01 9.760759e-01 -2.167324e-16
    outer loop
      vertex   -1.018164e+01 -9.833657e-01 3.075000e+01
      vertex   -1.018164e+01 -9.833657e-01 2.975000e+01
      vertex   -1.025293e+01 -9.674837e-01 3.075000e+01
    endloop
  endfacet
  facet normal 2.174302e-01 9.760759e-01 0.000000e+00
    outer loop
      vertex   -1.025293e+01 -9.674837e-01 3.075000e+01
      vertex   -1.018164e+01 -9.833657e-01 2.975000e+01
      vertex   -1.025293e+01 -9.674837e-01 2.975000e+01
    endloop
  endfacet
  facet normal 2.880991e-01 9.576006e-01 0.000000e+00
    outer loop
      vertex   -1.025293e+01 -9.674837e-01 3.075000e+01
      vertex   -1.025293e+01 -9.674837e-01 2.975000e+01
      vertex   -1.032288e+01 -9.464398e-01 3.075000e+01
    endloop
  endfacet
  facet normal 2.880991e-01 9.576006e-01 -1.063150e-16
    outer loop
      vertex   -1.032288e+01 -9.464398e-01 3.075000e+01
      vertex   -1.025293e+01 -9.674837e-01 2.975000e+01
      vertex   -1.032288e+01 -9.464398e-01 2.975000e+01
    endloop
  endfacet
  facet normal 3.572309e-01 9.340161e-01 -1.036966e-16
    outer loop
      vertex   -1.032288e+01 -9.464398e-01 3.075000e+01
      vertex   -1.032288e+01 -9.464398e-01 2.975000e+01
      vertex   -1.039110e+01 -9.203462e-01 3.075000e+01
    endloop
  endfacet
  facet normal 3.572309e-01 9.340161e-01 -4.147865e-16
    outer loop
      vertex   -1.039110e+01 -9.203462e-01 3.075000e+01
      vertex   -1.032288e+01 -9.464398e-01 2.975000e+01
      vertex   -1.039110e+01 -9.203462e-01 2.975000e+01
    endloop
  endfacet
  facet normal 4.244567e-01 9.054482e-01 -4.020998e-16
    outer loop
      vertex   -1.039110e+01 -9.203462e-01 3.075000e+01
      vertex   -1.039110e+01 -9.203462e-01 2.975000e+01
      vertex   -1.045724e+01 -8.893421e-01 3.075000e+01
    endloop
  endfacet
  facet normal 4.244567e-01 9.054482e-01 0.000000e+00
    outer loop
      vertex   -1.045724e+01 -8.893421e-01 3.075000e+01
      vertex   -1.039110e+01 -9.203462e-01 2.975000e+01
      vertex   -1.045724e+01 -8.893421e-01 2.975000e+01
    endloop
  endfacet
  facet normal 4.894178e-01 8.720494e-01 0.000000e+00
    outer loop
      vertex   -1.045724e+01 -8.893421e-01 3.075000e+01
      vertex   -1.045724e+01 -8.893421e-01 2.975000e+01
      vertex   -1.052094e+01 -8.535931e-01 3.075000e+01
    endloop
  endfacet
  facet normal 4.894178e-01 8.720494e-01 -2.904508e-16
    outer loop
      vertex   -1.052094e+01 -8.535931e-01 3.075000e+01
      vertex   -1.045724e+01 -8.893421e-01 2.975000e+01
      vertex   -1.052094e+01 -8.535931e-01 2.975000e+01
    endloop
  endfacet
  facet normal 5.517677e-01 8.339978e-01 -2.777771e-16
    outer loop
      vertex   -1.052094e+01 -8.535931e-01 3.075000e+01
      vertex   -1.052094e+01 -8.535931e-01 2.975000e+01
      vertex   -1.058186e+01 -8.132897e-01 3.075000e+01
    endloop
  endfacet
  facet normal 5.517677e-01 8.339978e-01 0.000000e+00
    outer loop
      vertex   -1.058186e+01 -8.132897e-01 3.075000e+01
      vertex   -1.052094e+01 -8.535931e-01 2.975000e+01
      vertex   -1.058186e+01 -8.132897e-01 2.975000e+01
    endloop
  endfacet
  facet normal 6.111737e-01 7.914965e-01 0.000000e+00
    outer loop
      vertex   -1.058186e+01 -8.132897e-01 3.075000e+01
      vertex   -1.058186e+01 -8.132897e-01 2.975000e+01
      vertex   -1.063967e+01 -7.686471e-01 3.075000e+01
    endloop
  endfacet
  facet normal 6.111737e-01 7.914965e-01 0.000000e+00
    outer loop
      vertex   -1.063967e+01 -7.686471e-01 3.075000e+01
      vertex   -1.058186e+01 -8.132897e-01 2.975000e+01
      vertex   -1.063967e+01 -7.686471e-01 2.975000e+01
    endloop
  endfacet
  facet normal 6.673188e-01 7.447722e-01 0.000000e+00
    outer loop
      vertex   -1.063967e+01 -7.686471e-01 3.075000e+01
      vertex   -1.063967e+01 -7.686471e-01 2.975000e+01
      vertex   -1.069407e+01 -7.199035e-01 3.075000e+01
    endloop
  endfacet
  facet normal 6.673188e-01 7.447722e-01 -4.961179e-16
    outer loop
      vertex   -1.069407e+01 -7.199035e-01 3.075000e+01
      vertex   -1.063967e+01 -7.686471e-01 2.975000e+01
      vertex   -1.069407e+01 -7.199035e-01 2.975000e+01
    endloop
  endfacet
  facet normal 7.199035e-01 6.940742e-01 -4.623463e-16
    outer loop
      vertex   -1.069407e+01 -7.199035e-01 3.075000e+01
      vertex   -1.069407e+01 -7.199035e-01 2.975000e+01
      vertex   -1.074477e+01 -6.673188e-01 3.075000e+01
    endloop
  endfacet
  facet normal 7.199035e-01 6.940742e-01 0.000000e+00
    outer loop
      vertex   -1.074477e+01 -6.673188e-01 3.075000e+01
      vertex   -1.069407e+01 -7.199035e-01 2.975000e+01
      vertex   -1.074477e+01 -6.673188e-01 2.975000e+01
    endloop
  endfacet
  facet normal 7.686471e-01 6.396730e-01 0.000000e+00
    outer loop
      vertex   -1.074477e+01 -6.673188e-01 3.075000e+01
      vertex   -1.074477e+01 -6.673188e-01 2.975000e+01
      vertex   -1.079150e+01 -6.111737e-01 3.075000e+01
    endloop
  endfacet
  facet normal 7.686471e-01 6.396730e-01 -2.130539e-16
    outer loop
      vertex   -1.079150e+01 -6.111737e-01 3.075000e+01
      vertex   -1.074477e+01 -6.673188e-01 2.975000e+01
      vertex   -1.079150e+01 -6.111737e-01 2.975000e+01
    endloop
  endfacet
  facet normal 8.132897e-01 5.818589e-01 -1.937979e-16
    outer loop
      vertex   -1.079150e+01 -6.111737e-01 3.075000e+01
      vertex   -1.079150e+01 -6.111737e-01 2.975000e+01
      vertex   -1.083400e+01 -5.517677e-01 3.075000e+01
    endloop
  endfacet
  facet normal 8.132897e-01 5.818589e-01 -4.521952e-16
    outer loop
      vertex   -1.083400e+01 -5.517677e-01 3.075000e+01
      vertex   -1.079150e+01 -6.111737e-01 2.975000e+01
      vertex   -1.083400e+01 -5.517677e-01 2.975000e+01
    endloop
  endfacet
  facet normal 8.535931e-01 5.209403e-01 -4.048520e-16
    outer loop
      vertex   -1.083400e+01 -5.517677e-01 3.075000e+01
      vertex   -1.083400e+01 -5.517677e-01 2.975000e+01
      vertex   -1.087205e+01 -4.894178e-01 3.075000e+01
    endloop
  endfacet
  facet normal 8.535931e-01 5.209403e-01 0.000000e+00
    outer loop
      vertex   -1.087205e+01 -4.894178e-01 3.075000e+01
      vertex   -1.083400e+01 -5.517677e-01 2.975000e+01
      vertex   -1.087205e+01 -4.894178e-01 2.975000e+01
    endloop
  endfacet
  facet normal 8.893421e-01 4.572423e-01 0.000000e+00
    outer loop
      vertex   -1.087205e+01 -4.894178e-01 3.075000e+01
      vertex   -1.087205e+01 -4.894178e-01 2.975000e+01
      vertex   -1.090545e+01 -4.244567e-01 3.075000e+01
    endloop
  endfacet
  facet normal 8.893421e-01 4.572423e-01 -1.522923e-16
    outer loop
      vertex   -1.090545e+01 -4.244567e-01 3.075000e+01
      vertex   -1.087205e+01 -4.894178e-01 2.975000e+01
      vertex   -1.090545e+01 -4.244567e-01 2.975000e+01
    endloop
  endfacet
  facet normal 9.203462e-01 3.911047e-01 -1.302640e-16
    outer loop
      vertex   -1.090545e+01 -4.244567e-01 3.075000e+01
      vertex   -1.090545e+01 -4.244567e-01 2.975000e+01
      vertex   -1.093402e+01 -3.572309e-01 3.075000e+01
    endloop
  endfacet
  facet normal 9.203462e-01 3.911047e-01 0.000000e+00
    outer loop
      vertex   -1.093402e+01 -3.572309e-01 3.075000e+01
      vertex   -1.090545e+01 -4.244567e-01 2.975000e+01
      vertex   -1.093402e+01 -3.572309e-01 2.975000e+01
    endloop
  endfacet
  facet normal 9.464398e-01 3.228804e-01 0.000000e+00
    outer loop
      vertex   -1.093402e+01 -3.572309e-01 3.075000e+01
      vertex   -1.093402e+01 -3.572309e-01 2.975000e+01
      vertex   -1.095760e+01 -2.880991e-01 3.075000e+01
    endloop
  endfacet
  facet normal 9.464398e-01 3.228804e-01 -1.433877e-16
    outer loop
      vertex   -1.095760e+01 -2.880991e-01 3.075000e+01
      vertex   -1.093402e+01 -3.572309e-01 2.975000e+01
      vertex   -1.095760e+01 -2.880991e-01 2.975000e+01
    endloop
  endfacet
  facet normal 9.674837e-01 2.529334e-01 -1.123250e-16
    outer loop
      vertex   -1.095760e+01 -2.880991e-01 3.075000e+01
      vertex   -1.095760e+01 -2.880991e-01 2.975000e+01
      vertex   -1.097608e+01 -2.174302e-01 3.075000e+01
    endloop
  endfacet
  facet normal 9.674837e-01 2.529334e-01 -2.106093e-16
    outer loop
      vertex   -1.097608e+01 -2.174302e-01 3.075000e+01
      vertex   -1.095760e+01 -2.880991e-01 2.975000e+01
      vertex   -1.097608e+01 -2.174302e-01 2.975000e+01
    endloop
  endfacet
  facet normal 9.833657e-01 1.816369e-01 -1.512431e-16
    outer loop
      vertex   -1.097608e+01 -2.174302e-01 3.075000e+01
      vertex   -1.097608e+01 -2.174302e-01 2.975000e+01
      vertex   -1.098934e+01 -1.456012e-01 3.075000e+01
    endloop
  endfacet
  facet normal 9.833657e-01 1.816369e-01 0.000000e+00
    outer loop
      vertex   -1.098934e+01 -1.456012e-01 3.075000e+01
      vertex   -1.097608e+01 -2.174302e-01 2.975000e+01
      vertex   -1.098934e+01 -1.456012e-01 2.975000e+01
    endloop
  endfacet
  facet normal 9.940010e-01 1.093712e-01 0.000000e+00
    outer loop
      vertex   -1.098934e+01 -1.456012e-01 3.075000e+01
      vertex   -1.098934e+01 -1.456012e-01 2.975000e+01
      vertex   -1.099733e+01 -7.299531e-02 3.075000e+01
    endloop
  endfacet
  facet normal 9.940010e-01 1.093712e-01 -4.857057e-17
    outer loop
      vertex   -1.099733e+01 -7.299531e-02 3.075000e+01
      vertex   -1.098934e+01 -1.456012e-01 2.975000e+01
      vertex   -1.099733e+01 -7.299531e-02 2.975000e+01
    endloop
  endfacet
  facet normal -9.998589e-01 1.679917e-02 0.000000e+00
    outer loop
      vertex   -1.474732e+01 1.595696e-01 3.075000e+01
      vertex   -1.474732e+01 1.595696e-01 2.975000e+01
      vertex   -1.475000e+01 -5.817072e-16 3.075000e+01
    endloop
  endfacet
  facet normal -9.998589e-01 1.679917e-02 0.000000e+00
    outer loop
      vertex   -1.475000e+01 -5.817072e-16 3.075000e+01
      vertex   -1.474732e+01 1.595696e-01 2.975000e+01
      vertex   -1.475000e+01 -5.817072e-16 2.975000e+01
    endloop
  endfacet
  facet normal -9.998589e-01 -1.679917e-02 -0.000000e+00
    outer loop
      vertex   -1.475000e+01 -5.817072e-16 3.075000e+01
      vertex   -1.475000e+01 -5.817072e-16 2.975000e+01
      vertex   -1.474732e+01 -1.595696e-01 3.075000e+01
    endloop
  endfacet
  facet normal -9.998589e-01 -1.679917e-02 -0.000000e+00
    outer loop
      vertex   -1.474732e+01 -1.595696e-01 3.075000e+01
      vertex   -1.475000e+01 -5.817072e-16 2.975000e+01
      vertex   -1.474732e+01 -1.595696e-01 2.975000e+01
    endloop
  endfacet
  facet normal -9.987302e-01 -5.037855e-02 -0.000000e+00
    outer loop
      vertex   -1.474732e+01 -1.595696e-01 3.075000e+01
      vertex   -1.474732e+01 -1.595696e-01 2.975000e+01
      vertex   -1.473928e+01 -3.189591e-01 3.075000e+01
    endloop
  endfacet
  facet normal -9.987302e-01 -5.037855e-02 -0.000000e+00
    outer loop
      vertex   -1.473928e+01 -3.189591e-01 3.075000e+01
      vertex   -1.474732e+01 -1.595696e-01 2.975000e+01
      vertex   -1.473928e+01 -3.189591e-01 2.975000e+01
    endloop
  endfacet
  facet normal -9.964741e-01 -8.390106e-02 -0.000000e+00
    outer loop
      vertex   -1.473928e+01 -3.189591e-01 3.075000e+01
      vertex   -1.473928e+01 -3.189591e-01 2.975000e+01
      vertex   -1.472589e+01 -4.779885e-01 3.075000e+01
    endloop
  endfacet
  facet normal -9.964741e-01 -8.390106e-02 -0.000000e+00
    outer loop
      vertex   -1.472589e+01 -4.779885e-01 3.075000e+01
      vertex   -1.473928e+01 -3.189591e-01 2.975000e+01
      vertex   -1.472589e+01 -4.779885e-01 2.975000e+01
    endloop
  endfacet
  facet normal -9.930931e-01 -1.173289e-01 -0.000000e+00
    outer loop
      vertex   -1.472589e+01 -4.779885e-01 3.075000e+01
      vertex   -1.472589e+01 -4.779885e-01 2.975000e+01
      vertex   -1.470716e+01 -6.364783e-01 3.075000e+01
    endloop
  endfacet
  facet normal -9.930931e-01 -1.173289e-01 -0.000000e+00
    outer loop
      vertex   -1.470716e+01 -6.364783e-01 3.075000e+01
      vertex   -1.472589e+01 -4.779885e-01 2.975000e+01
      vertex   -1.470716e+01 -6.364783e-01 2.975000e+01
    endloop
  endfacet
  facet normal -9.885911e-01 -1.506242e-01 -0.000000e+00
    outer loop
      vertex   -1.470716e+01 -6.364783e-01 3.075000e+01
      vertex   -1.470716e+01 -6.364783e-01 2.975000e+01
      vertex   -1.468313e+01 -7.942497e-01 3.075000e+01
    endloop
  endfacet
  facet normal -9.885911e-01 -1.506242e-01 -0.000000e+00
    outer loop
      vertex   -1.468313e+01 -7.942497e-01 3.075000e+01
      vertex   -1.470716e+01 -6.364783e-01 2.975000e+01
      vertex   -1.468313e+01 -7.942497e-01 2.975000e+01
    endloop
  endfacet
  facet normal -9.829731e-01 -1.837495e-01 -0.000000e+00
    outer loop
      vertex   -1.468313e+01 -7.942497e-01 3.075000e+01
      vertex   -1.468313e+01 -7.942497e-01 2.975000e+01
      vertex   -1.465380e+01 -9.511244e-01 3.075000e+01
    endloop
  endfacet
  facet normal -9.829731e-01 -1.837495e-01 -0.000000e+00
    outer loop
      vertex   -1.465380e+01 -9.511244e-01 3.075000e+01
      vertex   -1.468313e+01 -7.942497e-01 2.975000e+01
      vertex   -1.465380e+01 -9.511244e-01 2.975000e+01
    endloop
  endfacet
  facet normal -9.762455e-01 -2.166674e-01 -0.000000e+00
    outer loop
      vertex   -1.465380e+01 -9.511244e-01 3.075000e+01
      vertex   -1.465380e+01 -9.511244e-01 2.975000e+01
      vertex   -1.461922e+01 -1.106926e+00 3.075000e+01
    endloop
  endfacet
  facet normal -9.762455e-01 -2.166674e-01 -0.000000e+00
    outer loop
      vertex   -1.461922e+01 -1.106926e+00 3.075000e+01
      vertex   -1.465380e+01 -9.511244e-01 2.975000e+01
      vertex   -1.461922e+01 -1.106926e+00 2.975000e+01
    endloop
  endfacet
  facet normal -9.684158e-01 -2.493407e-01 -0.000000e+00
    outer loop
      vertex   -1.461922e+01 -1.106926e+00 3.075000e+01
      vertex   -1.461922e+01 -1.106926e+00 2.975000e+01
      vertex   -1.457943e+01 -1.261477e+00 3.075000e+01
    endloop
  endfacet
  facet normal -9.684158e-01 -2.493407e-01 -0.000000e+00
    outer loop
      vertex   -1.457943e+01 -1.261477e+00 3.075000e+01
      vertex   -1.461922e+01 -1.106926e+00 2.975000e+01
      vertex   -1.457943e+01 -1.261477e+00 2.975000e+01
    endloop
  endfacet
  facet normal -9.594930e-01 -2.817326e-01 -0.000000e+00
    outer loop
      vertex   -1.457943e+01 -1.261477e+00 3.075000e+01
      vertex   -1.457943e+01 -1.261477e+00 2.975000e+01
      vertex   -1.453447e+01 -1.414605e+00 3.075000e+01
    endloop
  endfacet
  facet normal -9.594930e-01 -2.817326e-01 -0.000000e+00
    outer loop
      vertex   -1.453447e+01 -1.414605e+00 3.075000e+01
      vertex   -1.457943e+01 -1.261477e+00 2.975000e+01
      vertex   -1.453447e+01 -1.414605e+00 2.975000e+01
    endloop
  endfacet
  facet normal -9.494870e-01 -3.138064e-01 -0.000000e+00
    outer loop
      vertex   -1.453447e+01 -1.414605e+00 3.075000e+01
      vertex   -1.453447e+01 -1.414605e+00 2.975000e+01
      vertex   -1.448439e+01 -1.566135e+00 3.075000e+01
    endloop
  endfacet
  facet normal -9.494870e-01 -3.138064e-01 -0.000000e+00
    outer loop
      vertex   -1.448439e+01 -1.566135e+00 3.075000e+01
      vertex   -1.453447e+01 -1.414605e+00 2.975000e+01
      vertex   -1.448439e+01 -1.566135e+00 2.975000e+01
    endloop
  endfacet
  facet normal -9.384092e-01 -3.455259e-01 -0.000000e+00
    outer loop
      vertex   -1.448439e+01 -1.566135e+00 3.075000e+01
      vertex   -1.448439e+01 -1.566135e+00 2.975000e+01
      vertex   -1.442924e+01 -1.715898e+00 3.075000e+01
    endloop
  endfacet
  facet normal -9.384092e-01 -3.455259e-01 -0.000000e+00
    outer loop
      vertex   -1.442924e+01 -1.715898e+00 3.075000e+01
      vertex   -1.448439e+01 -1.566135e+00 2.975000e+01
      vertex   -1.442924e+01 -1.715898e+00 2.975000e+01
    endloop
  endfacet
  facet normal -9.262721e-01 -3.768554e-01 -0.000000e+00
    outer loop
      vertex   -1.442924e+01 -1.715898e+00 3.075000e+01
      vertex   -1.442924e+01 -1.715898e+00 2.975000e+01
      vertex   -1.436910e+01 -1.863724e+00 3.075000e+01
    endloop
  endfacet
  facet normal -9.262721e-01 -3.768554e-01 -0.000000e+00
    outer loop
      vertex   -1.436910e+01 -1.863724e+00 3.075000e+01
      vertex   -1.442924e+01 -1.715898e+00 2.975000e+01
      vertex   -1.436910e+01 -1.863724e+00 2.975000e+01
    endloop
  endfacet
  facet normal -9.130893e-01 -4.077596e-01 -0.000000e+00
    outer loop
      vertex   -1.436910e+01 -1.863724e+00 3.075000e+01
      vertex   -1.436910e+01 -1.863724e+00 2.975000e+01
      vertex   -1.430402e+01 -2.009446e+00 3.075000e+01
    endloop
  endfacet
  facet normal -9.130893e-01 -4.077596e-01 -0.000000e+00
    outer loop
      vertex   -1.430402e+01 -2.009446e+00 3.075000e+01
      vertex   -1.436910e+01 -1.863724e+00 2.975000e+01
      vertex   -1.430402e+01 -2.009446e+00 2.975000e+01
    endloop
  endfacet
  facet normal -8.988759e-01 -4.382034e-01 -0.000000e+00
    outer loop
      vertex   -1.430402e+01 -2.009446e+00 3.075000e+01
      vertex   -1.430402e+01 -2.009446e+00 2.975000e+01
      vertex   -1.423409e+01 -2.152899e+00 3.075000e+01
    endloop
  endfacet
  facet normal -8.988759e-01 -4.382034e-01 -0.000000e+00
    outer loop
      vertex   -1.423409e+01 -2.152899e+00 3.075000e+01
      vertex   -1.430402e+01 -2.009446e+00 2.975000e+01
      vertex   -1.423409e+01 -2.152899e+00 2.975000e+01
    endloop
  endfacet
  facet normal -8.836477e-01 -4.681525e-01 -0.000000e+00
    outer loop
      vertex   -1.423409e+01 -2.152899e+00 3.075000e+01
      vertex   -1.423409e+01 -2.152899e+00 2.975000e+01
      vertex   -1.415938e+01 -2.293922e+00 3.075000e+01
    endloop
  endfacet
  facet normal -8.836477e-01 -4.681525e-01 -0.000000e+00
    outer loop
      vertex   -1.415938e+01 -2.293922e+00 3.075000e+01
      vertex   -1.423409e+01 -2.152899e+00 2.975000e+01
      vertex   -1.415938e+01 -2.293922e+00 2.975000e+01
    endloop
  endfacet
  facet normal -8.674220e-01 -4.975732e-01 -0.000000e+00
    outer loop
      vertex   -1.415938e+01 -2.293922e+00 3.075000e+01
      vertex   -1.415938e+01 -2.293922e+00 2.975000e+01
      vertex   -1.407997e+01 -2.432356e+00 3.075000e+01
    endloop
  endfacet
  facet normal -8.674220e-01 -4.975732e-01 -0.000000e+00
    outer loop
      vertex   -1.407997e+01 -2.432356e+00 3.075000e+01
      vertex   -1.415938e+01 -2.293922e+00 2.975000e+01
      vertex   -1.407997e+01 -2.432356e+00 2.975000e+01
    endloop
  endfacet
  facet normal -8.502171e-01 -5.264322e-01 -0.000000e+00
    outer loop
      vertex   -1.407997e+01 -2.432356e+00 3.075000e+01
      vertex   -1.407997e+01 -2.432356e+00 2.975000e+01
      vertex   -1.399595e+01 -2.568044e+00 3.075000e+01
    endloop
  endfacet
  facet normal -8.502171e-01 -5.264322e-01 -0.000000e+00
    outer loop
      vertex   -1.399595e+01 -2.568044e+00 3.075000e+01
      vertex   -1.407997e+01 -2.432356e+00 2.975000e+01
      vertex   -1.399595e+01 -2.568044e+00 2.975000e+01
    endloop
  endfacet
  facet normal -8.320525e-01 -5.546969e-01 -0.000000e+00
    outer loop
      vertex   -1.399595e+01 -2.568044e+00 3.075000e+01
      vertex   -1.399595e+01 -2.568044e+00 2.975000e+01
      vertex   -1.390743e+01 -2.700833e+00 3.075000e+01
    endloop
  endfacet
  facet normal -8.320525e-01 -5.546969e-01 -0.000000e+00
    outer loop
      vertex   -1.390743e+01 -2.700833e+00 3.075000e+01
      vertex   -1.399595e+01 -2.568044e+00 2.975000e+01
      vertex   -1.390743e+01 -2.700833e+00 2.975000e+01
    endloop
  endfacet
  facet normal -8.129486e-01 -5.823354e-01 -0.000000e+00
    outer loop
      vertex   -1.390743e+01 -2.700833e+00 3.075000e+01
      vertex   -1.390743e+01 -2.700833e+00 2.975000e+01
      vertex   -1.381449e+01 -2.830573e+00 3.075000e+01
    endloop
  endfacet
  facet normal -8.129486e-01 -5.823354e-01 -0.000000e+00
    outer loop
      vertex   -1.381449e+01 -2.830573e+00 3.075000e+01
      vertex   -1.390743e+01 -2.700833e+00 2.975000e+01
      vertex   -1.381449e+01 -2.830573e+00 2.975000e+01
    endloop
  endfacet
  facet normal -7.929270e-01 -6.093166e-01 -0.000000e+00
    outer loop
      vertex   -1.381449e+01 -2.830573e+00 3.075000e+01
      vertex   -1.381449e+01 -2.830573e+00 2.975000e+01
      vertex   -1.371725e+01 -2.957118e+00 3.075000e+01
    endloop
  endfacet
  facet normal -7.929270e-01 -6.093166e-01 -0.000000e+00
    outer loop
      vertex   -1.371725e+01 -2.957118e+00 3.075000e+01
      vertex   -1.381449e+01 -2.830573e+00 2.975000e+01
      vertex   -1.371725e+01 -2.957118e+00 2.975000e+01
    endloop
  endfacet
  facet normal -7.720103e-01 -6.356100e-01 -0.000000e+00
    outer loop
      vertex   -1.371725e+01 -2.957118e+00 3.075000e+01
      vertex   -1.371725e+01 -2.957118e+00 2.975000e+01
      vertex   -1.361581e+01 -3.080325e+00 3.075000e+01
    endloop
  endfacet
  facet normal -7.720103e-01 -6.356100e-01 -0.000000e+00
    outer loop
      vertex   -1.361581e+01 -3.080325e+00 3.075000e+01
      vertex   -1.371725e+01 -2.957118e+00 2.975000e+01
      vertex   -1.361581e+01 -3.080325e+00 2.975000e+01
    endloop
  endfacet
  facet normal -7.502222e-01 -6.611858e-01 -0.000000e+00
    outer loop
      vertex   -1.361581e+01 -3.080325e+00 3.075000e+01
      vertex   -1.361581e+01 -3.080325e+00 2.975000e+01
      vertex   -1.351029e+01 -3.200054e+00 3.075000e+01
    endloop
  endfacet
  facet normal -7.502222e-01 -6.611858e-01 -0.000000e+00
    outer loop
      vertex   -1.351029e+01 -3.200054e+00 3.075000e+01
      vertex   -1.361581e+01 -3.080325e+00 2.975000e+01
      vertex   -1.351029e+01 -3.200054e+00 2.975000e+01
    endloop
  endfacet
  facet normal -7.275871e-01 -6.860153e-01 -0.000000e+00
    outer loop
      vertex   -1.351029e+01 -3.200054e+00 3.075000e+01
      vertex   -1.351029e+01 -3.200054e+00 2.975000e+01
      vertex   -1.340081e+01 -3.316171e+00 3.075000e+01
    endloop
  endfacet
  facet normal -7.275871e-01 -6.860153e-01 -0.000000e+00
    outer loop
      vertex   -1.340081e+01 -3.316171e+00 3.075000e+01
      vertex   -1.351029e+01 -3.200054e+00 2.975000e+01
      vertex   -1.340081e+01 -3.316171e+00 2.975000e+01
    endloop
  endfacet
  facet normal -7.041307e-01 -7.100704e-01 -0.000000e+00
    outer loop
      vertex   -1.340081e+01 -3.316171e+00 3.075000e+01
      vertex   -1.340081e+01 -3.316171e+00 2.975000e+01
      vertex   -1.328749e+01 -3.428545e+00 3.075000e+01
    endloop
  endfacet
  facet normal -7.041307e-01 -7.100704e-01 -0.000000e+00
    outer loop
      vertex   -1.328749e+01 -3.428545e+00 3.075000e+01
      vertex   -1.340081e+01 -3.316171e+00 2.975000e+01
      vertex   -1.328749e+01 -3.428545e+00 2.975000e+01
    endloop
  endfacet
  facet normal -6.798795e-01 -7.333239e-01 -0.000000e+00
    outer loop
      vertex   -1.328749e+01 -3.428545e+00 3.075000e+01
      vertex   -1.328749e+01 -3.428545e+00 2.975000e+01
      vertex   -1.317046e+01 -3.537049e+00 3.075000e+01
    endloop
  endfacet
  facet normal -6.798795e-01 -7.333239e-01 -0.000000e+00
    outer loop
      vertex   -1.317046e+01 -3.537049e+00 3.075000e+01
      vertex   -1.328749e+01 -3.428545e+00 2.975000e+01
      vertex   -1.317046e+01 -3.537049e+00 2.975000e+01
    endloop
  endfacet
  facet normal -6.548607e-01 -7.557496e-01 -0.000000e+00
    outer loop
      vertex   -1.317046e+01 -3.537049e+00 3.075000e+01
      vertex   -1.317046e+01 -3.537049e+00 2.975000e+01
      vertex   -1.304984e+01 -3.641559e+00 3.075000e+01
    endloop
  endfacet
  facet normal -6.548607e-01 -7.557496e-01 -0.000000e+00
    outer loop
      vertex   -1.304984e+01 -3.641559e+00 3.075000e+01
      vertex   -1.317046e+01 -3.537049e+00 2.975000e+01
      vertex   -1.304984e+01 -3.641559e+00 2.975000e+01
    endloop
  endfacet
  facet normal -6.291028e-01 -7.773221e-01 -0.000000e+00
    outer loop
      vertex   -1.304984e+01 -3.641559e+00 3.075000e+01
      vertex   -1.304984e+01 -3.641559e+00 2.975000e+01
      vertex   -1.292579e+01 -3.741959e+00 3.075000e+01
    endloop
  endfacet
  facet normal -6.291028e-01 -7.773221e-01 -0.000000e+00
    outer loop
      vertex   -1.292579e+01 -3.741959e+00 3.075000e+01
      vertex   -1.304984e+01 -3.641559e+00 2.975000e+01
      vertex   -1.292579e+01 -3.741959e+00 2.975000e+01
    endloop
  endfacet
  facet normal -6.026346e-01 -7.980172e-01 -0.000000e+00
    outer loop
      vertex   -1.292579e+01 -3.741959e+00 3.075000e+01
      vertex   -1.292579e+01 -3.741959e+00 2.975000e+01
      vertex   -1.279843e+01 -3.838135e+00 3.075000e+01
    endloop
  endfacet
  facet normal -6.026346e-01 -7.980172e-01 -0.000000e+00
    outer loop
      vertex   -1.279843e+01 -3.838135e+00 3.075000e+01
      vertex   -1.292579e+01 -3.741959e+00 2.975000e+01
      vertex   -1.279843e+01 -3.838135e+00 2.975000e+01
    endloop
  endfacet
  facet normal -5.754862e-01 -8.178115e-01 -0.000000e+00
    outer loop
      vertex   -1.279843e+01 -3.838135e+00 3.075000e+01
      vertex   -1.279843e+01 -3.838135e+00 2.975000e+01
      vertex   -1.266792e+01 -3.929978e+00 3.075000e+01
    endloop
  endfacet
  facet normal -5.754862e-01 -8.178115e-01 -0.000000e+00
    outer loop
      vertex   -1.266792e+01 -3.929978e+00 3.075000e+01
      vertex   -1.279843e+01 -3.838135e+00 2.975000e+01
      vertex   -1.266792e+01 -3.929978e+00 2.975000e+01
    endloop
  endfacet
  facet normal -5.476882e-01 -8.366825e-01 -0.000000e+00
    outer loop
      vertex   -1.266792e+01 -3.929978e+00 3.075000e+01
      vertex   -1.266792e+01 -3.929978e+00 2.975000e+01
      vertex   -1.253439e+01 -4.017385e+00 3.075000e+01
    endloop
  endfacet
  facet normal -5.476882e-01 -8.366825e-01 -0.000000e+00
    outer loop
      vertex   -1.253439e+01 -4.017385e+00 3.075000e+01
      vertex   -1.266792e+01 -3.929978e+00 2.975000e+01
      vertex   -1.253439e+01 -4.017385e+00 2.975000e+01
    endloop
  endfacet
  facet normal -5.192719e-01 -8.546091e-01 -0.000000e+00
    outer loop
      vertex   -1.253439e+01 -4.017385e+00 3.075000e+01
      vertex   -1.253439e+01 -4.017385e+00 2.975000e+01
      vertex   -1.239800e+01 -4.100256e+00 3.075000e+01
    endloop
  endfacet
  facet normal -5.192719e-01 -8.546091e-01 -0.000000e+00
    outer loop
      vertex   -1.239800e+01 -4.100256e+00 3.075000e+01
      vertex   -1.253439e+01 -4.017385e+00 2.975000e+01
      vertex   -1.239800e+01 -4.100256e+00 2.975000e+01
    endloop
  endfacet
  facet normal -4.902694e-01 -8.715710e-01 -0.000000e+00
    outer loop
      vertex   -1.239800e+01 -4.100256e+00 3.075000e+01
      vertex   -1.239800e+01 -4.100256e+00 2.975000e+01
      vertex   -1.225890e+01 -4.178499e+00 3.075000e+01
    endloop
  endfacet
  facet normal -4.902694e-01 -8.715710e-01 -0.000000e+00
    outer loop
      vertex   -1.225890e+01 -4.178499e+00 3.075000e+01
      vertex   -1.239800e+01 -4.100256e+00 2.975000e+01
      vertex   -1.225890e+01 -4.178499e+00 2.975000e+01
    endloop
  endfacet
  facet normal -4.607135e-01 -8.875489e-01 -0.000000e+00
    outer loop
      vertex   -1.225890e+01 -4.178499e+00 3.075000e+01
      vertex   -1.225890e+01 -4.178499e+00 2.975000e+01
      vertex   -1.211726e+01 -4.252026e+00 3.075000e+01
    endloop
  endfacet
  facet normal -4.607135e-01 -8.875489e-01 -0.000000e+00
    outer loop
      vertex   -1.211726e+01 -4.252026e+00 3.075000e+01
      vertex   -1.225890e+01 -4.178499e+00 2.975000e+01
      vertex   -1.211726e+01 -4.252026e+00 2.975000e+01
    endloop
  endfacet
  facet normal -4.306375e-01 -9.025250e-01 -0.000000e+00
    outer loop
      vertex   -1.211726e+01 -4.252026e+00 3.075000e+01
      vertex   -1.211726e+01 -4.252026e+00 2.975000e+01
      vertex   -1.197322e+01 -4.320752e+00 3.075000e+01
    endloop
  endfacet
  facet normal -4.306375e-01 -9.025250e-01 -0.000000e+00
    outer loop
      vertex   -1.197322e+01 -4.320752e+00 3.075000e+01
      vertex   -1.211726e+01 -4.252026e+00 2.975000e+01
      vertex   -1.197322e+01 -4.320752e+00 2.975000e+01
    endloop
  endfacet
  facet normal -4.000753e-01 -9.164823e-01 -0.000000e+00
    outer loop
      vertex   -1.197322e+01 -4.320752e+00 3.075000e+01
      vertex   -1.197322e+01 -4.320752e+00 2.975000e+01
      vertex   -1.182696e+01 -4.384601e+00 3.075000e+01
    endloop
  endfacet
  facet normal -4.000753e-01 -9.164823e-01 -0.000000e+00
    outer loop
      vertex   -1.182696e+01 -4.384601e+00 3.075000e+01
      vertex   -1.197322e+01 -4.320752e+00 2.975000e+01
      vertex   -1.182696e+01 -4.384601e+00 2.975000e+01
    endloop
  endfacet
  facet normal -3.690616e-01 -9.294049e-01 -0.000000e+00
    outer loop
      vertex   -1.182696e+01 -4.384601e+00 3.075000e+01
      vertex   -1.182696e+01 -4.384601e+00 2.975000e+01
      vertex   -1.167863e+01 -4.443500e+00 3.075000e+01
    endloop
  endfacet
  facet normal -3.690616e-01 -9.294049e-01 -0.000000e+00
    outer loop
      vertex   -1.167863e+01 -4.443500e+00 3.075000e+01
      vertex   -1.182696e+01 -4.384601e+00 2.975000e+01
      vertex   -1.167863e+01 -4.443500e+00 2.975000e+01
    endloop
  endfacet
  facet normal -3.376312e-01 -9.412785e-01 -0.000000e+00
    outer loop
      vertex   -1.167863e+01 -4.443500e+00 3.075000e+01
      vertex   -1.167863e+01 -4.443500e+00 2.975000e+01
      vertex   -1.152841e+01 -4.497383e+00 3.075000e+01
    endloop
  endfacet
  facet normal -3.376312e-01 -9.412785e-01 -0.000000e+00
    outer loop
      vertex   -1.152841e+01 -4.497383e+00 3.075000e+01
      vertex   -1.167863e+01 -4.443500e+00 2.975000e+01
      vertex   -1.152841e+01 -4.497383e+00 2.975000e+01
    endloop
  endfacet
  facet normal -3.058197e-01 -9.520894e-01 -0.000000e+00
    outer loop
      vertex   -1.152841e+01 -4.497383e+00 3.075000e+01
      vertex   -1.152841e+01 -4.497383e+00 2.975000e+01
      vertex   -1.137647e+01 -4.546190e+00 3.075000e+01
    endloop
  endfacet
  facet normal -3.058197e-01 -9.520894e-01 -0.000000e+00
    outer loop
      vertex   -1.137647e+01 -4.546190e+00 3.075000e+01
      vertex   -1.152841e+01 -4.497383e+00 2.975000e+01
      vertex   -1.137647e+01 -4.546190e+00 2.975000e+01
    endloop
  endfacet
  facet normal -2.736630e-01 -9.618256e-01 -0.000000e+00
    outer loop
      vertex   -1.137647e+01 -4.546190e+00 3.075000e+01
      vertex   -1.137647e+01 -4.546190e+00 2.975000e+01
      vertex   -1.122297e+01 -4.589864e+00 3.075000e+01
    endloop
  endfacet
  facet normal -2.736630e-01 -9.618256e-01 -0.000000e+00
    outer loop
      vertex   -1.122297e+01 -4.589864e+00 3.075000e+01
      vertex   -1.137647e+01 -4.546190e+00 2.975000e+01
      vertex   -1.122297e+01 -4.589864e+00 2.975000e+01
    endloop
  endfacet
  facet normal -2.411973e-01 -9.704761e-01 -0.000000e+00
    outer loop
      vertex   -1.122297e+01 -4.589864e+00 3.075000e+01
      vertex   -1.122297e+01 -4.589864e+00 2.975000e+01
      vertex   -1.106809e+01 -4.628358e+00 3.075000e+01
    endloop
  endfacet
  facet normal -2.411973e-01 -9.704761e-01 -0.000000e+00
    outer loop
      vertex   -1.106809e+01 -4.628358e+00 3.075000e+01
      vertex   -1.122297e+01 -4.589864e+00 2.975000e+01
      vertex   -1.106809e+01 -4.628358e+00 2.975000e+01
    endloop
  endfacet
  facet normal -2.084594e-01 -9.780310e-01 -0.000000e+00
    outer loop
      vertex   -1.106809e+01 -4.628358e+00 3.075000e+01
      vertex   -1.106809e+01 -4.628358e+00 2.975000e+01
      vertex   -1.091200e+01 -4.661626e+00 3.075000e+01
    endloop
  endfacet
  facet normal -2.084594e-01 -9.780310e-01 -0.000000e+00
    outer loop
      vertex   -1.091200e+01 -4.661626e+00 3.075000e+01
      vertex   -1.106809e+01 -4.628358e+00 2.975000e+01
      vertex   -1.091200e+01 -4.661626e+00 2.975000e+01
    endloop
  endfacet
  facet normal -1.754862e-01 -9.844819e-01 -0.000000e+00
    outer loop
      vertex   -1.091200e+01 -4.661626e+00 3.075000e+01
      vertex   -1.091200e+01 -4.661626e+00 2.975000e+01
      vertex   -1.075488e+01 -4.689632e+00 3.075000e+01
    endloop
  endfacet
  facet normal -1.754862e-01 -9.844819e-01 -0.000000e+00
    outer loop
      vertex   -1.075488e+01 -4.689632e+00 3.075000e+01
      vertex   -1.091200e+01 -4.661626e+00 2.975000e+01
      vertex   -1.075488e+01 -4.689632e+00 2.975000e+01
    endloop
  endfacet
  facet normal -1.423148e-01 -9.898214e-01 -0.000000e+00
    outer loop
      vertex   -1.075488e+01 -4.689632e+00 3.075000e+01
      vertex   -1.075488e+01 -4.689632e+00 2.975000e+01
      vertex   -1.059692e+01 -4.712345e+00 3.075000e+01
    endloop
  endfacet
  facet normal -1.423148e-01 -9.898214e-01 -0.000000e+00
    outer loop
      vertex   -1.059692e+01 -4.712345e+00 3.075000e+01
      vertex   -1.075488e+01 -4.689632e+00 2.975000e+01
      vertex   -1.059692e+01 -4.712345e+00 2.975000e+01
    endloop
  endfacet
  facet normal -1.089828e-01 -9.940436e-01 -0.000000e+00
    outer loop
      vertex   -1.059692e+01 -4.712345e+00 3.075000e+01
      vertex   -1.059692e+01 -4.712345e+00 2.975000e+01
      vertex   -1.043827e+01 -4.729737e+00 3.075000e+01
    endloop
  endfacet
  facet normal -1.089828e-01 -9.940436e-01 -0.000000e+00
    outer loop
      vertex   -1.043827e+01 -4.729737e+00 3.075000e+01
      vertex   -1.059692e+01 -4.712345e+00 2.975000e+01
      vertex   -1.043827e+01 -4.729737e+00 2.975000e+01
    endloop
  endfacet
  facet normal -7.552783e-02 -9.971437e-01 -0.000000e+00
    outer loop
      vertex   -1.043827e+01 -4.729737e+00 3.075000e+01
      vertex   -1.043827e+01 -4.729737e+00 2.975000e+01
      vertex   -1.027914e+01 -4.741791e+00 3.075000e+01
    endloop
  endfacet
  facet normal -7.552783e-02 -9.971437e-01 -0.000000e+00
    outer loop
      vertex   -1.027914e+01 -4.741791e+00 3.075000e+01
      vertex   -1.043827e+01 -4.729737e+00 2.975000e+01
      vertex   -1.027914e+01 -4.741791e+00 2.975000e+01
    endloop
  endfacet
  facet normal -4.198755e-02 -9.991181e-01 -0.000000e+00
    outer loop
      vertex   -1.027914e+01 -4.741791e+00 3.075000e+01
      vertex   -1.027914e+01 -4.741791e+00 2.975000e+01
      vertex   -1.011969e+01 -4.748492e+00 3.075000e+01
    endloop
  endfacet
  facet normal -4.198755e-02 -9.991181e-01 -0.000000e+00
    outer loop
      vertex   -1.011969e+01 -4.748492e+00 3.075000e+01
      vertex   -1.027914e+01 -4.741791e+00 2.975000e+01
      vertex   -1.011969e+01 -4.748492e+00 2.975000e+01
    endloop
  endfacet
  facet normal -8.399882e-03 -9.999647e-01 -0.000000e+00
    outer loop
      vertex   -1.011969e+01 -4.748492e+00 3.075000e+01
      vertex   -1.011969e+01 -4.748492e+00 2.975000e+01
      vertex   -9.960101e+00 -4.749832e+00 3.075000e+01
    endloop
  endfacet
  facet normal -8.399882e-03 -9.999647e-01 -0.000000e+00
    outer loop
      vertex   -9.960101e+00 -4.749832e+00 3.075000e+01
      vertex   -1.011969e+01 -4.748492e+00 2.975000e+01
      vertex   -9.960101e+00 -4.749832e+00 2.975000e+01
    endloop
  endfacet
  facet normal 2.519727e-02 -9.996825e-01 0.000000e+00
    outer loop
      vertex   -9.960101e+00 -4.749832e+00 3.075000e+01
      vertex   -9.960101e+00 -4.749832e+00 2.975000e+01
      vertex   -9.800559e+00 -4.745811e+00 3.075000e+01
    endloop
  endfacet
  facet normal 2.519727e-02 -9.996825e-01 0.000000e+00
    outer loop
      vertex   -9.800559e+00 -4.745811e+00 3.075000e+01
      vertex   -9.960101e+00 -4.749832e+00 2.975000e+01
      vertex   -9.800559e+00 -4.745811e+00 2.975000e+01
    endloop
  endfacet
  facet normal 5.876599e-02 -9.982718e-01 0.000000e+00
    outer loop
      vertex   -9.800559e+00 -4.745811e+00 3.075000e+01
      vertex   -9.800559e+00 -4.745811e+00 2.975000e+01
      vertex   -9.641243e+00 -4.736433e+00 3.075000e+01
    endloop
  endfacet
  facet normal 5.876599e-02 -9.982718e-01 0.000000e+00
    outer loop
      vertex   -9.641243e+00 -4.736433e+00 3.075000e+01
      vertex   -9.800559e+00 -4.745811e+00 2.975000e+01
      vertex   -9.641243e+00 -4.736433e+00 2.975000e+01
    endloop
  endfacet
  facet normal 9.226836e-02 -9.957342e-01 0.000000e+00
    outer loop
      vertex   -9.641243e+00 -4.736433e+00 3.075000e+01
      vertex   -9.641243e+00 -4.736433e+00 2.975000e+01
      vertex   -9.482331e+00 -4.721707e+00 3.075000e+01
    endloop
  endfacet
  facet normal 9.226836e-02 -9.957342e-01 0.000000e+00
    outer loop
      vertex   -9.482331e+00 -4.721707e+00 3.075000e+01
      vertex   -9.641243e+00 -4.736433e+00 2.975000e+01
      vertex   -9.482331e+00 -4.721707e+00 2.975000e+01
    endloop
  endfacet
  facet normal 1.256666e-01 -9.920725e-01 0.000000e+00
    outer loop
      vertex   -9.482331e+00 -4.721707e+00 3.075000e+01
      vertex   -9.482331e+00 -4.721707e+00 2.975000e+01
      vertex   -9.324005e+00 -4.701652e+00 3.075000e+01
    endloop
  endfacet
  facet normal 1.256666e-01 -9.920725e-01 0.000000e+00
    outer loop
      vertex   -9.324005e+00 -4.701652e+00 3.075000e+01
      vertex   -9.482331e+00 -4.721707e+00 2.975000e+01
      vertex   -9.324005e+00 -4.701652e+00 2.975000e+01
    endloop
  endfacet
  facet normal 1.589229e-01 -9.872910e-01 0.000000e+00
    outer loop
      vertex   -9.324005e+00 -4.701652e+00 3.075000e+01
      vertex   -9.324005e+00 -4.701652e+00 2.975000e+01
      vertex   -9.166441e+00 -4.676289e+00 3.075000e+01
    endloop
  endfacet
  facet normal 1.589229e-01 -9.872910e-01 0.000000e+00
    outer loop
      vertex   -9.166441e+00 -4.676289e+00 3.075000e+01
      vertex   -9.324005e+00 -4.701652e+00 2.975000e+01
      vertex   -9.166441e+00 -4.676289e+00 2.975000e+01
    endloop
  endfacet
  facet normal 1.919999e-01 -9.813949e-01 0.000000e+00
    outer loop
      vertex   -9.166441e+00 -4.676289e+00 3.075000e+01
      vertex   -9.166441e+00 -4.676289e+00 2.975000e+01
      vertex   -9.009818e+00 -4.645647e+00 3.075000e+01
    endloop
  endfacet
  facet normal 1.919999e-01 -9.813949e-01 0.000000e+00
    outer loop
      vertex   -9.009818e+00 -4.645647e+00 3.075000e+01
      vertex   -9.166441e+00 -4.676289e+00 2.975000e+01
      vertex   -9.009818e+00 -4.645647e+00 2.975000e+01
    endloop
  endfacet
  facet normal 2.248601e-01 -9.743911e-01 0.000000e+00
    outer loop
      vertex   -9.009818e+00 -4.645647e+00 3.075000e+01
      vertex   -9.009818e+00 -4.645647e+00 2.975000e+01
      vertex   -8.854313e+00 -4.609761e+00 3.075000e+01
    endloop
  endfacet
  facet normal 2.248601e-01 -9.743911e-01 0.000000e+00
    outer loop
      vertex   -8.854313e+00 -4.609761e+00 3.075000e+01
      vertex   -9.009818e+00 -4.645647e+00 2.975000e+01
      vertex   -8.854313e+00 -4.609761e+00 2.975000e+01
    endloop
  endfacet
  facet normal 2.574665e-01 -9.662872e-01 0.000000e+00
    outer loop
      vertex   -8.854313e+00 -4.609761e+00 3.075000e+01
      vertex   -8.854313e+00 -4.609761e+00 2.975000e+01
      vertex   -8.700101e+00 -4.568672e+00 3.075000e+01
    endloop
  endfacet
  facet normal 2.574665e-01 -9.662872e-01 0.000000e+00
    outer loop
      vertex   -8.700101e+00 -4.568672e+00 3.075000e+01
      vertex   -8.854313e+00 -4.609761e+00 2.975000e+01
      vertex   -8.700101e+00 -4.568672e+00 2.975000e+01
    endloop
  endfacet
  facet normal 2.897822e-01 -9.570926e-01 0.000000e+00
    outer loop
      vertex   -8.700101e+00 -4.568672e+00 3.075000e+01
      vertex   -8.700101e+00 -4.568672e+00 2.975000e+01
      vertex   -8.547356e+00 -4.522425e+00 3.075000e+01
    endloop
  endfacet
  facet normal 2.897822e-01 -9.570926e-01 0.000000e+00
    outer loop
      vertex   -8.547356e+00 -4.522425e+00 3.075000e+01
      vertex   -8.700101e+00 -4.568672e+00 2.975000e+01
      vertex   -8.547356e+00 -4.522425e+00 2.975000e+01
    endloop
  endfacet
  facet normal 3.217709e-01 -9.468176e-01 0.000000e+00
    outer loop
      vertex   -8.547356e+00 -4.522425e+00 3.075000e+01
      vertex   -8.547356e+00 -4.522425e+00 2.975000e+01
      vertex   -8.396252e+00 -4.471073e+00 3.075000e+01
    endloop
  endfacet
  facet normal 3.217709e-01 -9.468176e-01 0.000000e+00
    outer loop
      vertex   -8.396252e+00 -4.471073e+00 3.075000e+01
      vertex   -8.547356e+00 -4.522425e+00 2.975000e+01
      vertex   -8.396252e+00 -4.471073e+00 2.975000e+01
    endloop
  endfacet
  facet normal 3.533963e-01 -9.354737e-01 0.000000e+00
    outer loop
      vertex   -8.396252e+00 -4.471073e+00 3.075000e+01
      vertex   -8.396252e+00 -4.471073e+00 2.975000e+01
      vertex   -8.246958e+00 -4.414673e+00 3.075000e+01
    endloop
  endfacet
  facet normal 3.533963e-01 -9.354737e-01 0.000000e+00
    outer loop
      vertex   -8.246958e+00 -4.414673e+00 3.075000e+01
      vertex   -8.396252e+00 -4.471073e+00 2.975000e+01
      vertex   -8.246958e+00 -4.414673e+00 2.975000e+01
    endloop
  endfacet
  facet normal 3.846227e-01 -9.230739e-01 0.000000e+00
    outer loop
      vertex   -8.246958e+00 -4.414673e+00 3.075000e+01
      vertex   -8.246958e+00 -4.414673e+00 2.975000e+01
      vertex   -8.099642e+00 -4.353291e+00 3.075000e+01
    endloop
  endfacet
  facet normal 3.846227e-01 -9.230739e-01 0.000000e+00
    outer loop
      vertex   -8.099642e+00 -4.353291e+00 3.075000e+01
      vertex   -8.246958e+00 -4.414673e+00 2.975000e+01
      vertex   -8.099642e+00 -4.353291e+00 2.975000e+01
    endloop
  endfacet
  facet normal 4.154150e-01 -9.096320e-01 0.000000e+00
    outer loop
      vertex   -8.099642e+00 -4.353291e+00 3.075000e+01
      vertex   -8.099642e+00 -4.353291e+00 2.975000e+01
      vertex   -7.954472e+00 -4.286994e+00 3.075000e+01
    endloop
  endfacet
  facet normal 4.154150e-01 -9.096320e-01 0.000000e+00
    outer loop
      vertex   -7.954472e+00 -4.286994e+00 3.075000e+01
      vertex   -8.099642e+00 -4.353291e+00 2.975000e+01
      vertex   -7.954472e+00 -4.286994e+00 2.975000e+01
    endloop
  endfacet
  facet normal 4.457384e-01 -8.951633e-01 0.000000e+00
    outer loop
      vertex   -7.954472e+00 -4.286994e+00 3.075000e+01
      vertex   -7.954472e+00 -4.286994e+00 2.975000e+01
      vertex   -7.811611e+00 -4.215857e+00 3.075000e+01
    endloop
  endfacet
  facet normal 4.457384e-01 -8.951633e-01 0.000000e+00
    outer loop
      vertex   -7.811611e+00 -4.215857e+00 3.075000e+01
      vertex   -7.954472e+00 -4.286994e+00 2.975000e+01
      vertex   -7.811611e+00 -4.215857e+00 2.975000e+01
    endloop
  endfacet
  facet normal 4.755585e-01 -8.796841e-01 0.000000e+00
    outer loop
      vertex   -7.811611e+00 -4.215857e+00 3.075000e+01
      vertex   -7.811611e+00 -4.215857e+00 2.975000e+01
      vertex   -7.671220e+00 -4.139962e+00 3.075000e+01
    endloop
  endfacet
  facet normal 4.755585e-01 -8.796841e-01 0.000000e+00
    outer loop
      vertex   -7.671220e+00 -4.139962e+00 3.075000e+01
      vertex   -7.811611e+00 -4.215857e+00 2.975000e+01
      vertex   -7.671220e+00 -4.139962e+00 2.975000e+01
    endloop
  endfacet
  facet normal 5.048419e-01 -8.632118e-01 0.000000e+00
    outer loop
      vertex   -7.671220e+00 -4.139962e+00 3.075000e+01
      vertex   -7.671220e+00 -4.139962e+00 2.975000e+01
      vertex   -7.533459e+00 -4.059393e+00 3.075000e+01
    endloop
  endfacet
  facet normal 5.048419e-01 -8.632118e-01 0.000000e+00
    outer loop
      vertex   -7.533459e+00 -4.059393e+00 3.075000e+01
      vertex   -7.671220e+00 -4.139962e+00 2.975000e+01
      vertex   -7.533459e+00 -4.059393e+00 2.975000e+01
    endloop
  endfacet
  facet normal 5.335553e-01 -8.457652e-01 0.000000e+00
    outer loop
      vertex   -7.533459e+00 -4.059393e+00 3.075000e+01
      vertex   -7.533459e+00 -4.059393e+00 2.975000e+01
      vertex   -7.398481e+00 -3.974242e+00 3.075000e+01
    endloop
  endfacet
  facet normal 5.335553e-01 -8.457652e-01 0.000000e+00
    outer loop
      vertex   -7.398481e+00 -3.974242e+00 3.075000e+01
      vertex   -7.533459e+00 -4.059393e+00 2.975000e+01
      vertex   -7.398481e+00 -3.974242e+00 2.975000e+01
    endloop
  endfacet
  facet normal 5.616665e-01 -8.273638e-01 0.000000e+00
    outer loop
      vertex   -7.398481e+00 -3.974242e+00 3.075000e+01
      vertex   -7.398481e+00 -3.974242e+00 2.975000e+01
      vertex   -7.266440e+00 -3.884605e+00 3.075000e+01
    endloop
  endfacet
  facet normal 5.616665e-01 -8.273638e-01 0.000000e+00
    outer loop
      vertex   -7.266440e+00 -3.884605e+00 3.075000e+01
      vertex   -7.398481e+00 -3.974242e+00 2.975000e+01
      vertex   -7.266440e+00 -3.884605e+00 2.975000e+01
    endloop
  endfacet
  facet normal 5.891436e-01 -8.080284e-01 0.000000e+00
    outer loop
      vertex   -7.266440e+00 -3.884605e+00 3.075000e+01
      vertex   -7.266440e+00 -3.884605e+00 2.975000e+01
      vertex   -7.137485e+00 -3.790582e+00 3.075000e+01
    endloop
  endfacet
  facet normal 5.891436e-01 -8.080284e-01 0.000000e+00
    outer loop
      vertex   -7.137485e+00 -3.790582e+00 3.075000e+01
      vertex   -7.266440e+00 -3.884605e+00 2.975000e+01
      vertex   -7.137485e+00 -3.790582e+00 2.975000e+01
    endloop
  endfacet
  facet normal 6.159556e-01 -7.877809e-01 0.000000e+00
    outer loop
      vertex   -7.137485e+00 -3.790582e+00 3.075000e+01
      vertex   -7.137485e+00 -3.790582e+00 2.975000e+01
      vertex   -7.011762e+00 -3.692280e+00 3.075000e+01
    endloop
  endfacet
  facet normal 6.159556e-01 -7.877809e-01 0.000000e+00
    outer loop
      vertex   -7.011762e+00 -3.692280e+00 3.075000e+01
      vertex   -7.137485e+00 -3.790582e+00 2.975000e+01
      vertex   -7.011762e+00 -3.692280e+00 2.975000e+01
    endloop
  endfacet
  facet normal 6.420724e-01 -7.666440e-01 0.000000e+00
    outer loop
      vertex   -7.011762e+00 -3.692280e+00 3.075000e+01
      vertex   -7.011762e+00 -3.692280e+00 2.975000e+01
      vertex   -6.889412e+00 -3.589810e+00 3.075000e+01
    endloop
  endfacet
  facet normal 6.420724e-01 -7.666440e-01 0.000000e+00
    outer loop
      vertex   -6.889412e+00 -3.589810e+00 3.075000e+01
      vertex   -7.011762e+00 -3.692280e+00 2.975000e+01
      vertex   -6.889412e+00 -3.589810e+00 2.975000e+01
    endloop
  endfacet
  facet normal 6.674643e-01 -7.446418e-01 0.000000e+00
    outer loop
      vertex   -6.889412e+00 -3.589810e+00 3.075000e+01
      vertex   -6.889412e+00 -3.589810e+00 2.975000e+01
      vertex   -6.770573e+00 -3.483288e+00 3.075000e+01
    endloop
  endfacet
  facet normal 6.674643e-01 -7.446418e-01 0.000000e+00
    outer loop
      vertex   -6.770573e+00 -3.483288e+00 3.075000e+01
      vertex   -6.889412e+00 -3.589810e+00 2.975000e+01
      vertex   -6.770573e+00 -3.483288e+00 2.975000e+01
    endloop
  endfacet
  facet normal 6.921028e-01 -7.217990e-01 0.000000e+00
    outer loop
      vertex   -6.770573e+00 -3.483288e+00 3.075000e+01
      vertex   -6.770573e+00 -3.483288e+00 2.975000e+01
      vertex   -6.655379e+00 -3.372834e+00 3.075000e+01
    endloop
  endfacet
  facet normal 6.921028e-01 -7.217990e-01 0.000000e+00
    outer loop
      vertex   -6.655379e+00 -3.372834e+00 3.075000e+01
      vertex   -6.770573e+00 -3.483288e+00 2.975000e+01
      vertex   -6.655379e+00 -3.372834e+00 2.975000e+01
    endloop
  endfacet
  facet normal 7.159599e-01 -6.981414e-01 0.000000e+00
    outer loop
      vertex   -6.655379e+00 -3.372834e+00 3.075000e+01
      vertex   -6.655379e+00 -3.372834e+00 2.975000e+01
      vertex   -6.543961e+00 -3.258573e+00 3.075000e+01
    endloop
  endfacet
  facet normal 7.159599e-01 -6.981414e-01 0.000000e+00
    outer loop
      vertex   -6.543961e+00 -3.258573e+00 3.075000e+01
      vertex   -6.655379e+00 -3.372834e+00 2.975000e+01
      vertex   -6.543961e+00 -3.258573e+00 2.975000e+01
    endloop
  endfacet
  facet normal 7.390089e-01 -6.736956e-01 0.000000e+00
    outer loop
      vertex   -6.543961e+00 -3.258573e+00 3.075000e+01
      vertex   -6.543961e+00 -3.258573e+00 2.975000e+01
      vertex   -6.436445e+00 -3.140633e+00 3.075000e+01
    endloop
  endfacet
  facet normal 7.390089e-01 -6.736956e-01 0.000000e+00
    outer loop
      vertex   -6.436445e+00 -3.140633e+00 3.075000e+01
      vertex   -6.543961e+00 -3.258573e+00 2.975000e+01
      vertex   -6.436445e+00 -3.140633e+00 2.975000e+01
    endloop
  endfacet
  facet normal 7.612237e-01 -6.484894e-01 0.000000e+00
    outer loop
      vertex   -6.436445e+00 -3.140633e+00 3.075000e+01
      vertex   -6.436445e+00 -3.140633e+00 2.975000e+01
      vertex   -6.332951e+00 -3.019147e+00 3.075000e+01
    endloop
  endfacet
  facet normal 7.612237e-01 -6.484894e-01 0.000000e+00
    outer loop
      vertex   -6.332951e+00 -3.019147e+00 3.075000e+01
      vertex   -6.436445e+00 -3.140633e+00 2.975000e+01
      vertex   -6.332951e+00 -3.019147e+00 2.975000e+01
    endloop
  endfacet
  facet normal 7.825791e-01 -6.225512e-01 0.000000e+00
    outer loop
      vertex   -6.332951e+00 -3.019147e+00 3.075000e+01
      vertex   -6.332951e+00 -3.019147e+00 2.975000e+01
      vertex   -6.233597e+00 -2.894254e+00 3.075000e+01
    endloop
  endfacet
  facet normal 7.825791e-01 -6.225512e-01 0.000000e+00
    outer loop
      vertex   -6.233597e+00 -2.894254e+00 3.075000e+01
      vertex   -6.332951e+00 -3.019147e+00 2.975000e+01
      vertex   -6.233597e+00 -2.894254e+00 2.975000e+01
    endloop
  endfacet
  facet normal 8.030511e-01 -5.959101e-01 0.000000e+00
    outer loop
      vertex   -6.233597e+00 -2.894254e+00 3.075000e+01
      vertex   -6.233597e+00 -2.894254e+00 2.975000e+01
      vertex   -6.138494e+00 -2.766093e+00 3.075000e+01
    endloop
  endfacet
  facet normal 8.030511e-01 -5.959101e-01 0.000000e+00
    outer loop
      vertex   -6.138494e+00 -2.766093e+00 3.075000e+01
      vertex   -6.233597e+00 -2.894254e+00 2.975000e+01
      vertex   -6.138494e+00 -2.766093e+00 2.975000e+01
    endloop
  endfacet
  facet normal 8.226166e-01 -5.685964e-01 0.000000e+00
    outer loop
      vertex   -6.138494e+00 -2.766093e+00 3.075000e+01
      vertex   -6.138494e+00 -2.766093e+00 2.975000e+01
      vertex   -6.047751e+00 -2.634810e+00 3.075000e+01
    endloop
  endfacet
  facet normal 8.226166e-01 -5.685964e-01 0.000000e+00
    outer loop
      vertex   -6.047751e+00 -2.634810e+00 3.075000e+01
      vertex   -6.138494e+00 -2.766093e+00 2.975000e+01
      vertex   -6.047751e+00 -2.634810e+00 2.975000e+01
    endloop
  endfacet
  facet normal 8.412535e-01 -5.406408e-01 0.000000e+00
    outer loop
      vertex   -6.047751e+00 -2.634810e+00 3.075000e+01
      vertex   -6.047751e+00 -2.634810e+00 2.975000e+01
      vertex   -5.961469e+00 -2.500553e+00 3.075000e+01
    endloop
  endfacet
  facet normal 8.412535e-01 -5.406408e-01 0.000000e+00
    outer loop
      vertex   -5.961469e+00 -2.500553e+00 3.075000e+01
      vertex   -6.047751e+00 -2.634810e+00 2.975000e+01
      vertex   -5.961469e+00 -2.500553e+00 2.975000e+01
    endloop
  endfacet
  facet normal 8.589408e-01 -5.120749e-01 0.000000e+00
    outer loop
      vertex   -5.961469e+00 -2.500553e+00 3.075000e+01
      vertex   -5.961469e+00 -2.500553e+00 2.975000e+01
      vertex   -5.879745e+00 -2.363473e+00 3.075000e+01
    endloop
  endfacet
  facet normal 8.589408e-01 -5.120749e-01 0.000000e+00
    outer loop
      vertex   -5.879745e+00 -2.363473e+00 3.075000e+01
      vertex   -5.961469e+00 -2.500553e+00 2.975000e+01
      vertex   -5.879745e+00 -2.363473e+00 2.975000e+01
    endloop
  endfacet
  facet normal 8.756584e-01 -4.829310e-01 0.000000e+00
    outer loop
      vertex   -5.879745e+00 -2.363473e+00 3.075000e+01
      vertex   -5.879745e+00 -2.363473e+00 2.975000e+01
      vertex   -5.802674e+00 -2.223724e+00 3.075000e+01
    endloop
  endfacet
  facet normal 8.756584e-01 -4.829310e-01 0.000000e+00
    outer loop
      vertex   -5.802674e+00 -2.223724e+00 3.075000e+01
      vertex   -5.879745e+00 -2.363473e+00 2.975000e+01
      vertex   -5.802674e+00 -2.223724e+00 2.975000e+01
    endloop
  endfacet
  facet normal 8.913876e-01 -4.532419e-01 0.000000e+00
    outer loop
      vertex   -5.802674e+00 -2.223724e+00 3.075000e+01
      vertex   -5.802674e+00 -2.223724e+00 2.975000e+01
      vertex   -5.730340e+00 -2.081466e+00 3.075000e+01
    endloop
  endfacet
  facet normal 8.913876e-01 -4.532419e-01 0.000000e+00
    outer loop
      vertex   -5.730340e+00 -2.081466e+00 3.075000e+01
      vertex   -5.802674e+00 -2.223724e+00 2.975000e+01
      vertex   -5.730340e+00 -2.081466e+00 2.975000e+01
    endloop
  endfacet
  facet normal 9.061105e-01 -4.230412e-01 0.000000e+00
    outer loop
      vertex   -5.730340e+00 -2.081466e+00 3.075000e+01
      vertex   -5.730340e+00 -2.081466e+00 2.975000e+01
      vertex   -5.662826e+00 -1.936858e+00 3.075000e+01
    endloop
  endfacet
  facet normal 9.061105e-01 -4.230412e-01 0.000000e+00
    outer loop
      vertex   -5.662826e+00 -1.936858e+00 3.075000e+01
      vertex   -5.730340e+00 -2.081466e+00 2.975000e+01
      vertex   -5.662826e+00 -1.936858e+00 2.975000e+01
    endloop
  endfacet
  facet normal 9.198105e-01 -3.923629e-01 0.000000e+00
    outer loop
      vertex   -5.662826e+00 -1.936858e+00 3.075000e+01
      vertex   -5.662826e+00 -1.936858e+00 2.975000e+01
      vertex   -5.600208e+00 -1.790063e+00 3.075000e+01
    endloop
  endfacet
  facet normal 9.198105e-01 -3.923629e-01 0.000000e+00
    outer loop
      vertex   -5.600208e+00 -1.790063e+00 3.075000e+01
      vertex   -5.662826e+00 -1.936858e+00 2.975000e+01
      vertex   -5.600208e+00 -1.790063e+00 2.975000e+01
    endloop
  endfacet
  facet normal 9.324722e-01 -3.612417e-01 0.000000e+00
    outer loop
      vertex   -5.600208e+00 -1.790063e+00 3.075000e+01
      vertex   -5.600208e+00 -1.790063e+00 2.975000e+01
      vertex   -5.542556e+00 -1.641248e+00 3.075000e+01
    endloop
  endfacet
  facet normal 9.324722e-01 -3.612417e-01 0.000000e+00
    outer loop
      vertex   -5.542556e+00 -1.641248e+00 3.075000e+01
      vertex   -5.600208e+00 -1.790063e+00 2.975000e+01
      vertex   -5.542556e+00 -1.641248e+00 2.975000e+01
    endloop
  endfacet
  facet normal 9.440813e-01 -3.297127e-01 0.000000e+00
    outer loop
      vertex   -5.542556e+00 -1.641248e+00 3.075000e+01
      vertex   -5.542556e+00 -1.641248e+00 2.975000e+01
      vertex   -5.489937e+00 -1.490580e+00 3.075000e+01
    endloop
  endfacet
  facet normal 9.440813e-01 -3.297127e-01 0.000000e+00
    outer loop
      vertex   -5.489937e+00 -1.490580e+00 3.075000e+01
      vertex   -5.542556e+00 -1.641248e+00 2.975000e+01
      vertex   -5.489937e+00 -1.490580e+00 2.975000e+01
    endloop
  endfacet
  facet normal 9.546247e-01 -2.978115e-01 0.000000e+00
    outer loop
      vertex   -5.489937e+00 -1.490580e+00 3.075000e+01
      vertex   -5.489937e+00 -1.490580e+00 2.975000e+01
      vertex   -5.442408e+00 -1.338230e+00 3.075000e+01
    endloop
  endfacet
  facet normal 9.546247e-01 -2.978115e-01 0.000000e+00
    outer loop
      vertex   -5.442408e+00 -1.338230e+00 3.075000e+01
      vertex   -5.489937e+00 -1.490580e+00 2.975000e+01
      vertex   -5.442408e+00 -1.338230e+00 2.975000e+01
    endloop
  endfacet
  facet normal 9.640904e-01 -2.655741e-01 0.000000e+00
    outer loop
      vertex   -5.442408e+00 -1.338230e+00 3.075000e+01
      vertex   -5.442408e+00 -1.338230e+00 2.975000e+01
      vertex   -5.400025e+00 -1.184368e+00 3.075000e+01
    endloop
  endfacet
  facet normal 9.640904e-01 -2.655741e-01 0.000000e+00
    outer loop
      vertex   -5.400025e+00 -1.184368e+00 3.075000e+01
      vertex   -5.442408e+00 -1.338230e+00 2.975000e+01
      vertex   -5.400025e+00 -1.184368e+00 2.975000e+01
    endloop
  endfacet
  facet normal 9.724679e-01 -2.330369e-01 0.000000e+00
    outer loop
      vertex   -5.400025e+00 -1.184368e+00 3.075000e+01
      vertex   -5.400025e+00 -1.184368e+00 2.975000e+01
      vertex   -5.362834e+00 -1.029170e+00 3.075000e+01
    endloop
  endfacet
  facet normal 9.724679e-01 -2.330369e-01 0.000000e+00
    outer loop
      vertex   -5.362834e+00 -1.029170e+00 3.075000e+01
      vertex   -5.400025e+00 -1.184368e+00 2.975000e+01
      vertex   -5.362834e+00 -1.029170e+00 2.975000e+01
    endloop
  endfacet
  facet normal 9.797475e-01 -2.002367e-01 0.000000e+00
    outer loop
      vertex   -5.362834e+00 -1.029170e+00 3.075000e+01
      vertex   -5.362834e+00 -1.029170e+00 2.975000e+01
      vertex   -5.330878e+00 -8.728102e-01 3.075000e+01
    endloop
  endfacet
  facet normal 9.797475e-01 -2.002367e-01 0.000000e+00
    outer loop
      vertex   -5.330878e+00 -8.728102e-01 3.075000e+01
      vertex   -5.362834e+00 -1.029170e+00 2.975000e+01
      vertex   -5.330878e+00 -8.728102e-01 2.975000e+01
    endloop
  endfacet
  facet normal 9.859212e-01 -1.672105e-01 0.000000e+00
    outer loop
      vertex   -5.330878e+00 -8.728102e-01 3.075000e+01
      vertex   -5.330878e+00 -8.728102e-01 2.975000e+01
      vertex   -5.304192e+00 -7.154650e-01 3.075000e+01
    endloop
  endfacet
  facet normal 9.859212e-01 -1.672105e-01 0.000000e+00
    outer loop
      vertex   -5.304192e+00 -7.154650e-01 3.075000e+01
      vertex   -5.330878e+00 -8.728102e-01 2.975000e+01
      vertex   -5.304192e+00 -7.154650e-01 2.975000e+01
    endloop
  endfacet
  facet normal 9.909819e-01 -1.339954e-01 0.000000e+00
    outer loop
      vertex   -5.304192e+00 -7.154650e-01 3.075000e+01
      vertex   -5.304192e+00 -7.154650e-01 2.975000e+01
      vertex   -5.282808e+00 -5.573120e-01 3.075000e+01
    endloop
  endfacet
  facet normal 9.909819e-01 -1.339954e-01 0.000000e+00
    outer loop
      vertex   -5.282808e+00 -5.573120e-01 3.075000e+01
      vertex   -5.304192e+00 -7.154650e-01 2.975000e+01
      vertex   -5.282808e+00 -5.573120e-01 2.975000e+01
    endloop
  endfacet
  facet normal 9.949240e-01 -1.006292e-01 0.000000e+00
    outer loop
      vertex   -5.282808e+00 -5.573120e-01 3.075000e+01
      vertex   -5.282808e+00 -5.573120e-01 2.975000e+01
      vertex   -5.266748e+00 -3.985300e-01 3.075000e+01
    endloop
  endfacet
  facet normal 9.949240e-01 -1.006292e-01 0.000000e+00
    outer loop
      vertex   -5.266748e+00 -3.985300e-01 3.075000e+01
      vertex   -5.282808e+00 -5.573120e-01 2.975000e+01
      vertex   -5.266748e+00 -3.985300e-01 2.975000e+01
    endloop
  endfacet
  facet normal 9.977429e-01 -6.714928e-02 0.000000e+00
    outer loop
      vertex   -5.266748e+00 -3.985300e-01 3.075000e+01
      vertex   -5.266748e+00 -3.985300e-01 2.975000e+01
      vertex   -5.256032e+00 -2.392981e-01 3.075000e+01
    endloop
  endfacet
  facet normal 9.977429e-01 -6.714928e-02 0.000000e+00
    outer loop
      vertex   -5.256032e+00 -2.392981e-01 3.075000e+01
      vertex   -5.266748e+00 -3.985300e-01 2.975000e+01
      vertex   -5.256032e+00 -2.392981e-01 2.975000e+01
    endloop
  endfacet
  facet normal 9.994356e-01 -3.359360e-02 0.000000e+00
    outer loop
      vertex   -5.256032e+00 -2.392981e-01 3.075000e+01
      vertex   -5.256032e+00 -2.392981e-01 2.975000e+01
      vertex   -5.250670e+00 -7.979606e-02 3.075000e+01
    endloop
  endfacet
  facet normal 9.994356e-01 -3.359360e-02 0.000000e+00
    outer loop
      vertex   -5.250670e+00 -7.979606e-02 3.075000e+01
      vertex   -5.256032e+00 -2.392981e-01 2.975000e+01
      vertex   -5.250670e+00 -7.979606e-02 2.975000e+01
    endloop
  endfacet
  facet normal 1.000000e+00 -0.000000e+00 0.000000e+00
    outer loop
      vertex   -5.250670e+00 -7.979606e-02 3.075000e+01
      vertex   -5.250670e+00 -7.979606e-02 2.975000e+01
      vertex   -5.250670e+00 7.979606e-02 3.075000e+01
    endloop
  endfacet
  facet normal 1.000000e+00 0.000000e+00 0.000000e+00
    outer loop
      vertex   -5.250670e+00 7.979606e-02 3.075000e+01
      vertex   -5.250670e+00 -7.979606e-02 2.975000e+01
      vertex   -5.250670e+00 7.979606e-02 2.975000e+01
    endloop
  endfacet
  facet normal 9.994356e-01 3.359360e-02 0.000000e+00
    outer loop
      vertex   -5.250670e+00 7.979606e-02 3.075000e+01
      vertex   -5.250670e+00 7.979606e-02 2.975000e+01
      vertex   -5.256032e+00 2.392981e-01 3.075000e+01
    endloop
  endfacet
  facet normal 9.994356e-01 3.359360e-02 0.000000e+00
    outer loop
      vertex   -5.256032e+00 2.392981e-01 3.075000e+01
      vertex   -5.250670e+00 7.979606e-02 2.975000e+01
      vertex   -5.256032e+00 2.392981e-01 2.975000e+01
    endloop
  endfacet
  facet normal 9.977429e-01 6.714928e-02 0.000000e+00
    outer loop
      vertex   -5.256032e+00 2.392981e-01 3.075000e+01
      vertex   -5.256032e+00 2.392981e-01 2.975000e+01
      vertex   -5.266748e+00 3.985300e-01 3.075000e+01
    endloop
  endfacet
  facet normal 9.977429e-01 6.714928e-02 0.000000e+00
    outer loop
      vertex   -5.266748e+00 3.985300e-01 3.075000e+01
      vertex   -5.256032e+00 2.392981e-01 2.975000e+01
      vertex   -5.266748e+00 3.985300e-01 2.975000e+01
    endloop
  endfacet
  facet normal 9.949240e-01 1.006292e-01 0.000000e+00
    outer loop
      vertex   -5.266748e+00 3.985300e-01 3.075000e+01
      vertex   -5.266748e+00 3.985300e-01 2.975000e+01
      vertex   -5.282808e+00 5.573120e-01 3.075000e+01
    endloop
  endfacet
  facet normal 9.949240e-01 1.006292e-01 0.000000e+00
    outer loop
      vertex   -5.282808e+00 5.573120e-01 3.075000e+01
      vertex   -5.266748e+00 3.985300e-01 2.975000e+01
      vertex   -5.282808e+00 5.573120e-01 2.975000e+01
    endloop
  endfacet
  facet normal 9.909819e-01 1.339954e-01 0.000000e+00
    outer loop
      vertex   -5.282808e+00 5.573120e-01 3.075000e+01
      vertex   -5.282808e+00 5.573120e-01 2.975000e+01
      vertex   -5.304192e+00 7.154650e-01 3.075000e+01
    endloop
  endfacet
  facet normal 9.909819e-01 1.339954e-01 0.000000e+00
    outer loop
      vertex   -5.304192e+00 7.154650e-01 3.075000e+01
      vertex   -5.282808e+00 5.573120e-01 2.975000e+01
      vertex   -5.304192e+00 7.154650e-01 2.975000e+01
    endloop
  endfacet
  facet normal 9.859212e-01 1.672105e-01 0.000000e+00
    outer loop
      vertex   -5.304192e+00 7.154650e-01 3.075000e+01
      vertex   -5.304192e+00 7.154650e-01 2.975000e+01
      vertex   -5.330878e+00 8.728102e-01 3.075000e+01
    endloop
  endfacet
  facet normal 9.859212e-01 1.672105e-01 0.000000e+00
    outer loop
      vertex   -5.330878e+00 8.728102e-01 3.075000e+01
      vertex   -5.304192e+00 7.154650e-01 2.975000e+01
      vertex   -5.330878e+00 8.728102e-01 2.975000e+01
    endloop
  endfacet
  facet normal 9.797475e-01 2.002367e-01 0.000000e+00
    outer loop
      vertex   -5.330878e+00 8.728102e-01 3.075000e+01
      vertex   -5.330878e+00 8.728102e-01 2.975000e+01
      vertex   -5.362834e+00 1.029170e+00 3.075000e+01
    endloop
  endfacet
  facet normal 9.797475e-01 2.002367e-01 0.000000e+00
    outer loop
      vertex   -5.362834e+00 1.029170e+00 3.075000e+01
      vertex   -5.330878e+00 8.728102e-01 2.975000e+01
      vertex   -5.362834e+00 1.029170e+00 2.975000e+01
    endloop
  endfacet
  facet normal 9.724679e-01 2.330369e-01 0.000000e+00
    outer loop
      vertex   -5.362834e+00 1.029170e+00 3.075000e+01
      vertex   -5.362834e+00 1.029170e+00 2.975000e+01
      vertex   -5.400025e+00 1.184368e+00 3.075000e+01
    endloop
  endfacet
  facet normal 9.724679e-01 2.330369e-01 0.000000e+00
    outer loop
      vertex   -5.400025e+00 1.184368e+00 3.075000e+01
      vertex   -5.362834e+00 1.029170e+00 2.975000e+01
      vertex   -5.400025e+00 1.184368e+00 2.975000e+01
    endloop
  endfacet
  facet normal 9.640904e-01 2.655741e-01 0.000000e+00
    outer loop
      vertex   -5.400025e+00 1.184368e+00 3.075000e+01
      vertex   -5.400025e+00 1.184368e+00 2.975000e+01
      vertex   -5.442408e+00 1.338230e+00 3.075000e+01
    endloop
  endfacet
  facet normal 9.640904e-01 2.655741e-01 0.000000e+00
    outer loop
      vertex   -5.442408e+00 1.338230e+00 3.075000e+01
      vertex   -5.400025e+00 1.184368e+00 2.975000e+01
      vertex   -5.442408e+00 1.338230e+00 2.975000e+01
    endloop
  endfacet
  facet normal 9.546247e-01 2.978115e-01 0.000000e+00
    outer loop
      vertex   -5.442408e+00 1.338230e+00 3.075000e+01
      vertex   -5.442408e+00 1.338230e+00 2.975000e+01
      vertex   -5.489937e+00 1.490580e+00 3.075000e+01
    endloop
  endfacet
  facet normal 9.546247e-01 2.978115e-01 0.000000e+00
    outer loop
      vertex   -5.489937e+00 1.490580e+00 3.075000e+01
      vertex   -5.442408e+00 1.338230e+00 2.975000e+01
      vertex   -5.489937e+00 1.490580e+00 2.975000e+01
    endloop
  endfacet
  facet normal 9.440813e-01 3.297127e-01 0.000000e+00
    outer loop
      vertex   -5.489937e+00 1.490580e+00 3.075000e+01
      vertex   -5.489937e+00 1.490580e+00 2.975000e+01
      vertex   -5.542556e+00 1.641248e+00 3.075000e+01
    endloop
  endfacet
  facet normal 9.440813e-01 3.297127e-01 0.000000e+00
    outer loop
      vertex   -5.542556e+00 1.641248e+00 3.075000e+01
      vertex   -5.489937e+00 1.490580e+00 2.975000e+01
      vertex   -5.542556e+00 1.641248e+00 2.975000e+01
    endloop
  endfacet
  facet normal 9.324722e-01 3.612417e-01 0.000000e+00
    outer loop
      vertex   -5.542556e+00 1.641248e+00 3.075000e+01
      vertex   -5.542556e+00 1.641248e+00 2.975000e+01
      vertex   -5.600208e+00 1.790063e+00 3.075000e+01
    endloop
  endfacet
  facet normal 9.324722e-01 3.612417e-01 0.000000e+00
    outer loop
      vertex   -5.600208e+00 1.790063e+00 3.075000e+01
      vertex   -5.542556e+00 1.641248e+00 2.975000e+01
      vertex   -5.600208e+00 1.790063e+00 2.975000e+01
    endloop
  endfacet
  facet normal 9.198105e-01 3.923629e-01 0.000000e+00
    outer loop
      vertex   -5.600208e+00 1.790063e+00 3.075000e+01
      vertex   -5.600208e+00 1.790063e+00 2.975000e+01
      vertex   -5.662826e+00 1.936858e+00 3.075000e+01
    endloop
  endfacet
  facet normal 9.198105e-01 3.923629e-01 0.000000e+00
    outer loop
      vertex   -5.662826e+00 1.936858e+00 3.075000e+01
      vertex   -5.600208e+00 1.790063e+00 2.975000e+01
      vertex   -5.662826e+00 1.936858e+00 2.975000e+01
    endloop
  endfacet
  facet normal 9.061105e-01 4.230412e-01 0.000000e+00
    outer loop
      vertex   -5.662826e+00 1.936858e+00 3.075000e+01
      vertex   -5.662826e+00 1.936858e+00 2.975000e+01
      vertex   -5.730340e+00 2.081466e+00 3.075000e+01
    endloop
  endfacet
  facet normal 9.061105e-01 4.230412e-01 0.000000e+00
    outer loop
      vertex   -5.730340e+00 2.081466e+00 3.075000e+01
      vertex   -5.662826e+00 1.936858e+00 2.975000e+01
      vertex   -5.730340e+00 2.081466e+00 2.975000e+01
    endloop
  endfacet
  facet normal 8.913876e-01 4.532419e-01 0.000000e+00
    outer loop
      vertex   -5.730340e+00 2.081466e+00 3.075000e+01
      vertex   -5.730340e+00 2.081466e+00 2.975000e+01
      vertex   -5.802674e+00 2.223724e+00 3.075000e+01
    endloop
  endfacet
  facet normal 8.913876e-01 4.532419e-01 0.000000e+00
    outer loop
      vertex   -5.802674e+00 2.223724e+00 3.075000e+01
      vertex   -5.730340e+00 2.081466e+00 2.975000e+01
      vertex   -5.802674e+00 2.223724e+00 2.975000e+01
    endloop
  endfacet
  facet normal 8.756584e-01 4.829310e-01 0.000000e+00
    outer loop
      vertex   -5.802674e+00 2.223724e+00 3.075000e+01
      vertex   -5.802674e+00 2.223724e+00 2.975000e+01
      vertex   -5.879745e+00 2.363473e+00 3.075000e+01
    endloop
  endfacet
  facet normal 8.756584e-01 4.829310e-01 0.000000e+00
    outer loop
      vertex   -5.879745e+00 2.363473e+00 3.075000e+01
      vertex   -5.802674e+00 2.223724e+00 2.975000e+01
      vertex   -5.879745e+00 2.363473e+00 2.975000e+01
    endloop
  endfacet
  facet normal 8.589408e-01 5.120749e-01 0.000000e+00
    outer loop
      vertex   -5.879745e+00 2.363473e+00 3.075000e+01
      vertex   -5.879745e+00 2.363473e+00 2.975000e+01
      vertex   -5.961469e+00 2.500553e+00 3.075000e+01
    endloop
  endfacet
  facet normal 8.589408e-01 5.120749e-01 0.000000e+00
    outer loop
      vertex   -5.961469e+00 2.500553e+00 3.075000e+01
      vertex   -5.879745e+00 2.363473e+00 2.975000e+01
      vertex   -5.961469e+00 2.500553e+00 2.975000e+01
    endloop
  endfacet
  facet normal 8.412535e-01 5.406408e-01 0.000000e+00
    outer loop
      vertex   -5.961469e+00 2.500553e+00 3.075000e+01
      vertex   -5.961469e+00 2.500553e+00 2.975000e+01
      vertex   -6.047751e+00 2.634810e+00 3.075000e+01
    endloop
  endfacet
  facet normal 8.412535e-01 5.406408e-01 0.000000e+00
    outer loop
      vertex   -6.047751e+00 2.634810e+00 3.075000e+01
      vertex   -5.961469e+00 2.500553e+00 2.975000e+01
      vertex   -6.047751e+00 2.634810e+00 2.975000e+01
    endloop
  endfacet
  facet normal 8.226166e-01 5.685964e-01 0.000000e+00
    outer loop
      vertex   -6.047751e+00 2.634810e+00 3.075000e+01
      vertex   -6.047751e+00 2.634810e+00 2.975000e+01
      vertex   -6.138494e+00 2.766093e+00 3.075000e+01
    endloop
  endfacet
  facet normal 8.226166e-01 5.685964e-01 0.000000e+00
    outer loop
      vertex   -6.138494e+00 2.766093e+00 3.075000e+01
      vertex   -6.047751e+00 2.634810e+00 2.975000e+01
      vertex   -6.138494e+00 2.766093e+00 2.975000e+01
    endloop
  endfacet
  facet normal 8.030511e-01 5.959101e-01 0.000000e+00
    outer loop
      vertex   -6.138494e+00 2.766093e+00 3.075000e+01
      vertex   -6.138494e+00 2.766093e+00 2.975000e+01
      vertex   -6.233597e+00 2.894254e+00 3.075000e+01
    endloop
  endfacet
  facet normal 8.030511e-01 5.959101e-01 0.000000e+00
    outer loop
      vertex   -6.233597e+00 2.894254e+00 3.075000e+01
      vertex   -6.138494e+00 2.766093e+00 2.975000e+01
      vertex   -6.233597e+00 2.894254e+00 2.975000e+01
    endloop
  endfacet
  facet normal 7.825791e-01 6.225512e-01 0.000000e+00
    outer loop
      vertex   -6.233597e+00 2.894254e+00 3.075000e+01
      vertex   -6.233597e+00 2.894254e+00 2.975000e+01
      vertex   -6.332951e+00 3.019147e+00 3.075000e+01
    endloop
  endfacet
  facet normal 7.825791e-01 6.225512e-01 0.000000e+00
    outer loop
      vertex   -6.332951e+00 3.019147e+00 3.075000e+01
      vertex   -6.233597e+00 2.894254e+00 2.975000e+01
      vertex   -6.332951e+00 3.019147e+00 2.975000e+01
    endloop
  endfacet
  facet normal 7.612237e-01 6.484894e-01 0.000000e+00
    outer loop
      vertex   -6.332951e+00 3.019147e+00 3.075000e+01
      vertex   -6.332951e+00 3.019147e+00 2.975000e+01
      vertex   -6.436445e+00 3.140633e+00 3.075000e+01
    endloop
  endfacet
  facet normal 7.612237e-01 6.484894e-01 0.000000e+00
    outer loop
      vertex   -6.436445e+00 3.140633e+00 3.075000e+01
      vertex   -6.332951e+00 3.019147e+00 2.975000e+01
      vertex   -6.436445e+00 3.140633e+00 2.975000e+01
    endloop
  endfacet
  facet normal 7.390089e-01 6.736956e-01 0.000000e+00
    outer loop
      vertex   -6.436445e+00 3.140633e+00 3.075000e+01
      vertex   -6.436445e+00 3.140633e+00 2.975000e+01
      vertex   -6.543961e+00 3.258573e+00 3.075000e+01
    endloop
  endfacet
  facet normal 7.390089e-01 6.736956e-01 0.000000e+00
    outer loop
      vertex   -6.543961e+00 3.258573e+00 3.075000e+01
      vertex   -6.436445e+00 3.140633e+00 2.975000e+01
      vertex   -6.543961e+00 3.258573e+00 2.975000e+01
    endloop
  endfacet
  facet normal 7.159599e-01 6.981414e-01 0.000000e+00
    outer loop
      vertex   -6.543961e+00 3.258573e+00 3.075000e+01
      vertex   -6.543961e+00 3.258573e+00 2.975000e+01
      vertex   -6.655379e+00 3.372834e+00 3.075000e+01
    endloop
  endfacet
  facet normal 7.159599e-01 6.981414e-01 0.000000e+00
    outer loop
      vertex   -6.655379e+00 3.372834e+00 3.075000e+01
      vertex   -6.543961e+00 3.258573e+00 2.975000e+01
      vertex   -6.655379e+00 3.372834e+00 2.975000e+01
    endloop
  endfacet
  facet normal 6.921028e-01 7.217990e-01 0.000000e+00
    outer loop
      vertex   -6.655379e+00 3.372834e+00 3.075000e+01
      vertex   -6.655379e+00 3.372834e+00 2.975000e+01
      vertex   -6.770573e+00 3.483288e+00 3.075000e+01
    endloop
  endfacet
  facet normal 6.921028e-01 7.217990e-01 0.000000e+00
    outer loop
      vertex   -6.770573e+00 3.483288e+00 3.075000e+01
      vertex   -6.655379e+00 3.372834e+00 2.975000e+01
      vertex   -6.770573e+00 3.483288e+00 2.975000e+01
    endloop
  endfacet
  facet normal 6.674643e-01 7.446418e-01 0.000000e+00
    outer loop
      vertex   -6.770573e+00 3.483288e+00 3.075000e+01
      vertex   -6.770573e+00 3.483288e+00 2.975000e+01
      vertex   -6.889412e+00 3.589810e+00 3.075000e+01
    endloop
  endfacet
  facet normal 6.674643e-01 7.446418e-01 0.000000e+00
    outer loop
      vertex   -6.889412e+00 3.589810e+00 3.075000e+01
      vertex   -6.770573e+00 3.483288e+00 2.975000e+01
      vertex   -6.889412e+00 3.589810e+00 2.975000e+01
    endloop
  endfacet
  facet normal 6.420724e-01 7.666440e-01 0.000000e+00
    outer loop
      vertex   -6.889412e+00 3.589810e+00 3.075000e+01
      vertex   -6.889412e+00 3.589810e+00 2.975000e+01
      vertex   -7.011762e+00 3.692280e+00 3.075000e+01
    endloop
  endfacet
  facet normal 6.420724e-01 7.666440e-01 0.000000e+00
    outer loop
      vertex   -7.011762e+00 3.692280e+00 3.075000e+01
      vertex   -6.889412e+00 3.589810e+00 2.975000e+01
      vertex   -7.011762e+00 3.692280e+00 2.975000e+01
    endloop
  endfacet
  facet normal 6.159556e-01 7.877809e-01 0.000000e+00
    outer loop
      vertex   -7.011762e+00 3.692280e+00 3.075000e+01
      vertex   -7.011762e+00 3.692280e+00 2.975000e+01
      vertex   -7.137485e+00 3.790582e+00 3.075000e+01
    endloop
  endfacet
  facet normal 6.159556e-01 7.877809e-01 0.000000e+00
    outer loop
      vertex   -7.137485e+00 3.790582e+00 3.075000e+01
      vertex   -7.011762e+00 3.692280e+00 2.975000e+01
      vertex   -7.137485e+00 3.790582e+00 2.975000e+01
    endloop
  endfacet
  facet normal 5.891436e-01 8.080284e-01 0.000000e+00
    outer loop
      vertex   -7.137485e+00 3.790582e+00 3.075000e+01
      vertex   -7.137485e+00 3.790582e+00 2.975000e+01
      vertex   -7.266440e+00 3.884605e+00 3.075000e+01
    endloop
  endfacet
  facet normal 5.891436e-01 8.080284e-01 0.000000e+00
    outer loop
      vertex   -7.266440e+00 3.884605e+00 3.075000e+01
      vertex   -7.137485e+00 3.790582e+00 2.975000e+01
      vertex   -7.266440e+00 3.884605e+00 2.975000e+01
    endloop
  endfacet
  facet normal 5.616665e-01 8.273638e-01 0.000000e+00
    outer loop
      vertex   -7.266440e+00 3.884605e+00 3.075000e+01
      vertex   -7.266440e+00 3.884605e+00 2.975000e+01
      vertex   -7.398481e+00 3.974242e+00 3.075000e+01
    endloop
  endfacet
  facet normal 5.616665e-01 8.273638e-01 0.000000e+00
    outer loop
      vertex   -7.398481e+00 3.974242e+00 3.075000e+01
      vertex   -7.266440e+00 3.884605e+00 2.975000e+01
      vertex   -7.398481e+00 3.974242e+00 2.975000e+01
    endloop
  endfacet
  facet normal 5.335553e-01 8.457652e-01 0.000000e+00
    outer loop
      vertex   -7.398481e+00 3.974242e+00 3.075000e+01
      vertex   -7.398481e+00 3.974242e+00 2.975000e+01
      vertex   -7.533459e+00 4.059393e+00 3.075000e+01
    endloop
  endfacet
  facet normal 5.335553e-01 8.457652e-01 0.000000e+00
    outer loop
      vertex   -7.533459e+00 4.059393e+00 3.075000e+01
      vertex   -7.398481e+00 3.974242e+00 2.975000e+01
      vertex   -7.533459e+00 4.059393e+00 2.975000e+01
    endloop
  endfacet
  facet normal 5.048419e-01 8.632118e-01 0.000000e+00
    outer loop
      vertex   -7.533459e+00 4.059393e+00 3.075000e+01
      vertex   -7.533459e+00 4.059393e+00 2.975000e+01
      vertex   -7.671220e+00 4.139962e+00 3.075000e+01
    endloop
  endfacet
  facet normal 5.048419e-01 8.632118e-01 0.000000e+00
    outer loop
      vertex   -7.671220e+00 4.139962e+00 3.075000e+01
      vertex   -7.533459e+00 4.059393e+00 2.975000e+01
      vertex   -7.671220e+00 4.139962e+00 2.975000e+01
    endloop
  endfacet
  facet normal 4.755585e-01 8.796841e-01 0.000000e+00
    outer loop
      vertex   -7.671220e+00 4.139962e+00 3.075000e+01
      vertex   -7.671220e+00 4.139962e+00 2.975000e+01
      vertex   -7.811611e+00 4.215857e+00 3.075000e+01
    endloop
  endfacet
  facet normal 4.755585e-01 8.796841e-01 0.000000e+00
    outer loop
      vertex   -7.811611e+00 4.215857e+00 3.075000e+01
      vertex   -7.671220e+00 4.139962e+00 2.975000e+01
      vertex   -7.811611e+00 4.215857e+00 2.975000e+01
    endloop
  endfacet
  facet normal 4.457384e-01 8.951633e-01 0.000000e+00
    outer loop
      vertex   -7.811611e+00 4.215857e+00 3.075000e+01
      vertex   -7.811611e+00 4.215857e+00 2.975000e+01
      vertex   -7.954472e+00 4.286994e+00 3.075000e+01
    endloop
  endfacet
  facet normal 4.457384e-01 8.951633e-01 0.000000e+00
    outer loop
      vertex   -7.954472e+00 4.286994e+00 3.075000e+01
      vertex   -7.811611e+00 4.215857e+00 2.975000e+01
      vertex   -7.954472e+00 4.286994e+00 2.975000e+01
    endloop
  endfacet
  facet normal 4.154150e-01 9.096320e-01 0.000000e+00
    outer loop
      vertex   -7.954472e+00 4.286994e+00 3.075000e+01
      vertex   -7.954472e+00 4.286994e+00 2.975000e+01
      vertex   -8.099642e+00 4.353291e+00 3.075000e+01
    endloop
  endfacet
  facet normal 4.154150e-01 9.096320e-01 0.000000e+00
    outer loop
      vertex   -8.099642e+00 4.353291e+00 3.075000e+01
      vertex   -7.954472e+00 4.286994e+00 2.975000e+01
      vertex   -8.099642e+00 4.353291e+00 2.975000e+01
    endloop
  endfacet
  facet normal 3.846227e-01 9.230739e-01 0.000000e+00
    outer loop
      vertex   -8.099642e+00 4.353291e+00 3.075000e+01
      vertex   -8.099642e+00 4.353291e+00 2.975000e+01
      vertex   -8.246958e+00 4.414673e+00 3.075000e+01
    endloop
  endfacet
  facet normal 3.846227e-01 9.230739e-01 0.000000e+00
    outer loop
      vertex   -8.246958e+00 4.414673e+00 3.075000e+01
      vertex   -8.099642e+00 4.353291e+00 2.975000e+01
      vertex   -8.246958e+00 4.414673e+00 2.975000e+01
    endloop
  endfacet
  facet normal 3.533963e-01 9.354737e-01 0.000000e+00
    outer loop
      vertex   -8.246958e+00 4.414673e+00 3.075000e+01
      vertex   -8.246958e+00 4.414673e+00 2.975000e+01
      vertex   -8.396252e+00 4.471073e+00 3.075000e+01
    endloop
  endfacet
  facet normal 3.533963e-01 9.354737e-01 0.000000e+00
    outer loop
      vertex   -8.396252e+00 4.471073e+00 3.075000e+01
      vertex   -8.246958e+00 4.414673e+00 2.975000e+01
      vertex   -8.396252e+00 4.471073e+00 2.975000e+01
    endloop
  endfacet
  facet normal 3.217709e-01 9.468176e-01 0.000000e+00
    outer loop
      vertex   -8.396252e+00 4.471073e+00 3.075000e+01
      vertex   -8.396252e+00 4.471073e+00 2.975000e+01
      vertex   -8.547356e+00 4.522425e+00 3.075000e+01
    endloop
  endfacet
  facet normal 3.217709e-01 9.468176e-01 0.000000e+00
    outer loop
      vertex   -8.547356e+00 4.522425e+00 3.075000e+01
      vertex   -8.396252e+00 4.471073e+00 2.975000e+01
      vertex   -8.547356e+00 4.522425e+00 2.975000e+01
    endloop
  endfacet
  facet normal 2.897822e-01 9.570926e-01 0.000000e+00
    outer loop
      vertex   -8.547356e+00 4.522425e+00 3.075000e+01
      vertex   -8.547356e+00 4.522425e+00 2.975000e+01
      vertex   -8.700101e+00 4.568672e+00 3.075000e+01
    endloop
  endfacet
  facet normal 2.897822e-01 9.570926e-01 0.000000e+00
    outer loop
      vertex   -8.700101e+00 4.568672e+00 3.075000e+01
      vertex   -8.547356e+00 4.522425e+00 2.975000e+01
      vertex   -8.700101e+00 4.568672e+00 2.975000e+01
    endloop
  endfacet
  facet normal 2.574665e-01 9.662872e-01 0.000000e+00
    outer loop
      vertex   -8.700101e+00 4.568672e+00 3.075000e+01
      vertex   -8.700101e+00 4.568672e+00 2.975000e+01
      vertex   -8.854313e+00 4.609761e+00 3.075000e+01
    endloop
  endfacet
  facet normal 2.574665e-01 9.662872e-01 0.000000e+00
    outer loop
      vertex   -8.854313e+00 4.609761e+00 3.075000e+01
      vertex   -8.700101e+00 4.568672e+00 2.975000e+01
      vertex   -8.854313e+00 4.609761e+00 2.975000e+01
    endloop
  endfacet
  facet normal 2.248601e-01 9.743911e-01 0.000000e+00
    outer loop
      vertex   -8.854313e+00 4.609761e+00 3.075000e+01
      vertex   -8.854313e+00 4.609761e+00 2.975000e+01
      vertex   -9.009818e+00 4.645647e+00 3.075000e+01
    endloop
  endfacet
  facet normal 2.248601e-01 9.743911e-01 0.000000e+00
    outer loop
      vertex   -9.009818e+00 4.645647e+00 3.075000e+01
      vertex   -8.854313e+00 4.609761e+00 2.975000e+01
      vertex   -9.009818e+00 4.645647e+00 2.975000e+01
    endloop
  endfacet
  facet normal 1.919999e-01 9.813949e-01 0.000000e+00
    outer loop
      vertex   -9.009818e+00 4.645647e+00 3.075000e+01
      vertex   -9.009818e+00 4.645647e+00 2.975000e+01
      vertex   -9.166441e+00 4.676289e+00 3.075000e+01
    endloop
  endfacet
  facet normal 1.919999e-01 9.813949e-01 0.000000e+00
    outer loop
      vertex   -9.166441e+00 4.676289e+00 3.075000e+01
      vertex   -9.009818e+00 4.645647e+00 2.975000e+01
      vertex   -9.166441e+00 4.676289e+00 2.975000e+01
    endloop
  endfacet
  facet normal 1.589229e-01 9.872910e-01 0.000000e+00
    outer loop
      vertex   -9.166441e+00 4.676289e+00 3.075000e+01
      vertex   -9.166441e+00 4.676289e+00 2.975000e+01
      vertex   -9.324005e+00 4.701652e+00 3.075000e+01
    endloop
  endfacet
  facet normal 1.589229e-01 9.872910e-01 0.000000e+00
    outer loop
      vertex   -9.324005e+00 4.701652e+00 3.075000e+01
      vertex   -9.166441e+00 4.676289e+00 2.975000e+01
      vertex   -9.324005e+00 4.701652e+00 2.975000e+01
    endloop
  endfacet
  facet normal 1.256666e-01 9.920725e-01 0.000000e+00
    outer loop
      vertex   -9.324005e+00 4.701652e+00 3.075000e+01
      vertex   -9.324005e+00 4.701652e+00 2.975000e+01
      vertex   -9.482331e+00 4.721707e+00 3.075000e+01
    endloop
  endfacet
  facet normal 1.256666e-01 9.920725e-01 0.000000e+00
    outer loop
      vertex   -9.482331e+00 4.721707e+00 3.075000e+01
      vertex   -9.324005e+00 4.701652e+00 2.975000e+01
      vertex   -9.482331e+00 4.721707e+00 2.975000e+01
    endloop
  endfacet
  facet normal 9.226836e-02 9.957342e-01 0.000000e+00
    outer loop
      vertex   -9.482331e+00 4.721707e+00 3.075000e+01
      vertex   -9.482331e+00 4.721707e+00 2.975000e+01
      vertex   -9.641243e+00 4.736433e+00 3.075000e+01
    endloop
  endfacet
  facet normal 9.226836e-02 9.957342e-01 0.000000e+00
    outer loop
      vertex   -9.641243e+00 4.736433e+00 3.075000e+01
      vertex   -9.482331e+00 4.721707e+00 2.975000e+01
      vertex   -9.641243e+00 4.736433e+00 2.975000e+01
    endloop
  endfacet
  facet normal 5.876599e-02 9.982718e-01 0.000000e+00
    outer loop
      vertex   -9.641243e+00 4.736433e+00 3.075000e+01
      vertex   -9.641243e+00 4.736433e+00 2.975000e+01
      vertex   -9.800559e+00 4.745811e+00 3.075000e+01
    endloop
  endfacet
  facet normal 5.876599e-02 9.982718e-01 0.000000e+00
    outer loop
      vertex   -9.800559e+00 4.745811e+00 3.075000e+01
      vertex   -9.641243e+00 4.736433e+00 2.975000e+01
      vertex   -9.800559e+00 4.745811e+00 2.975000e+01
    endloop
  endfacet
  facet normal 2.519727e-02 9.996825e-01 0.000000e+00
    outer loop
      vertex   -9.800559e+00 4.745811e+00 3.075000e+01
      vertex   -9.800559e+00 4.745811e+00 2.975000e+01
      vertex   -9.960101e+00 4.749832e+00 3.075000e+01
    endloop
  endfacet
  facet normal 2.519727e-02 9.996825e-01 0.000000e+00
    outer loop
      vertex   -9.960101e+00 4.749832e+00 3.075000e+01
      vertex   -9.800559e+00 4.745811e+00 2.975000e+01
      vertex   -9.960101e+00 4.749832e+00 2.975000e+01
    endloop
  endfacet
  facet normal -8.399882e-03 9.999647e-01 0.000000e+00
    outer loop
      vertex   -9.960101e+00 4.749832e+00 3.075000e+01
      vertex   -9.960101e+00 4.749832e+00 2.975000e+01
      vertex   -1.011969e+01 4.748492e+00 3.075000e+01
    endloop
  endfacet
  facet normal -8.399882e-03 9.999647e-01 0.000000e+00
    outer loop
      vertex   -1.011969e+01 4.748492e+00 3.075000e+01
      vertex   -9.960101e+00 4.749832e+00 2.975000e+01
      vertex   -1.011969e+01 4.748492e+00 2.975000e+01
    endloop
  endfacet
  facet normal -4.198755e-02 9.991181e-01 0.000000e+00
    outer loop
      vertex   -1.011969e+01 4.748492e+00 3.075000e+01
      vertex   -1.011969e+01 4.748492e+00 2.975000e+01
      vertex   -1.027914e+01 4.741791e+00 3.075000e+01
    endloop
  endfacet
  facet normal -4.198755e-02 9.991181e-01 0.000000e+00
    outer loop
      vertex   -1.027914e+01 4.741791e+00 3.075000e+01
      vertex   -1.011969e+01 4.748492e+00 2.975000e+01
      vertex   -1.027914e+01 4.741791e+00 2.975000e+01
    endloop
  endfacet
  facet normal -7.552783e-02 9.971437e-01 0.000000e+00
    outer loop
      vertex   -1.027914e+01 4.741791e+00 3.075000e+01
      vertex   -1.027914e+01 4.741791e+00 2.975000e+01
      vertex   -1.043827e+01 4.729737e+00 3.075000e+01
    endloop
  endfacet
  facet normal -7.552783e-02 9.971437e-01 0.000000e+00
    outer loop
      vertex   -1.043827e+01 4.729737e+00 3.075000e+01
      vertex   -1.027914e+01 4.741791e+00 2.975000e+01
      vertex   -1.043827e+01 4.729737e+00 2.975000e+01
    endloop
  endfacet
  facet normal -1.089828e-01 9.940436e-01 0.000000e+00
    outer loop
      vertex   -1.043827e+01 4.729737e+00 3.075000e+01
      vertex   -1.043827e+01 4.729737e+00 2.975000e+01
      vertex   -1.059692e+01 4.712345e+00 3.075000e+01
    endloop
  endfacet
  facet normal -1.089828e-01 9.940436e-01 0.000000e+00
    outer loop
      vertex   -1.059692e+01 4.712345e+00 3.075000e+01
      vertex   -1.043827e+01 4.729737e+00 2.975000e+01
      vertex   -1.059692e+01 4.712345e+00 2.975000e+01
    endloop
  endfacet
  facet normal -1.423148e-01 9.898214e-01 0.000000e+00
    outer loop
      vertex   -1.059692e+01 4.712345e+00 3.075000e+01
      vertex   -1.059692e+01 4.712345e+00 2.975000e+01
      vertex   -1.075488e+01 4.689632e+00 3.075000e+01
    endloop
  endfacet
  facet normal -1.423148e-01 9.898214e-01 0.000000e+00
    outer loop
      vertex   -1.075488e+01 4.689632e+00 3.075000e+01
      vertex   -1.059692e+01 4.712345e+00 2.975000e+01
      vertex   -1.075488e+01 4.689632e+00 2.975000e+01
    endloop
  endfacet
  facet normal -1.754862e-01 9.844819e-01 0.000000e+00
    outer loop
      vertex   -1.075488e+01 4.689632e+00 3.075000e+01
      vertex   -1.075488e+01 4.689632e+00 2.975000e+01
      vertex   -1.091200e+01 4.661626e+00 3.075000e+01
    endloop
  endfacet
  facet normal -1.754862e-01 9.844819e-01 0.000000e+00
    outer loop
      vertex   -1.091200e+01 4.661626e+00 3.075000e+01
      vertex   -1.075488e+01 4.689632e+00 2.975000e+01
      vertex   -1.091200e+01 4.661626e+00 2.975000e+01
    endloop
  endfacet
  facet normal -2.084594e-01 9.780310e-01 0.000000e+00
    outer loop
      vertex   -1.091200e+01 4.661626e+00 3.075000e+01
      vertex   -1.091200e+01 4.661626e+00 2.975000e+01
      vertex   -1.106809e+01 4.628358e+00 3.075000e+01
    endloop
  endfacet
  facet normal -2.084594e-01 9.780310e-01 0.000000e+00
    outer loop
      vertex   -1.106809e+01 4.628358e+00 3.075000e+01
      vertex   -1.091200e+01 4.661626e+00 2.975000e+01
      vertex   -1.106809e+01 4.628358e+00 2.975000e+01
    endloop
  endfacet
  facet normal -2.411973e-01 9.704761e-01 0.000000e+00
    outer loop
      vertex   -1.106809e+01 4.628358e+00 3.075000e+01
      vertex   -1.106809e+01 4.628358e+00 2.975000e+01
      vertex   -1.122297e+01 4.589864e+00 3.075000e+01
    endloop
  endfacet
  facet normal -2.411973e-01 9.704761e-01 0.000000e+00
    outer loop
      vertex   -1.122297e+01 4.589864e+00 3.075000e+01
      vertex   -1.106809e+01 4.628358e+00 2.975000e+01
      vertex   -1.122297e+01 4.589864e+00 2.975000e+01
    endloop
  endfacet
  facet normal -2.736630e-01 9.618256e-01 0.000000e+00
    outer loop
      vertex   -1.122297e+01 4.589864e+00 3.075000e+01
      vertex   -1.122297e+01 4.589864e+00 2.975000e+01
      vertex   -1.137647e+01 4.546190e+00 3.075000e+01
    endloop
  endfacet
  facet normal -2.736630e-01 9.618256e-01 0.000000e+00
    outer loop
      vertex   -1.137647e+01 4.546190e+00 3.075000e+01
      vertex   -1.122297e+01 4.589864e+00 2.975000e+01
      vertex   -1.137647e+01 4.546190e+00 2.975000e+01
    endloop
  endfacet
  facet normal -3.058197e-01 9.520894e-01 0.000000e+00
    outer loop
      vertex   -1.137647e+01 4.546190e+00 3.075000e+01
      vertex   -1.137647e+01 4.546190e+00 2.975000e+01
      vertex   -1.152841e+01 4.497383e+00 3.075000e+01
    endloop
  endfacet
  facet normal -3.058197e-01 9.520894e-01 0.000000e+00
    outer loop
      vertex   -1.152841e+01 4.497383e+00 3.075000e+01
      vertex   -1.137647e+01 4.546190e+00 2.975000e+01
      vertex   -1.152841e+01 4.497383e+00 2.975000e+01
    endloop
  endfacet
  facet normal -3.376312e-01 9.412785e-01 0.000000e+00
    outer loop
      vertex   -1.152841e+01 4.497383e+00 3.075000e+01
      vertex   -1.152841e+01 4.497383e+00 2.975000e+01
      vertex   -1.167863e+01 4.443500e+00 3.075000e+01
    endloop
  endfacet
  facet normal -3.376312e-01 9.412785e-01 0.000000e+00
    outer loop
      vertex   -1.167863e+01 4.443500e+00 3.075000e+01
      vertex   -1.152841e+01 4.497383e+00 2.975000e+01
      vertex   -1.167863e+01 4.443500e+00 2.975000e+01
    endloop
  endfacet
  facet normal -3.690616e-01 9.294049e-01 0.000000e+00
    outer loop
      vertex   -1.167863e+01 4.443500e+00 3.075000e+01
      vertex   -1.167863e+01 4.443500e+00 2.975000e+01
      vertex   -1.182696e+01 4.384601e+00 3.075000e+01
    endloop
  endfacet
  facet normal -3.690616e-01 9.294049e-01 0.000000e+00
    outer loop
      vertex   -1.182696e+01 4.384601e+00 3.075000e+01
      vertex   -1.167863e+01 4.443500e+00 2.975000e+01
      vertex   -1.182696e+01 4.384601e+00 2.975000e+01
    endloop
  endfacet
  facet normal -4.000753e-01 9.164823e-01 0.000000e+00
    outer loop
      vertex   -1.182696e+01 4.384601e+00 3.075000e+01
      vertex   -1.182696e+01 4.384601e+00 2.975000e+01
      vertex   -1.197322e+01 4.320752e+00 3.075000e+01
    endloop
  endfacet
  facet normal -4.000753e-01 9.164823e-01 0.000000e+00
    outer loop
      vertex   -1.197322e+01 4.320752e+00 3.075000e+01
      vertex   -1.182696e+01 4.384601e+00 2.975000e+01
      vertex   -1.197322e+01 4.320752e+00 2.975000e+01
    endloop
  endfacet
  facet normal -4.306375e-01 9.025250e-01 0.000000e+00
    outer loop
      vertex   -1.197322e+01 4.320752e+00 3.075000e+01
      vertex   -1.197322e+01 4.320752e+00 2.975000e+01
      vertex   -1.211726e+01 4.252026e+00 3.075000e+01
    endloop
  endfacet
  facet normal -4.306375e-01 9.025250e-01 0.000000e+00
    outer loop
      vertex   -1.211726e+01 4.252026e+00 3.075000e+01
      vertex   -1.197322e+01 4.320752e+00 2.975000e+01
      vertex   -1.211726e+01 4.252026e+00 2.975000e+01
    endloop
  endfacet
  facet normal -4.607135e-01 8.875489e-01 0.000000e+00
    outer loop
      vertex   -1.211726e+01 4.252026e+00 3.075000e+01
      vertex   -1.211726e+01 4.252026e+00 2.975000e+01
      vertex   -1.225890e+01 4.178499e+00 3.075000e+01
    endloop
  endfacet
  facet normal -4.607135e-01 8.875489e-01 0.000000e+00
    outer loop
      vertex   -1.225890e+01 4.178499e+00 3.075000e+01
      vertex   -1.211726e+01 4.252026e+00 2.975000e+01
      vertex   -1.225890e+01 4.178499e+00 2.975000e+01
    endloop
  endfacet
  facet normal -4.902694e-01 8.715710e-01 0.000000e+00
    outer loop
      vertex   -1.225890e+01 4.178499e+00 3.075000e+01
      vertex   -1.225890e+01 4.178499e+00 2.975000e+01
      vertex   -1.239800e+01 4.100256e+00 3.075000e+01
    endloop
  endfacet
  facet normal -4.902694e-01 8.715710e-01 0.000000e+00
    outer loop
      vertex   -1.239800e+01 4.100256e+00 3.075000e+01
      vertex   -1.225890e+01 4.178499e+00 2.975000e+01
      vertex   -1.239800e+01 4.100256e+00 2.975000e+01
    endloop
  endfacet
  facet normal -5.192719e-01 8.546091e-01 0.000000e+00
    outer loop
      vertex   -1.239800e+01 4.100256e+00 3.075000e+01
      vertex   -1.239800e+01 4.100256e+00 2.975000e+01
      vertex   -1.253439e+01 4.017385e+00 3.075000e+01
    endloop
  endfacet
  facet normal -5.192719e-01 8.546091e-01 0.000000e+00
    outer loop
      vertex   -1.253439e+01 4.017385e+00 3.075000e+01
      vertex   -1.239800e+01 4.100256e+00 2.975000e+01
      vertex   -1.253439e+01 4.017385e+00 2.975000e+01
    endloop
  endfacet
  facet normal -5.476882e-01 8.366825e-01 0.000000e+00
    outer loop
      vertex   -1.253439e+01 4.017385e+00 3.075000e+01
      vertex   -1.253439e+01 4.017385e+00 2.975000e+01
      vertex   -1.266792e+01 3.929978e+00 3.075000e+01
    endloop
  endfacet
  facet normal -5.476882e-01 8.366825e-01 0.000000e+00
    outer loop
      vertex   -1.266792e+01 3.929978e+00 3.075000e+01
      vertex   -1.253439e+01 4.017385e+00 2.975000e+01
      vertex   -1.266792e+01 3.929978e+00 2.975000e+01
    endloop
  endfacet
  facet normal -5.754862e-01 8.178115e-01 0.000000e+00
    outer loop
      vertex   -1.266792e+01 3.929978e+00 3.075000e+01
      vertex   -1.266792e+01 3.929978e+00 2.975000e+01
      vertex   -1.279843e+01 3.838135e+00 3.075000e+01
    endloop
  endfacet
  facet normal -5.754862e-01 8.178115e-01 0.000000e+00
    outer loop
      vertex   -1.279843e+01 3.838135e+00 3.075000e+01
      vertex   -1.266792e+01 3.929978e+00 2.975000e+01
      vertex   -1.279843e+01 3.838135e+00 2.975000e+01
    endloop
  endfacet
  facet normal -6.026346e-01 7.980172e-01 0.000000e+00
    outer loop
      vertex   -1.279843e+01 3.838135e+00 3.075000e+01
      vertex   -1.279843e+01 3.838135e+00 2.975000e+01
      vertex   -1.292579e+01 3.741959e+00 3.075000e+01
    endloop
  endfacet
  facet normal -6.026346e-01 7.980172e-01 0.000000e+00
    outer loop
      vertex   -1.292579e+01 3.741959e+00 3.075000e+01
      vertex   -1.279843e+01 3.838135e+00 2.975000e+01
      vertex   -1.292579e+01 3.741959e+00 2.975000e+01
    endloop
  endfacet
  facet normal -6.291028e-01 7.773221e-01 0.000000e+00
    outer loop
      vertex   -1.292579e+01 3.741959e+00 3.075000e+01
      vertex   -1.292579e+01 3.741959e+00 2.975000e+01
      vertex   -1.304984e+01 3.641559e+00 3.075000e+01
    endloop
  endfacet
  facet normal -6.291028e-01 7.773221e-01 0.000000e+00
    outer loop
      vertex   -1.304984e+01 3.641559e+00 3.075000e+01
      vertex   -1.292579e+01 3.741959e+00 2.975000e+01
      vertex   -1.304984e+01 3.641559e+00 2.975000e+01
    endloop
  endfacet
  facet normal -6.548607e-01 7.557496e-01 0.000000e+00
    outer loop
      vertex   -1.304984e+01 3.641559e+00 3.075000e+01
      vertex   -1.304984e+01 3.641559e+00 2.975000e+01
      vertex   -1.317046e+01 3.537049e+00 3.075000e+01
    endloop
  endfacet
  facet normal -6.548607e-01 7.557496e-01 0.000000e+00
    outer loop
      vertex   -1.317046e+01 3.537049e+00 3.075000e+01
      vertex   -1.304984e+01 3.641559e+00 2.975000e+01
      vertex   -1.317046e+01 3.537049e+00 2.975000e+01
    endloop
  endfacet
  facet normal -6.798795e-01 7.333239e-01 0.000000e+00
    outer loop
      vertex   -1.317046e+01 3.537049e+00 3.075000e+01
      vertex   -1.317046e+01 3.537049e+00 2.975000e+01
      vertex   -1.328749e+01 3.428545e+00 3.075000e+01
    endloop
  endfacet
  facet normal -6.798795e-01 7.333239e-01 0.000000e+00
    outer loop
      vertex   -1.328749e+01 3.428545e+00 3.075000e+01
      vertex   -1.317046e+01 3.537049e+00 2.975000e+01
      vertex   -1.328749e+01 3.428545e+00 2.975000e+01
    endloop
  endfacet
  facet normal -7.041307e-01 7.100704e-01 0.000000e+00
    outer loop
      vertex   -1.328749e+01 3.428545e+00 3.075000e+01
      vertex   -1.328749e+01 3.428545e+00 2.975000e+01
      vertex   -1.340081e+01 3.316171e+00 3.075000e+01
    endloop
  endfacet
  facet normal -7.041307e-01 7.100704e-01 0.000000e+00
    outer loop
      vertex   -1.340081e+01 3.316171e+00 3.075000e+01
      vertex   -1.328749e+01 3.428545e+00 2.975000e+01
      vertex   -1.340081e+01 3.316171e+00 2.975000e+01
    endloop
  endfacet
  facet normal -7.275871e-01 6.860153e-01 0.000000e+00
    outer loop
      vertex   -1.340081e+01 3.316171e+00 3.075000e+01
      vertex   -1.340081e+01 3.316171e+00 2.975000e+01
      vertex   -1.351029e+01 3.200054e+00 3.075000e+01
    endloop
  endfacet
  facet normal -7.275871e-01 6.860153e-01 0.000000e+00
    outer loop
      vertex   -1.351029e+01 3.200054e+00 3.075000e+01
      vertex   -1.340081e+01 3.316171e+00 2.975000e+01
      vertex   -1.351029e+01 3.200054e+00 2.975000e+01
    endloop
  endfacet
  facet normal -7.502222e-01 6.611858e-01 0.000000e+00
    outer loop
      vertex   -1.351029e+01 3.200054e+00 3.075000e+01
      vertex   -1.351029e+01 3.200054e+00 2.975000e+01
      vertex   -1.361581e+01 3.080325e+00 3.075000e+01
    endloop
  endfacet
  facet normal -7.502222e-01 6.611858e-01 0.000000e+00
    outer loop
      vertex   -1.361581e+01 3.080325e+00 3.075000e+01
      vertex   -1.351029e+01 3.200054e+00 2.975000e+01
      vertex   -1.361581e+01 3.080325e+00 2.975000e+01
    endloop
  endfacet
  facet normal -7.720103e-01 6.356100e-01 0.000000e+00
    outer loop
      vertex   -1.361581e+01 3.080325e+00 3.075000e+01
      vertex   -1.361581e+01 3.080325e+00 2.975000e+01
      vertex   -1.371725e+01 2.957118e+00 3.075000e+01
    endloop
  endfacet
  facet normal -7.720103e-01 6.356100e-01 0.000000e+00
    outer loop
      vertex   -1.371725e+01 2.957118e+00 3.075000e+01
      vertex   -1.361581e+01 3.080325e+00 2.975000e+01
      vertex   -1.371725e+01 2.957118e+00 2.975000e+01
    endloop
  endfacet
  facet normal -7.929270e-01 6.093166e-01 0.000000e+00
    outer loop
      vertex   -1.371725e+01 2.957118e+00 3.075000e+01
      vertex   -1.371725e+01 2.957118e+00 2.975000e+01
      vertex   -1.381449e+01 2.830573e+00 3.075000e+01
    endloop
  endfacet
  facet normal -7.929270e-01 6.093166e-01 0.000000e+00
    outer loop
      vertex   -1.381449e+01 2.830573e+00 3.075000e+01
      vertex   -1.371725e+01 2.957118e+00 2.975000e+01
      vertex   -1.381449e+01 2.830573e+00 2.975000e+01
    endloop
  endfacet
  facet normal -8.129486e-01 5.823354e-01 0.000000e+00
    outer loop
      vertex   -1.381449e+01 2.830573e+00 3.075000e+01
      vertex   -1.381449e+01 2.830573e+00 2.975000e+01
      vertex   -1.390743e+01 2.700833e+00 3.075000e+01
    endloop
  endfacet
  facet normal -8.129486e-01 5.823354e-01 0.000000e+00
    outer loop
      vertex   -1.390743e+01 2.700833e+00 3.075000e+01
      vertex   -1.381449e+01 2.830573e+00 2.975000e+01
      vertex   -1.390743e+01 2.700833e+00 2.975000e+01
    endloop
  endfacet
  facet normal -8.320525e-01 5.546969e-01 0.000000e+00
    outer loop
      vertex   -1.390743e+01 2.700833e+00 3.075000e+01
      vertex   -1.390743e+01 2.700833e+00 2.975000e+01
      vertex   -1.399595e+01 2.568044e+00 3.075000e+01
    endloop
  endfacet
  facet normal -8.320525e-01 5.546969e-01 0.000000e+00
    outer loop
      vertex   -1.399595e+01 2.568044e+00 3.075000e+01
      vertex   -1.390743e+01 2.700833e+00 2.975000e+01
      vertex   -1.399595e+01 2.568044e+00 2.975000e+01
    endloop
  endfacet
  facet normal -8.502171e-01 5.264322e-01 0.000000e+00
    outer loop
      vertex   -1.399595e+01 2.568044e+00 3.075000e+01
      vertex   -1.399595e+01 2.568044e+00 2.975000e+01
      vertex   -1.407997e+01 2.432356e+00 3.075000e+01
    endloop
  endfacet
  facet normal -8.502171e-01 5.264322e-01 0.000000e+00
    outer loop
      vertex   -1.407997e+01 2.432356e+00 3.075000e+01
      vertex   -1.399595e+01 2.568044e+00 2.975000e+01
      vertex   -1.407997e+01 2.432356e+00 2.975000e+01
    endloop
  endfacet
  facet normal -8.674220e-01 4.975732e-01 0.000000e+00
    outer loop
      vertex   -1.407997e+01 2.432356e+00 3.075000e+01
      vertex   -1.407997e+01 2.432356e+00 2.975000e+01
      vertex   -1.415938e+01 2.293922e+00 3.075000e+01
    endloop
  endfacet
  facet normal -8.674220e-01 4.975732e-01 0.000000e+00
    outer loop
      vertex   -1.415938e+01 2.293922e+00 3.075000e+01
      vertex   -1.407997e+01 2.432356e+00 2.975000e+01
      vertex   -1.415938e+01 2.293922e+00 2.975000e+01
    endloop
  endfacet
  facet normal -8.836477e-01 4.681525e-01 0.000000e+00
    outer loop
      vertex   -1.415938e+01 2.293922e+00 3.075000e+01
      vertex   -1.415938e+01 2.293922e+00 2.975000e+01
      vertex   -1.423409e+01 2.152899e+00 3.075000e+01
    endloop
  endfacet
  facet normal -8.836477e-01 4.681525e-01 0.000000e+00
    outer loop
      vertex   -1.423409e+01 2.152899e+00 3.075000e+01
      vertex   -1.415938e+01 2.293922e+00 2.975000e+01
      vertex   -1.423409e+01 2.152899e+00 2.975000e+01
    endloop
  endfacet
  facet normal -8.988759e-01 4.382034e-01 0.000000e+00
    outer loop
      vertex   -1.423409e+01 2.152899e+00 3.075000e+01
      vertex   -1.423409e+01 2.152899e+00 2.975000e+01
      vertex   -1.430402e+01 2.009446e+00 3.075000e+01
    endloop
  endfacet
  facet normal -8.988759e-01 4.382034e-01 0.000000e+00
    outer loop
      vertex   -1.430402e+01 2.009446e+00 3.075000e+01
      vertex   -1.423409e+01 2.152899e+00 2.975000e+01
      vertex   -1.430402e+01 2.009446e+00 2.975000e+01
    endloop
  endfacet
  facet normal -9.130893e-01 4.077596e-01 0.000000e+00
    outer loop
      vertex   -1.430402e+01 2.009446e+00 3.075000e+01
      vertex   -1.430402e+01 2.009446e+00 2.975000e+01
      vertex   -1.436910e+01 1.863724e+00 3.075000e+01
    endloop
  endfacet
  facet normal -9.130893e-01 4.077596e-01 0.000000e+00
    outer loop
      vertex   -1.436910e+01 1.863724e+00 3.075000e+01
      vertex   -1.430402e+01 2.009446e+00 2.975000e+01
      vertex   -1.436910e+01 1.863724e+00 2.975000e+01
    endloop
  endfacet
  facet normal -9.262721e-01 3.768554e-01 0.000000e+00
    outer loop
      vertex   -1.436910e+01 1.863724e+00 3.075000e+01
      vertex   -1.436910e+01 1.863724e+00 2.975000e+01
      vertex   -1.442924e+01 1.715898e+00 3.075000e+01
    endloop
  endfacet
  facet normal -9.262721e-01 3.768554e-01 0.000000e+00
    outer loop
      vertex   -1.442924e+01 1.715898e+00 3.075000e+01
      vertex   -1.436910e+01 1.863724e+00 2.975000e+01
      vertex   -1.442924e+01 1.715898e+00 2.975000e+01
    endloop
  endfacet
  facet normal -9.384092e-01 3.455259e-01 0.000000e+00
    outer loop
      vertex   -1.442924e+01 1.715898e+00 3.075000e+01
      vertex   -1.442924e+01 1.715898e+00 2.975000e+01
      vertex   -1.448439e+01 1.566135e+00 3.075000e+01
    endloop
  endfacet
  facet normal -9.384092e-01 3.455259e-01 0.000000e+00
    outer loop
      vertex   -1.448439e+01 1.566135e+00 3.075000e+01
      vertex   -1.442924e+01 1.715898e+00 2.975000e+01
      vertex   -1.448439e+01 1.566135e+00 2.975000e+01
    endloop
  endfacet
  facet normal -9.494870e-01 3.138064e-01 0.000000e+00
    outer loop
      vertex   -1.448439e+01 1.566135e+00 3.075000e+01
      vertex   -1.448439e+01 1.566135e+00 2.975000e+01
      vertex   -1.453447e+01 1.414605e+00 3.075000e+01
    endloop
  endfacet
  facet normal -9.494870e-01 3.138064e-01 0.000000e+00
    outer loop
      vertex   -1.453447e+01 1.414605e+00 3.075000e+01
      vertex   -1.448439e+01 1.566135e+00 2.975000e+01
      vertex   -1.453447e+01 1.414605e+00 2.975000e+01
    endloop
  endfacet
  facet normal -9.594930e-01 2.817326e-01 0.000000e+00
    outer loop
      vertex   -1.453447e+01 1.414605e+00 3.075000e+01
      vertex   -1.453447e+01 1.414605e+00 2.975000e+01
      vertex   -1.457943e+01 1.261477e+00 3.075000e+01
    endloop
  endfacet
  facet normal -9.594930e-01 2.817326e-01 0.000000e+00
    outer loop
      vertex   -1.457943e+01 1.261477e+00 3.075000e+01
      vertex   -1.453447e+01 1.414605e+00 2.975000e+01
      vertex   -1.457943e+01 1.261477e+00 2.975000e+01
    endloop
  endfacet
  facet normal -9.684158e-01 2.493407e-01 0.000000e+00
    outer loop
      vertex   -1.457943e+01 1.261477e+00 3.075000e+01
      vertex   -1.457943e+01 1.261477e+00 2.975000e+01
      vertex   -1.461922e+01 1.106926e+00 3.075000e+01
    endloop
  endfacet
  facet normal -9.684158e-01 2.493407e-01 0.000000e+00
    outer loop
      vertex   -1.461922e+01 1.106926e+00 3.075000e+01
      vertex   -1.457943e+01 1.261477e+00 2.975000e+01
      vertex   -1.461922e+01 1.106926e+00 2.975000e+01
    endloop
  endfacet
  facet normal -9.762455e-01 2.166674e-01 0.000000e+00
    outer loop
      vertex   -1.461922e+01 1.106926e+00 3.075000e+01
      vertex   -1.461922e+01 1.106926e+00 2.975000e+01
      vertex   -1.465380e+01 9.511244e-01 3.075000e+01
    endloop
  endfacet
  facet normal -9.762455e-01 2.166674e-01 0.000000e+00
    outer loop
      vertex   -1.465380e+01 9.511244e-01 3.075000e+01
      vertex   -1.461922e+01 1.106926e+00 2.975000e+01
      vertex   -1.465380e+01 9.511244e-01 2.975000e+01
    endloop
  endfacet
  facet normal -9.829731e-01 1.837495e-01 0.000000e+00
    outer loop
      vertex   -1.465380e+01 9.511244e-01 3.075000e+01
      vertex   -1.465380e+01 9.511244e-01 2.975000e+01
      vertex   -1.468313e+01 7.942497e-01 3.075000e+01
    endloop
  endfacet
  facet normal -9.829731e-01 1.837495e-01 0.000000e+00
    outer loop
      vertex   -1.468313e+01 7.942497e-01 3.075000e+01
      vertex   -1.465380e+01 9.511244e-01 2.975000e+01
      vertex   -1.468313e+01 7.942497e-01 2.975000e+01
    endloop
  endfacet
  facet normal -9.885911e-01 1.506242e-01 0.000000e+00
    outer loop
      vertex   -1.468313e+01 7.942497e-01 3.075000e+01
      vertex   -1.468313e+01 7.942497e-01 2.975000e+01
      vertex   -1.470716e+01 6.364783e-01 3.075000e+01
    endloop
  endfacet
  facet normal -9.885911e-01 1.506242e-01 0.000000e+00
    outer loop
      vertex   -1.470716e+01 6.364783e-01 3.075000e+01
      vertex   -1.468313e+01 7.942497e-01 2.975000e+01
      vertex   -1.470716e+01 6.364783e-01 2.975000e+01
    endloop
  endfacet
  facet normal -9.930931e-01 1.173289e-01 0.000000e+00
    outer loop
      vertex   -1.470716e+01 6.364783e-01 3.075000e+01
      vertex   -1.470716e+01 6.364783e-01 2.975000e+01
      vertex   -1.472589e+01 4.779885e-01 3.075000e+01
    endloop
  endfacet
  facet normal -9.930931e-01 1.173289e-01 0.000000e+00
    outer loop
      vertex   -1.472589e+01 4.779885e-01 3.075000e+01
      vertex   -1.470716e+01 6.364783e-01 2.975000e+01
      vertex   -1.472589e+01 4.779885e-01 2.975000e+01
    endloop
  endfacet
  facet normal -9.964741e-01 8.390106e-02 0.000000e+00
    outer loop
      vertex   -1.472589e+01 4.779885e-01 3.075000e+01
      vertex   -1.472589e+01 4.779885e-01 2.975000e+01
      vertex   -1.473928e+01 3.189591e-01 3.075000e+01
    endloop
  endfacet
  facet normal -9.964741e-01 8.390106e-02 0.000000e+00
    outer loop
      vertex   -1.473928e+01 3.189591e-01 3.075000e+01
      vertex   -1.472589e+01 4.779885e-01 2.975000e+01
      vertex   -1.473928e+01 3.189591e-01 2.975000e+01
    endloop
  endfacet
  facet normal -9.987302e-01 5.037855e-02 0.000000e+00
    outer loop
      vertex   -1.473928e+01 3.189591e-01 3.075000e+01
      vertex   -1.473928e+01 3.189591e-01 2.975000e+01
      vertex   -1.474732e+01 1.595696e-01 3.075000e+01
    endloop
  endfacet
  facet normal -9.987302e-01 5.037855e-02 0.000000e+00
    outer loop
      vertex   -1.474732e+01 1.595696e-01 3.075000e+01
      vertex   -1.473928e+01 3.189591e-01 2.975000e+01
      vertex   -1.474732e+01 1.595696e-01 2.975000e+01
    endloop
  endfacet
  facet normal 0.000000e+00 0.000000e+00 1.000000e+00
    outer loop
      vertex   -1.099733e+01 -7.299531e-02 3.075000e+01
      vertex   -1.100000e+01 -1.224647e-16 3.075000e+01
      vertex   -1.475000e+01 -5.817072e-16 3.075000e+01
    endloop
  endfacet
  facet normal 0.000000e+00 0.000000e+00 1.000000e+00
    outer loop
      vertex   -1.475000e+01 -5.817072e-16 3.075000e+01
      vertex   -1.100000e+01 -1.224647e-16 3.075000e+01
      vertex   -1.099733e+01 7.299531e-02 3.075000e+01
    endloop
  endfacet
  facet normal 0.000000e+00 0.000000e+00 1.000000e+00
    outer loop
      vertex   -1.475000e+01 -5.817072e-16 3.075000e+01
      vertex   -1.099733e+01 7.299531e-02 3.075000e+01
      vertex   -1.098934e+01 1.456012e-01 3.075000e+01
    endloop
  endfacet
  facet normal 0.000000e+00 0.000000e+00 1.000000e+00
    outer loop
      vertex   -1.475000e+01 -5.817072e-16 3.075000e+01
      vertex   -1.098934e+01 1.456012e-01 3.075000e+01
      vertex   -1.474732e+01 1.595696e-01 3.075000e+01
    endloop
  endfacet
  facet normal -0.000000e+00 0.000000e+00 1.000000e+00
    outer loop
      vertex   -1.474732e+01 1.595696e-01 3.075000e+01
      vertex   -1.098934e+01 1.456012e-01 3.075000e+01
      vertex   -1.097608e+01 2.174302e-01 3.075000e+01
    endloop
  endfacet
  facet normal 0.000000e+00 0.000000e+00 1.000000e+00
    outer loop
      vertex   -1.474732e+01 1.595696e-01 3.075000e+01
      vertex   -1.097608e+01 2.174302e-01 3.075000e+01
      vertex   -1.095760e+01 2.880991e-01 3.075000e+01
    endloop
  endfacet
  facet normal 0.000000e+00 0.000000e+00 1.000000e+00
    outer loop
      vertex   -1.474732e+01 1.595696e-01 3.075000e+01
      vertex   -1.095760e+01 2.880991e-01 3.075000e+01
      vertex   -1.473928e+01 3.189591e-01 3.075000e+01
    endloop
  endfacet
  facet normal -0.000000e+00 0.000000e+00 1.000000e+00
    outer loop
      vertex   -1.473928e+01 3.189591e-01 3.075000e+01
      vertex   -1.095760e+01 2.880991e-01 3.075000e+01
      vertex   -1.093402e+01 3.572309e-01 3.075000e+01
    endloop
  endfacet
  facet normal 0.000000e+00 0.000000e+00 1.000000e+00
    outer loop
      vertex   -1.473928e+01 3.189591e-01 3.075000e+01
      vertex   -1.093402e+01 3.572309e-01 3.075000e+01
      vertex   -1.090545e+01 4.244567e-01 3.075000e+01
    endloop
  endfacet
  facet normal 0.000000e+00 0.000000e+00 1.000000e+00
    outer loop
      vertex   -1.473928e+01 3.189591e-01 3.075000e+01
      vertex   -1.090545e+01 4.244567e-01 3.075000e+01
      vertex   -1.472589e+01 4.779885e-01 3.075000e+01
    endloop
  endfacet
  facet normal -0.000000e+00 0.000000e+00 1.000000e+00
    outer loop
      vertex   -1.472589e+01 4.779885e-01 3.075000e+01
      vertex   -1.090545e+01 4.244567e-01 3.075000e+01
      vertex   -1.087205e+01 4.894178e-01 3.075000e+01
    endloop
  endfacet
  facet normal 0.000000e+00 0.000000e+00 1.000000e+00
    outer loop
      vertex   -1.472589e+01 4.779885e-01 3.075000e+01
      vertex   -1.087205e+01 4.894178e-01 3.075000e+01
      vertex   -1.083400e+01 5.517677e-01 3.075000e+01
    endloop
  endfacet
  facet normal 0.000000e+00 -0.000000e+00 1.000000e+00
    outer loop
      vertex   -1.083400e+01 5.517677e-01 3.075000e+01
      vertex   -1.079150e+01 6.111737e-01 3.075000e+01
      vertex   -1.472589e+01 4.779885e-01 3.075000e+01
    endloop
  endfacet
  facet normal 0.000000e+00 0.000000e+00 1.000000e+00
    outer loop
      vertex   -1.472589e+01 4.779885e-01 3.075000e+01
      vertex   -1.079150e+01 6.111737e-01 3.075000e+01
      vertex   -1.470716e+01 6.364783e-01 3.075000e+01
    endloop
  endfacet
  facet normal -0.000000e+00 0.000000e+00 1.000000e+00
    outer loop
      vertex   -1.470716e+01 6.364783e-01 3.075000e+01
      vertex   -1.079150e+01 6.111737e-01 3.075000e+01
      vertex   -1.074477e+01 6.673188e-01 3.075000e+01
    endloop
  endfacet
  facet normal 0.000000e+00 0.000000e+00 1.000000e+00
    outer loop
      vertex   -1.470716e+01 6.364783e-01 3.075000e+01
      vertex   -1.074477e+01 6.673188e-01 3.075000e+01
      vertex   -1.069407e+01 7.199035e-01 3.075000e+01
    endloop
  endfacet
  facet normal 0.000000e+00 -0.000000e+00 1.000000e+00
    outer loop
      vertex   -1.069407e+01 7.199035e-01 3.075000e+01
      vertex   -1.063967e+01 7.686471e-01 3.075000e+01
      vertex   -1.470716e+01 6.364783e-01 3.075000e+01
    endloop
  endfacet
  facet normal 0.000000e+00 0.000000e+00 1.000000e+00
    outer loop
      vertex   -1.470716e+01 6.364783e-01 3.075000e+01
      vertex   -1.063967e+01 7.686471e-01 3.075000e+01
      vertex   -1.468313e+01 7.942497e-01 3.075000e+01
    endloop
  endfacet
  facet normal -0.000000e+00 0.000000e+00 1.000000e+00
    outer loop
      vertex   -1.468313e+01 7.942497e-01 3.075000e+01
      vertex   -1.063967e+01 7.686471e-01 3.075000e+01
      vertex   -1.058186e+01 8.132897e-01 3.075000e+01
    endloop
  endfacet
  facet normal 0.000000e+00 0.000000e+00 1.000000e+00
    outer loop
      vertex   -1.468313e+01 7.942497e-01 3.075000e+01
      vertex   -1.058186e+01 8.132897e-01 3.075000e+01
      vertex   -1.052094e+01 8.535931e-01 3.075000e+01
    endloop
  endfacet
  facet normal 0.000000e+00 -0.000000e+00 1.000000e+00
    outer loop
      vertex   -1.052094e+01 8.535931e-01 3.075000e+01
      vertex   -1.045724e+01 8.893421e-01 3.075000e+01
      vertex   -1.468313e+01 7.942497e-01 3.075000e+01
    endloop
  endfacet
  facet normal 0.000000e+00 0.000000e+00 1.000000e+00
    outer loop
      vertex   -1.468313e+01 7.942497e-01 3.075000e+01
      vertex   -1.045724e+01 8.893421e-01 3.075000e+01
      vertex   -1.039110e+01 9.203462e-01 3.075000e+01
    endloop
  endfacet
  facet normal 0.000000e+00 0.000000e+00 1.000000e+00
    outer loop
      vertex   -1.468313e+01 7.942497e-01 3.075000e+01
      vertex   -1.039110e+01 9.203462e-01 3.075000e+01
      vertex   -1.032288e+01 9.464398e-01 3.075000e+01
    endloop
  endfacet
  facet normal 0.000000e+00 0.000000e+00 1.000000e+00
    outer loop
      vertex   -1.468313e+01 7.942497e-01 3.075000e+01
      vertex   -1.032288e+01 9.464398e-01 3.075000e+01
      vertex   -1.465380e+01 9.511244e-01 3.075000e+01
    endloop
  endfacet
  facet normal -0.000000e+00 0.000000e+00 1.000000e+00
    outer loop
      vertex   -1.465380e+01 9.511244e-01 3.075000e+01
      vertex   -1.032288e+01 9.464398e-01 3.075000e+01
      vertex   -1.025293e+01 9.674837e-01 3.075000e+01
    endloop
  endfacet
  facet normal 0.000000e+00 0.000000e+00 1.000000e+00
    outer loop
      vertex   -1.465380e+01 9.511244e-01 3.075000e+01
      vertex   -1.025293e+01 9.674837e-01 3.075000e+01
      vertex   -1.018164e+01 9.833657e-01 3.075000e+01
    endloop
  endfacet
  facet normal 0.000000e+00 -0.000000e+00 1.000000e+00
    outer loop
      vertex   -1.018164e+01 9.833657e-01 3.075000e+01
      vertex   -1.010937e+01 9.940010e-01 3.075000e+01
      vertex   -1.465380e+01 9.511244e-01 3.075000e+01
    endloop
  endfacet
  facet normal 0.000000e+00 0.000000e+00 1.000000e+00
    outer loop
      vertex   -1.465380e+01 9.511244e-01 3.075000e+01
      vertex   -1.010937e+01 9.940010e-01 3.075000e+01
      vertex   -1.003652e+01 9.993328e-01 3.075000e+01
    endloop
  endfacet
  facet normal 0.000000e+00 0.000000e+00 1.000000e+00
    outer loop
      vertex   -1.465380e+01 9.511244e-01 3.075000e+01
      vertex   -1.003652e+01 9.993328e-01 3.075000e+01
      vertex   -1.461922e+01 1.106926e+00 3.075000e+01
    endloop
  endfacet
  facet normal 0.000000e+00 0.000000e+00 1.000000e+00
    outer loop
      vertex   -1.461922e+01 1.106926e+00 3.075000e+01
      vertex   -1.003652e+01 9.993328e-01 3.075000e+01
      vertex   -5.362834e+00 1.029170e+00 3.075000e+01
    endloop
  endfacet
  facet normal -0.000000e+00 0.000000e+00 1.000000e+00
    outer loop
      vertex   -1.461922e+01 1.106926e+00 3.075000e+01
      vertex   -5.362834e+00 1.029170e+00 3.075000e+01
      vertex   -5.400025e+00 1.184368e+00 3.075000e+01
    endloop
  endfacet
  facet normal 0.000000e+00 0.000000e+00 1.000000e+00
    outer loop
      vertex   -1.003652e+01 9.993328e-01 3.075000e+01
      vertex   -9.963478e+00 9.993328e-01 3.075000e+01
      vertex   -5.362834e+00 1.029170e+00 3.075000e+01
    endloop
  endfacet
  facet normal 0.000000e+00 0.000000e+00 1.000000e+00
    outer loop
      vertex   -5.362834e+00 1.029170e+00 3.075000e+01
      vertex   -9.963478e+00 9.993328e-01 3.075000e+01
      vertex   -9.890629e+00 9.940010e-01 3.075000e+01
    endloop
  endfacet
  facet normal 0.000000e+00 0.000000e+00 1.000000e+00
    outer loop
      vertex   -5.362834e+00 1.029170e+00 3.075000e+01
      vertex   -9.890629e+00 9.940010e-01 3.075000e+01
      vertex   -9.818363e+00 9.833657e-01 3.075000e+01
    endloop
  endfacet
  facet normal -0.000000e+00 0.000000e+00 1.000000e+00
    outer loop
      vertex   -9.818363e+00 9.833657e-01 3.075000e+01
      vertex   -9.747067e+00 9.674837e-01 3.075000e+01
      vertex   -5.362834e+00 1.029170e+00 3.075000e+01
    endloop
  endfacet
  facet normal 0.000000e+00 0.000000e+00 1.000000e+00
    outer loop
      vertex   -5.362834e+00 1.029170e+00 3.075000e+01
      vertex   -9.747067e+00 9.674837e-01 3.075000e+01
      vertex   -9.677120e+00 9.464398e-01 3.075000e+01
    endloop
  endfacet
  facet normal 0.000000e+00 0.000000e+00 1.000000e+00
    outer loop
      vertex   -5.362834e+00 1.029170e+00 3.075000e+01
      vertex   -9.677120e+00 9.464398e-01 3.075000e+01
      vertex   -9.608895e+00 9.203462e-01 3.075000e+01
    endloop
  endfacet
  facet normal -0.000000e+00 0.000000e+00 1.000000e+00
    outer loop
      vertex   -9.608895e+00 9.203462e-01 3.075000e+01
      vertex   -9.542758e+00 8.893421e-01 3.075000e+01
      vertex   -5.362834e+00 1.029170e+00 3.075000e+01
    endloop
  endfacet
  facet normal 0.000000e+00 0.000000e+00 1.000000e+00
    outer loop
      vertex   -5.362834e+00 1.029170e+00 3.075000e+01
      vertex   -9.542758e+00 8.893421e-01 3.075000e+01
      vertex   -9.479060e+00 8.535931e-01 3.075000e+01
    endloop
  endfacet
  facet normal 0.000000e+00 0.000000e+00 1.000000e+00
    outer loop
      vertex   -5.362834e+00 1.029170e+00 3.075000e+01
      vertex   -9.479060e+00 8.535931e-01 3.075000e+01
      vertex   -9.418141e+00 8.132897e-01 3.075000e+01
    endloop
  endfacet
  facet normal -0.000000e+00 0.000000e+00 1.000000e+00
    outer loop
      vertex   -9.418141e+00 8.132897e-01 3.075000e+01
      vertex   -9.360327e+00 7.686471e-01 3.075000e+01
      vertex   -5.362834e+00 1.029170e+00 3.075000e+01
    endloop
  endfacet
  facet normal 0.000000e+00 0.000000e+00 1.000000e+00
    outer loop
      vertex   -5.362834e+00 1.029170e+00 3.075000e+01
      vertex   -9.360327e+00 7.686471e-01 3.075000e+01
      vertex   -9.305926e+00 7.199035e-01 3.075000e+01
    endloop
  endfacet
  facet normal 0.000000e+00 0.000000e+00 1.000000e+00
    outer loop
      vertex   -5.362834e+00 1.029170e+00 3.075000e+01
      vertex   -9.305926e+00 7.199035e-01 3.075000e+01
      vertex   -9.255228e+00 6.673188e-01 3.075000e+01
    endloop
  endfacet
  facet normal -0.000000e+00 0.000000e+00 1.000000e+00
    outer loop
      vertex   -9.255228e+00 6.673188e-01 3.075000e+01
      vertex   -9.208504e+00 6.111737e-01 3.075000e+01
      vertex   -5.362834e+00 1.029170e+00 3.075000e+01
    endloop
  endfacet
  facet normal 0.000000e+00 0.000000e+00 1.000000e+00
    outer loop
      vertex   -5.362834e+00 1.029170e+00 3.075000e+01
      vertex   -9.208504e+00 6.111737e-01 3.075000e+01
      vertex   -9.166002e+00 5.517677e-01 3.075000e+01
    endloop
  endfacet
  facet normal 0.000000e+00 0.000000e+00 1.000000e+00
    outer loop
      vertex   -5.362834e+00 1.029170e+00 3.075000e+01
      vertex   -9.166002e+00 5.517677e-01 3.075000e+01
      vertex   -9.127951e+00 4.894178e-01 3.075000e+01
    endloop
  endfacet
  facet normal -0.000000e+00 0.000000e+00 1.000000e+00
    outer loop
      vertex   -9.127951e+00 4.894178e-01 3.075000e+01
      vertex   -9.094552e+00 4.244567e-01 3.075000e+01
      vertex   -5.362834e+00 1.029170e+00 3.075000e+01
    endloop
  endfacet
  facet normal 0.000000e+00 0.000000e+00 1.000000e+00
    outer loop
      vertex   -5.362834e+00 1.029170e+00 3.075000e+01
      vertex   -9.094552e+00 4.244567e-01 3.075000e+01
      vertex   -9.065984e+00 3.572309e-01 3.075000e+01
    endloop
  endfacet
  facet normal 0.000000e+00 0.000000e+00 1.000000e+00
    outer loop
      vertex   -5.362834e+00 1.029170e+00 3.075000e+01
      vertex   -9.065984e+00 3.572309e-01 3.075000e+01
      vertex   -9.042399e+00 2.880991e-01 3.075000e+01
    endloop
  endfacet
  facet normal -0.000000e+00 0.000000e+00 1.000000e+00
    outer loop
      vertex   -9.042399e+00 2.880991e-01 3.075000e+01
      vertex   -9.023924e+00 2.174302e-01 3.075000e+01
      vertex   -5.362834e+00 1.029170e+00 3.075000e+01
    endloop
  endfacet
  facet normal 0.000000e+00 0.000000e+00 1.000000e+00
    outer loop
      vertex   -5.362834e+00 1.029170e+00 3.075000e+01
      vertex   -9.023924e+00 2.174302e-01 3.075000e+01
      vertex   -5.330878e+00 8.728102e-01 3.075000e+01
    endloop
  endfacet
  facet normal 0.000000e+00 0.000000e+00 1.000000e+00
    outer loop
      vertex   -5.330878e+00 8.728102e-01 3.075000e+01
      vertex   -9.023924e+00 2.174302e-01 3.075000e+01
      vertex   -9.010657e+00 1.456012e-01 3.075000e+01
    endloop
  endfacet
  facet normal 0.000000e+00 0.000000e+00 1.000000e+00
    outer loop
      vertex   -5.330878e+00 8.728102e-01 3.075000e+01
      vertex   -9.010657e+00 1.456012e-01 3.075000e+01
      vertex   -5.304192e+00 7.154650e-01 3.075000e+01
    endloop
  endfacet
  facet normal 0.000000e+00 0.000000e+00 1.000000e+00
    outer loop
      vertex   -5.304192e+00 7.154650e-01 3.075000e+01
      vertex   -9.010657e+00 1.456012e-01 3.075000e+01
      vertex   -5.282808e+00 5.573120e-01 3.075000e+01
    endloop
  endfacet
  facet normal 0.000000e+00 0.000000e+00 1.000000e+00
    outer loop
      vertex   -5.282808e+00 5.573120e-01 3.075000e+01
      vertex   -9.010657e+00 1.456012e-01 3.075000e+01
      vertex   -9.002668e+00 7.299531e-02 3.075000e+01
    endloop
  endfacet
  facet normal 0.000000e+00 0.000000e+00 1.000000e+00
    outer loop
      vertex   -5.282808e+00 5.573120e-01 3.075000e+01
      vertex   -9.002668e+00 7.299531e-02 3.075000e+01
      vertex   -5.266748e+00 3.985300e-01 3.075000e+01
    endloop
  endfacet
  facet normal 0.000000e+00 0.000000e+00 1.000000e+00
    outer loop
      vertex   -5.266748e+00 3.985300e-01 3.075000e+01
      vertex   -9.002668e+00 7.299531e-02 3.075000e+01
      vertex   -5.256032e+00 2.392981e-01 3.075000e+01
    endloop
  endfacet
  facet normal 0.000000e+00 0.000000e+00 1.000000e+00
    outer loop
      vertex   -5.256032e+00 2.392981e-01 3.075000e+01
      vertex   -9.002668e+00 7.299531e-02 3.075000e+01
      vertex   -9.000000e+00 0.000000e+00 3.075000e+01
    endloop
  endfacet
  facet normal 0.000000e+00 0.000000e+00 1.000000e+00
    outer loop
      vertex   -5.256032e+00 2.392981e-01 3.075000e+01
      vertex   -9.000000e+00 0.000000e+00 3.075000e+01
      vertex   -5.250670e+00 7.979606e-02 3.075000e+01
    endloop
  endfacet
  facet normal 0.000000e+00 0.000000e+00 1.000000e+00
    outer loop
      vertex   -5.250670e+00 7.979606e-02 3.075000e+01
      vertex   -9.000000e+00 0.000000e+00 3.075000e+01
      vertex   -5.250670e+00 -7.979606e-02 3.075000e+01
    endloop
  endfacet
  facet normal 0.000000e+00 0.000000e+00 1.000000e+00
    outer loop
      vertex   -5.250670e+00 -7.979606e-02 3.075000e+01
      vertex   -9.000000e+00 0.000000e+00 3.075000e+01
      vertex   -5.256032e+00 -2.392981e-01 3.075000e+01
    endloop
  endfacet
  facet normal 0.000000e+00 0.000000e+00 1.000000e+00
    outer loop
      vertex   -5.256032e+00 -2.392981e-01 3.075000e+01
      vertex   -9.000000e+00 0.000000e+00 3.075000e+01
      vertex   -9.002668e+00 -7.299531e-02 3.075000e+01
    endloop
  endfacet
  facet normal 0.000000e+00 0.000000e+00 1.000000e+00
    outer loop
      vertex   -5.256032e+00 -2.392981e-01 3.075000e+01
      vertex   -9.002668e+00 -7.299531e-02 3.075000e+01
      vertex   -5.266748e+00 -3.985300e-01 3.075000e+01
    endloop
  endfacet
  facet normal 0.000000e+00 0.000000e+00 1.000000e+00
    outer loop
      vertex   -5.266748e+00 -3.985300e-01 3.075000e+01
      vertex   -9.002668e+00 -7.299531e-02 3.075000e+01
      vertex   -5.282808e+00 -5.573120e-01 3.075000e+01
    endloop
  endfacet
  facet normal 0.000000e+00 0.000000e+00 1.000000e+00
    outer loop
      vertex   -5.282808e+00 -5.573120e-01 3.075000e+01
      vertex   -9.002668e+00 -7.299531e-02 3.075000e+01
      vertex   -9.010657e+00 -1.456012e-01 3.075000e+01
    endloop
  endfacet
  facet normal 0.000000e+00 0.000000e+00 1.000000e+00
    outer loop
      vertex   -5.282808e+00 -5.573120e-01 3.075000e+01
      vertex   -9.010657e+00 -1.456012e-01 3.075000e+01
      vertex   -5.304192e+00 -7.154650e-01 3.075000e+01
    endloop
  endfacet
  facet normal 0.000000e+00 0.000000e+00 1.000000e+00
    outer loop
      vertex   -5.304192e+00 -7.154650e-01 3.075000e+01
      vertex   -9.010657e+00 -1.456012e-01 3.075000e+01
      vertex   -5.330878e+00 -8.728102e-01 3.075000e+01
    endloop
  endfacet
  facet normal 0.000000e+00 0.000000e+00 1.000000e+00
    outer loop
      vertex   -5.330878e+00 -8.728102e-01 3.075000e+01
      vertex   -9.010657e+00 -1.456012e-01 3.075000e+01
      vertex   -9.023924e+00 -2.174302e-01 3.075000e+01
    endloop
  endfacet
  facet normal 0.000000e+00 0.000000e+00 1.000000e+00
    outer loop
      vertex   -5.330878e+00 -8.728102e-01 3.075000e+01
      vertex   -9.023924e+00 -2.174302e-01 3.075000e+01
      vertex   -5.362834e+00 -1.029170e+00 3.075000e+01
    endloop
  endfacet
  facet normal 0.000000e+00 0.000000e+00 1.000000e+00
    outer loop
      vertex   -5.362834e+00 -1.029170e+00 3.075000e+01
      vertex   -9.023924e+00 -2.174302e-01 3.075000e+01
      vertex   -9.042399e+00 -2.880991e-01 3.075000e+01
    endloop
  endfacet
  facet normal 0.000000e+00 0.000000e+00 1.000000e+00
    outer loop
      vertex   -5.362834e+00 -1.029170e+00 3.075000e+01
      vertex   -9.042399e+00 -2.880991e-01 3.075000e+01
      vertex   -9.065984e+00 -3.572309e-01 3.075000e+01
    endloop
  endfacet
  facet normal 0.000000e+00 0.000000e+00 1.000000e+00
    outer loop
      vertex   -9.065984e+00 -3.572309e-01 3.075000e+01
      vertex   -9.094552e+00 -4.244567e-01 3.075000e+01
      vertex   -5.362834e+00 -1.029170e+00 3.075000e+01
    endloop
  endfacet
  facet normal 0.000000e+00 0.000000e+00 1.000000e+00
    outer loop
      vertex   -5.362834e+00 -1.029170e+00 3.075000e+01
      vertex   -9.094552e+00 -4.244567e-01 3.075000e+01
      vertex   -9.127951e+00 -4.894178e-01 3.075000e+01
    endloop
  endfacet
  facet normal 0.000000e+00 0.000000e+00 1.000000e+00
    outer loop
      vertex   -5.362834e+00 -1.029170e+00 3.075000e+01
      vertex   -9.127951e+00 -4.894178e-01 3.075000e+01
      vertex   -9.166002e+00 -5.517677e-01 3.075000e+01
    endloop
  endfacet
  facet normal 0.000000e+00 0.000000e+00 1.000000e+00
    outer loop
      vertex   -9.166002e+00 -5.517677e-01 3.075000e+01
      vertex   -9.208504e+00 -6.111737e-01 3.075000e+01
      vertex   -5.362834e+00 -1.029170e+00 3.075000e+01
    endloop
  endfacet
  facet normal 0.000000e+00 0.000000e+00 1.000000e+00
    outer loop
      vertex   -5.362834e+00 -1.029170e+00 3.075000e+01
      vertex   -9.208504e+00 -6.111737e-01 3.075000e+01
      vertex   -9.255228e+00 -6.673188e-01 3.075000e+01
    endloop
  endfacet
  facet normal 0.000000e+00 0.000000e+00 1.000000e+00
    outer loop
      vertex   -5.362834e+00 -1.029170e+00 3.075000e+01
      vertex   -9.255228e+00 -6.673188e-01 3.075000e+01
      vertex   -9.305926e+00 -7.199035e-01 3.075000e+01
    endloop
  endfacet
  facet normal 0.000000e+00 0.000000e+00 1.000000e+00
    outer loop
      vertex   -9.305926e+00 -7.199035e-01 3.075000e+01
      vertex   -9.360327e+00 -7.686471e-01 3.075000e+01
      vertex   -5.362834e+00 -1.029170e+00 3.075000e+01
    endloop
  endfacet
  facet normal 0.000000e+00 0.000000e+00 1.000000e+00
    outer loop
      vertex   -5.362834e+00 -1.029170e+00 3.075000e+01
      vertex   -9.360327e+00 -7.686471e-01 3.075000e+01
      vertex   -9.418141e+00 -8.132897e-01 3.075000e+01
    endloop
  endfacet
  facet normal 0.000000e+00 0.000000e+00 1.000000e+00
    outer loop
      vertex   -5.362834e+00 -1.029170e+00 3.075000e+01
      vertex   -9.418141e+00 -8.132897e-01 3.075000e+01
      vertex   -9.479060e+00 -8.535931e-01 3.075000e+01
    endloop
  endfacet
  facet normal 0.000000e+00 0.000000e+00 1.000000e+00
    outer loop
      vertex   -9.479060e+00 -8.535931e-01 3.075000e+01
      vertex   -9.542758e+00 -8.893421e-01 3.075000e+01
      vertex   -5.362834e+00 -1.029170e+00 3.075000e+01
    endloop
  endfacet
  facet normal 0.000000e+00 0.000000e+00 1.000000e+00
    outer loop
      vertex   -5.362834e+00 -1.029170e+00 3.075000e+01
      vertex   -9.542758e+00 -8.893421e-01 3.075000e+01
      vertex   -9.608895e+00 -9.203462e-01 3.075000e+01
    endloop
  endfacet
  facet normal 0.000000e+00 0.000000e+00 1.000000e+00
    outer loop
      vertex   -5.362834e+00 -1.029170e+00 3.075000e+01
      vertex   -9.608895e+00 -9.203462e-01 3.075000e+01
      vertex   -9.677120e+00 -9.464398e-01 3.075000e+01
    endloop
  endfacet
  facet normal 0.000000e+00 0.000000e+00 1.000000e+00
    outer loop
      vertex   -9.677120e+00 -9.464398e-01 3.075000e+01
      vertex   -9.747067e+00 -9.674837e-01 3.075000e+01
      vertex   -5.362834e+00 -1.029170e+00 3.075000e+01
    endloop
  endfacet
  facet normal 0.000000e+00 0.000000e+00 1.000000e+00
    outer loop
      vertex   -5.362834e+00 -1.029170e+00 3.075000e+01
      vertex   -9.747067e+00 -9.674837e-01 3.075000e+01
      vertex   -9.818363e+00 -9.833657e-01 3.075000e+01
    endloop
  endfacet
  facet normal 0.000000e+00 0.000000e+00 1.000000e+00
    outer loop
      vertex   -5.362834e+00 -1.029170e+00 3.075000e+01
      vertex   -9.818363e+00 -9.833657e-01 3.075000e+01
      vertex   -9.890629e+00 -9.940010e-01 3.075000e+01
    endloop
  endfacet
  facet normal 0.000000e+00 0.000000e+00 1.000000e+00
    outer loop
      vertex   -9.890629e+00 -9.940010e-01 3.075000e+01
      vertex   -9.963478e+00 -9.993328e-01 3.075000e+01
      vertex   -5.362834e+00 -1.029170e+00 3.075000e+01
    endloop
  endfacet
  facet normal 0.000000e+00 0.000000e+00 1.000000e+00
    outer loop
      vertex   -5.362834e+00 -1.029170e+00 3.075000e+01
      vertex   -9.963478e+00 -9.993328e-01 3.075000e+01
      vertex   -1.003652e+01 -9.993328e-01 3.075000e+01
    endloop
  endfacet
  facet normal 0.000000e+00 0.000000e+00 1.000000e+00
    outer loop
      vertex   -5.362834e+00 -1.029170e+00 3.075000e+01
      vertex   -1.003652e+01 -9.993328e-01 3.075000e+01
      vertex   -1.461922e+01 -1.106926e+00 3.075000e+01
    endloop
  endfacet
  facet normal 0.000000e+00 0.000000e+00 1.000000e+00
    outer loop
      vertex   -1.461922e+01 -1.106926e+00 3.075000e+01
      vertex   -1.003652e+01 -9.993328e-01 3.075000e+01
      vertex   -1.010937e+01 -9.940010e-01 3.075000e+01
    endloop
  endfacet
  facet normal 0.000000e+00 0.000000e+00 1.000000e+00
    outer loop
      vertex   -1.461922e+01 -1.106926e+00 3.075000e+01
      vertex   -1.010937e+01 -9.940010e-01 3.075000e+01
      vertex   -1.018164e+01 -9.833657e-01 3.075000e+01
    endloop
  endfacet
  facet normal 0.000000e+00 0.000000e+00 1.000000e+00
    outer loop
      vertex   -1.018164e+01 -9.833657e-01 3.075000e+01
      vertex   -1.025293e+01 -9.674837e-01 3.075000e+01
      vertex   -1.461922e+01 -1.106926e+00 3.075000e+01
    endloop
  endfacet
  facet normal 0.000000e+00 -0.000000e+00 1.000000e+00
    outer loop
      vertex   -1.461922e+01 -1.106926e+00 3.075000e+01
      vertex   -1.025293e+01 -9.674837e-01 3.075000e+01
      vertex   -1.465380e+01 -9.511244e-01 3.075000e+01
    endloop
  endfacet
  facet normal -0.000000e+00 0.000000e+00 1.000000e+00
    outer loop
      vertex   -1.465380e+01 -9.511244e-01 3.075000e+01
      vertex   -1.025293e+01 -9.674837e-01 3.075000e+01
      vertex   -1.032288e+01 -9.464398e-01 3.075000e+01
    endloop
  endfacet
  facet normal 0.000000e+00 0.000000e+00 1.000000e+00
    outer loop
      vertex   -1.465380e+01 -9.511244e-01 3.075000e+01
      vertex   -1.032288e+01 -9.464398e-01 3.075000e+01
      vertex   -1.039110e+01 -9.203462e-01 3.075000e+01
    endloop
  endfacet
  facet normal 0.000000e+00 0.000000e+00 1.000000e+00
    outer loop
      vertex   -1.039110e+01 -9.203462e-01 3.075000e+01
      vertex   -1.045724e+01 -8.893421e-01 3.075000e+01
      vertex   -1.465380e+01 -9.511244e-01 3.075000e+01
    endloop
  endfacet
  facet normal 0.000000e+00 0.000000e+00 1.000000e+00
    outer loop
      vertex   -1.465380e+01 -9.511244e-01 3.075000e+01
      vertex   -1.045724e+01 -8.893421e-01 3.075000e+01
      vertex   -1.052094e+01 -8.535931e-01 3.075000e+01
    endloop
  endfacet
  facet normal 0.000000e+00 0.000000e+00 1.000000e+00
    outer loop
      vertex   -1.465380e+01 -9.511244e-01 3.075000e+01
      vertex   -1.052094e+01 -8.535931e-01 3.075000e+01
      vertex   -1.058186e+01 -8.132897e-01 3.075000e+01
    endloop
  endfacet
  facet normal 0.000000e+00 -0.000000e+00 1.000000e+00
    outer loop
      vertex   -1.465380e+01 -9.511244e-01 3.075000e+01
      vertex   -1.058186e+01 -8.132897e-01 3.075000e+01
      vertex   -1.468313e+01 -7.942497e-01 3.075000e+01
    endloop
  endfacet
  facet normal -0.000000e+00 0.000000e+00 1.000000e+00
    outer loop
      vertex   -1.468313e+01 -7.942497e-01 3.075000e+01
      vertex   -1.058186e+01 -8.132897e-01 3.075000e+01
      vertex   -1.063967e+01 -7.686471e-01 3.075000e+01
    endloop
  endfacet
  facet normal 0.000000e+00 0.000000e+00 1.000000e+00
    outer loop
      vertex   -1.468313e+01 -7.942497e-01 3.075000e+01
      vertex   -1.063967e+01 -7.686471e-01 3.075000e+01
      vertex   -1.069407e+01 -7.199035e-01 3.075000e+01
    endloop
  endfacet
  facet normal 0.000000e+00 0.000000e+00 1.000000e+00
    outer loop
      vertex   -1.069407e+01 -7.199035e-01 3.075000e+01
      vertex   -1.074477e+01 -6.673188e-01 3.075000e+01
      vertex   -1.468313e+01 -7.942497e-01 3.075000e+01
    endloop
  endfacet
  facet normal 0.000000e+00 -0.000000e+00 1.000000e+00
    outer loop
      vertex   -1.468313e+01 -7.942497e-01 3.075000e+01
      vertex   -1.074477e+01 -6.673188e-01 3.075000e+01
      vertex   -1.470716e+01 -6.364783e-01 3.075000e+01
    endloop
  endfacet
  facet normal -0.000000e+00 0.000000e+00 1.000000e+00
    outer loop
      vertex   -1.470716e+01 -6.364783e-01 3.075000e+01
      vertex   -1.074477e+01 -6.673188e-01 3.075000e+01
      vertex   -1.079150e+01 -6.111737e-01 3.075000e+01
    endloop
  endfacet
  facet normal 0.000000e+00 0.000000e+00 1.000000e+00
    outer loop
      vertex   -1.470716e+01 -6.364783e-01 3.075000e+01
      vertex   -1.079150e+01 -6.111737e-01 3.075000e+01
      vertex   -1.083400e+01 -5.517677e-01 3.075000e+01
    endloop
  endfacet
  facet normal 0.000000e+00 0.000000e+00 1.000000e+00
    outer loop
      vertex   -1.083400e+01 -5.517677e-01 3.075000e+01
      vertex   -1.087205e+01 -4.894178e-01 3.075000e+01
      vertex   -1.470716e+01 -6.364783e-01 3.075000e+01
    endloop
  endfacet
  facet normal 0.000000e+00 -0.000000e+00 1.000000e+00
    outer loop
      vertex   -1.470716e+01 -6.364783e-01 3.075000e+01
      vertex   -1.087205e+01 -4.894178e-01 3.075000e+01
      vertex   -1.472589e+01 -4.779885e-01 3.075000e+01
    endloop
  endfacet
  facet normal -0.000000e+00 0.000000e+00 1.000000e+00
    outer loop
      vertex   -1.472589e+01 -4.779885e-01 3.075000e+01
      vertex   -1.087205e+01 -4.894178e-01 3.075000e+01
      vertex   -1.090545e+01 -4.244567e-01 3.075000e+01
    endloop
  endfacet
  facet normal 0.000000e+00 0.000000e+00 1.000000e+00
    outer loop
      vertex   -1.472589e+01 -4.779885e-01 3.075000e+01
      vertex   -1.090545e+01 -4.244567e-01 3.075000e+01
      vertex   -1.093402e+01 -3.572309e-01 3.075000e+01
    endloop
  endfacet
  facet normal 0.000000e+00 -0.000000e+00 1.000000e+00
    outer loop
      vertex   -1.472589e+01 -4.779885e-01 3.075000e+01
      vertex   -1.093402e+01 -3.572309e-01 3.075000e+01
      vertex   -1.473928e+01 -3.189591e-01 3.075000e+01
    endloop
  endfacet
  facet normal -0.000000e+00 0.000000e+00 1.000000e+00
    outer loop
      vertex   -1.473928e+01 -3.189591e-01 3.075000e+01
      vertex   -1.093402e+01 -3.572309e-01 3.075000e+01
      vertex   -1.095760e+01 -2.880991e-01 3.075000e+01
    endloop
  endfacet
  facet normal 0.000000e+00 0.000000e+00 1.000000e+00
    outer loop
      vertex   -1.473928e+01 -3.189591e-01 3.075000e+01
      vertex   -1.095760e+01 -2.880991e-01 3.075000e+01
      vertex   -1.097608e+01 -2.174302e-01 3.075000e+01
    endloop
  endfacet
  facet normal 0.000000e+00 -0.000000e+00 1.000000e+00
    outer loop
      vertex   -1.473928e+01 -3.189591e-01 3.075000e+01
      vertex   -1.097608e+01 -2.174302e-01 3.075000e+01
      vertex   -1.474732e+01 -1.595696e-01 3.075000e+01
    endloop
  endfacet
  facet normal -0.000000e+00 0.000000e+00 1.000000e+00
    outer loop
      vertex   -1.474732e+01 -1.595696e-01 3.075000e+01
      vertex   -1.097608e+01 -2.174302e-01 3.075000e+01
      vertex   -1.098934e+01 -1.456012e-01 3.075000e+01
    endloop
  endfacet
  facet normal 0.000000e+00 0.000000e+00 1.000000e+00
    outer loop
      vertex   -1.474732e+01 -1.595696e-01 3.075000e+01
      vertex   -1.098934e+01 -1.456012e-01 3.075000e+01
      vertex   -1.099733e+01 -7.299531e-02 3.075000e+01
    endloop
  endfacet
  facet normal 0.000000e+00 -0.000000e+00 1.000000e+00
    outer loop
      vertex   -1.474732e+01 -1.595696e-01 3.075000e+01
      vertex   -1.099733e+01 -7.299531e-02 3.075000e+01
      vertex   -1.475000e+01 -5.817072e-16 3.075000e+01
    endloop
  endfacet
  facet normal 0.000000e+00 0.000000e+00 1.000000e+00
    outer loop
      vertex   -5.362834e+00 -1.029170e+00 3.075000e+01
      vertex   -1.461922e+01 -1.106926e+00 3.075000e+01
      vertex   -5.400025e+00 -1.184368e+00 3.075000e+01
    endloop
  endfacet
  facet normal 0.000000e+00 0.000000e+00 1.000000e+00
    outer loop
      vertex   -5.400025e+00 -1.184368e+00 3.075000e+01
      vertex   -1.461922e+01 -1.106926e+00 3.075000e+01
      vertex   -1.457943e+01 -1.261477e+00 3.075000e+01
    endloop
  endfacet
  facet normal 0.000000e+00 0.000000e+00 1.000000e+00
    outer loop
      vertex   -5.400025e+00 -1.184368e+00 3.075000e+01
      vertex   -1.457943e+01 -1.261477e+00 3.075000e+01
      vertex   -5.442408e+00 -1.338230e+00 3.075000e+01
    endloop
  endfacet
  facet normal 0.000000e+00 0.000000e+00 1.000000e+00
    outer loop
      vertex   -5.442408e+00 -1.338230e+00 3.075000e+01
      vertex   -1.457943e+01 -1.261477e+00 3.075000e+01
      vertex   -1.453447e+01 -1.414605e+00 3.075000e+01
    endloop
  endfacet
  facet normal 0.000000e+00 0.000000e+00 1.000000e+00
    outer loop
      vertex   -5.442408e+00 -1.338230e+00 3.075000e+01
      vertex   -1.453447e+01 -1.414605e+00 3.075000e+01
      vertex   -5.489937e+00 -1.490580e+00 3.075000e+01
    endloop
  endfacet
  facet normal 0.000000e+00 0.000000e+00 1.000000e+00
    outer loop
      vertex   -5.489937e+00 -1.490580e+00 3.075000e+01
      vertex   -1.453447e+01 -1.414605e+00 3.075000e+01
      vertex   -1.448439e+01 -1.566135e+00 3.075000e+01
    endloop
  endfacet
  facet normal 0.000000e+00 0.000000e+00 1.000000e+00
    outer loop
      vertex   -5.489937e+00 -1.490580e+00 3.075000e+01
      vertex   -1.448439e+01 -1.566135e+00 3.075000e+01
      vertex   -5.542556e+00 -1.641248e+00 3.075000e+01
    endloop
  endfacet
  facet normal 0.000000e+00 0.000000e+00 1.000000e+00
    outer loop
      vertex   -5.542556e+00 -1.641248e+00 3.075000e+01
      vertex   -1.448439e+01 -1.566135e+00 3.075000e+01
      vertex   -1.442924e+01 -1.715898e+00 3.075000e+01
    endloop
  endfacet
  facet normal 0.000000e+00 0.000000e+00 1.000000e+00
    outer loop
      vertex   -5.542556e+00 -1.641248e+00 3.075000e+01
      vertex   -1.442924e+01 -1.715898e+00 3.075000e+01
      vertex   -5.600208e+00 -1.790063e+00 3.075000e+01
    endloop
  endfacet
  facet normal 0.000000e+00 0.000000e+00 1.000000e+00
    outer loop
      vertex   -5.600208e+00 -1.790063e+00 3.075000e+01
      vertex   -1.442924e+01 -1.715898e+00 3.075000e+01
      vertex   -1.436910e+01 -1.863724e+00 3.075000e+01
    endloop
  endfacet
  facet normal 0.000000e+00 0.000000e+00 1.000000e+00
    outer loop
      vertex   -5.600208e+00 -1.790063e+00 3.075000e+01
      vertex   -1.436910e+01 -1.863724e+00 3.075000e+01
      vertex   -5.662826e+00 -1.936858e+00 3.075000e+01
    endloop
  endfacet
  facet normal 0.000000e+00 0.000000e+00 1.000000e+00
    outer loop
      vertex   -5.662826e+00 -1.936858e+00 3.075000e+01
      vertex   -1.436910e+01 -1.863724e+00 3.075000e+01
      vertex   -1.430402e+01 -2.009446e+00 3.075000e+01
    endloop
  endfacet
  facet normal 0.000000e+00 0.000000e+00 1.000000e+00
    outer loop
      vertex   -5.662826e+00 -1.936858e+00 3.075000e+01
      vertex   -1.430402e+01 -2.009446e+00 3.075000e+01
      vertex   -5.730340e+00 -2.081466e+00 3.075000e+01
    endloop
  endfacet
  facet normal 0.000000e+00 0.000000e+00 1.000000e+00
    outer loop
      vertex   -5.730340e+00 -2.081466e+00 3.075000e+01
      vertex   -1.430402e+01 -2.009446e+00 3.075000e+01
      vertex   -1.423409e+01 -2.152899e+00 3.075000e+01
    endloop
  endfacet
  facet normal 0.000000e+00 0.000000e+00 1.000000e+00
    outer loop
      vertex   -5.730340e+00 -2.081466e+00 3.075000e+01
      vertex   -1.423409e+01 -2.152899e+00 3.075000e+01
      vertex   -5.802674e+00 -2.223724e+00 3.075000e+01
    endloop
  endfacet
  facet normal 0.000000e+00 0.000000e+00 1.000000e+00
    outer loop
      vertex   -5.802674e+00 -2.223724e+00 3.075000e+01
      vertex   -1.423409e+01 -2.152899e+00 3.075000e+01
      vertex   -1.415938e+01 -2.293922e+00 3.075000e+01
    endloop
  endfacet
  facet normal 0.000000e+00 0.000000e+00 1.000000e+00
    outer loop
      vertex   -5.802674e+00 -2.223724e+00 3.075000e+01
      vertex   -1.415938e+01 -2.293922e+00 3.075000e+01
      vertex   -5.879745e+00 -2.363473e+00 3.075000e+01
    endloop
  endfacet
  facet normal 0.000000e+00 0.000000e+00 1.000000e+00
    outer loop
      vertex   -5.879745e+00 -2.363473e+00 3.075000e+01
      vertex   -1.415938e+01 -2.293922e+00 3.075000e+01
      vertex   -1.407997e+01 -2.432356e+00 3.075000e+01
    endloop
  endfacet
  facet normal 0.000000e+00 0.000000e+00 1.000000e+00
    outer loop
      vertex   -5.879745e+00 -2.363473e+00 3.075000e+01
      vertex   -1.407997e+01 -2.432356e+00 3.075000e+01
      vertex   -5.961469e+00 -2.500553e+00 3.075000e+01
    endloop
  endfacet
  facet normal 0.000000e+00 0.000000e+00 1.000000e+00
    outer loop
      vertex   -5.961469e+00 -2.500553e+00 3.075000e+01
      vertex   -1.407997e+01 -2.432356e+00 3.075000e+01
      vertex   -1.399595e+01 -2.568044e+00 3.075000e+01
    endloop
  endfacet
  facet normal 0.000000e+00 0.000000e+00 1.000000e+00
    outer loop
      vertex   -5.961469e+00 -2.500553e+00 3.075000e+01
      vertex   -1.399595e+01 -2.568044e+00 3.075000e+01
      vertex   -6.047751e+00 -2.634810e+00 3.075000e+01
    endloop
  endfacet
  facet normal 0.000000e+00 0.000000e+00 1.000000e+00
    outer loop
      vertex   -6.047751e+00 -2.634810e+00 3.075000e+01
      vertex   -1.399595e+01 -2.568044e+00 3.075000e+01
      vertex   -1.390743e+01 -2.700833e+00 3.075000e+01
    endloop
  endfacet
  facet normal 0.000000e+00 0.000000e+00 1.000000e+00
    outer loop
      vertex   -6.047751e+00 -2.634810e+00 3.075000e+01
      vertex   -1.390743e+01 -2.700833e+00 3.075000e+01
      vertex   -6.138494e+00 -2.766093e+00 3.075000e+01
    endloop
  endfacet
  facet normal 0.000000e+00 0.000000e+00 1.000000e+00
    outer loop
      vertex   -6.138494e+00 -2.766093e+00 3.075000e+01
      vertex   -1.390743e+01 -2.700833e+00 3.075000e+01
      vertex   -1.381449e+01 -2.830573e+00 3.075000e+01
    endloop
  endfacet
  facet normal 0.000000e+00 0.000000e+00 1.000000e+00
    outer loop
      vertex   -6.138494e+00 -2.766093e+00 3.075000e+01
      vertex   -1.381449e+01 -2.830573e+00 3.075000e+01
      vertex   -6.233597e+00 -2.894254e+00 3.075000e+01
    endloop
  endfacet
  facet normal 0.000000e+00 0.000000e+00 1.000000e+00
    outer loop
      vertex   -6.233597e+00 -2.894254e+00 3.075000e+01
      vertex   -1.381449e+01 -2.830573e+00 3.075000e+01
      vertex   -1.371725e+01 -2.957118e+00 3.075000e+01
    endloop
  endfacet
  facet normal 0.000000e+00 0.000000e+00 1.000000e+00
    outer loop
      vertex   -6.233597e+00 -2.894254e+00 3.075000e+01
      vertex   -1.371725e+01 -2.957118e+00 3.075000e+01
      vertex   -6.332951e+00 -3.019147e+00 3.075000e+01
    endloop
  endfacet
  facet normal 0.000000e+00 0.000000e+00 1.000000e+00
    outer loop
      vertex   -6.332951e+00 -3.019147e+00 3.075000e+01
      vertex   -1.371725e+01 -2.957118e+00 3.075000e+01
      vertex   -1.361581e+01 -3.080325e+00 3.075000e+01
    endloop
  endfacet
  facet normal 0.000000e+00 0.000000e+00 1.000000e+00
    outer loop
      vertex   -6.332951e+00 -3.019147e+00 3.075000e+01
      vertex   -1.361581e+01 -3.080325e+00 3.075000e+01
      vertex   -6.436445e+00 -3.140633e+00 3.075000e+01
    endloop
  endfacet
  facet normal 0.000000e+00 0.000000e+00 1.000000e+00
    outer loop
      vertex   -6.436445e+00 -3.140633e+00 3.075000e+01
      vertex   -1.361581e+01 -3.080325e+00 3.075000e+01
      vertex   -1.351029e+01 -3.200054e+00 3.075000e+01
    endloop
  endfacet
  facet normal 0.000000e+00 0.000000e+00 1.000000e+00
    outer loop
      vertex   -6.436445e+00 -3.140633e+00 3.075000e+01
      vertex   -1.351029e+01 -3.200054e+00 3.075000e+01
      vertex   -6.543961e+00 -3.258573e+00 3.075000e+01
    endloop
  endfacet
  facet normal 0.000000e+00 0.000000e+00 1.000000e+00
    outer loop
      vertex   -6.543961e+00 -3.258573e+00 3.075000e+01
      vertex   -1.351029e+01 -3.200054e+00 3.075000e+01
      vertex   -1.340081e+01 -3.316171e+00 3.075000e+01
    endloop
  endfacet
  facet normal 0.000000e+00 0.000000e+00 1.000000e+00
    outer loop
      vertex   -6.543961e+00 -3.258573e+00 3.075000e+01
      vertex   -1.340081e+01 -3.316171e+00 3.075000e+01
      vertex   -6.655379e+00 -3.372834e+00 3.075000e+01
    endloop
  endfacet
  facet normal 0.000000e+00 0.000000e+00 1.000000e+00
    outer loop
      vertex   -6.655379e+00 -3.372834e+00 3.075000e+01
      vertex   -1.340081e+01 -3.316171e+00 3.075000e+01
      vertex   -1.328749e+01 -3.428545e+00 3.075000e+01
    endloop
  endfacet
  facet normal 0.000000e+00 0.000000e+00 1.000000e+00
    outer loop
      vertex   -6.655379e+00 -3.372834e+00 3.075000e+01
      vertex   -1.328749e+01 -3.428545e+00 3.075000e+01
      vertex   -6.770573e+00 -3.483288e+00 3.075000e+01
    endloop
  endfacet
  facet normal 0.000000e+00 0.000000e+00 1.000000e+00
    outer loop
      vertex   -6.770573e+00 -3.483288e+00 3.075000e+01
      vertex   -1.328749e+01 -3.428545e+00 3.075000e+01
      vertex   -1.317046e+01 -3.537049e+00 3.075000e+01
    endloop
  endfacet
  facet normal 0.000000e+00 0.000000e+00 1.000000e+00
    outer loop
      vertex   -6.770573e+00 -3.483288e+00 3.075000e+01
      vertex   -1.317046e+01 -3.537049e+00 3.075000e+01
      vertex   -6.889412e+00 -3.589810e+00 3.075000e+01
    endloop
  endfacet
  facet normal 0.000000e+00 0.000000e+00 1.000000e+00
    outer loop
      vertex   -6.889412e+00 -3.589810e+00 3.075000e+01
      vertex   -1.317046e+01 -3.537049e+00 3.075000e+01
      vertex   -1.304984e+01 -3.641559e+00 3.075000e+01
    endloop
  endfacet
  facet normal 0.000000e+00 0.000000e+00 1.000000e+00
    outer loop
      vertex   -6.889412e+00 -3.589810e+00 3.075000e+01
      vertex   -1.304984e+01 -3.641559e+00 3.075000e+01
      vertex   -7.011762e+00 -3.692280e+00 3.075000e+01
    endloop
  endfacet
  facet normal 0.000000e+00 0.000000e+00 1.000000e+00
    outer loop
      vertex   -7.011762e+00 -3.692280e+00 3.075000e+01
      vertex   -1.304984e+01 -3.641559e+00 3.075000e+01
      vertex   -1.292579e+01 -3.741959e+00 3.075000e+01
    endloop
  endfacet
  facet normal 0.000000e+00 0.000000e+00 1.000000e+00
    outer loop
      vertex   -7.011762e+00 -3.692280e+00 3.075000e+01
      vertex   -1.292579e+01 -3.741959e+00 3.075000e+01
      vertex   -7.137485e+00 -3.790582e+00 3.075000e+01
    endloop
  endfacet
  facet normal 0.000000e+00 0.000000e+00 1.000000e+00
    outer loop
      vertex   -7.137485e+00 -3.790582e+00 3.075000e+01
      vertex   -1.292579e+01 -3.741959e+00 3.075000e+01
      vertex   -1.279843e+01 -3.838135e+00 3.075000e+01
    endloop
  endfacet
  facet normal 0.000000e+00 0.000000e+00 1.000000e+00
    outer loop
      vertex   -7.137485e+00 -3.790582e+00 3.075000e+01
      vertex   -1.279843e+01 -3.838135e+00 3.075000e+01
      vertex   -7.266440e+00 -3.884605e+00 3.075000e+01
    endloop
  endfacet
  facet normal 0.000000e+00 0.000000e+00 1.000000e+00
    outer loop
      vertex   -7.266440e+00 -3.884605e+00 3.075000e+01
      vertex   -1.279843e+01 -3.838135e+00 3.075000e+01
      vertex   -1.266792e+01 -3.929978e+00 3.075000e+01
    endloop
  endfacet
  facet normal 0.000000e+00 0.000000e+00 1.000000e+00
    outer loop
      vertex   -7.266440e+00 -3.884605e+00 3.075000e+01
      vertex   -1.266792e+01 -3.929978e+00 3.075000e+01
      vertex   -7.398481e+00 -3.974242e+00 3.075000e+01
    endloop
  endfacet
  facet normal 0.000000e+00 0.000000e+00 1.000000e+00
    outer loop
      vertex   -7.398481e+00 -3.974242e+00 3.075000e+01
      vertex   -1.266792e+01 -3.929978e+00 3.075000e+01
      vertex   -1.253439e+01 -4.017385e+00 3.075000e+01
    endloop
  endfacet
  facet normal 0.000000e+00 0.000000e+00 1.000000e+00
    outer loop
      vertex   -7.398481e+00 -3.974242e+00 3.075000e+01
      vertex   -1.253439e+01 -4.017385e+00 3.075000e+01
      vertex   -7.533459e+00 -4.059393e+00 3.075000e+01
    endloop
  endfacet
  facet normal 0.000000e+00 0.000000e+00 1.000000e+00
    outer loop
      vertex   -7.533459e+00 -4.059393e+00 3.075000e+01
      vertex   -1.253439e+01 -4.017385e+00 3.075000e+01
      vertex   -1.239800e+01 -4.100256e+00 3.075000e+01
    endloop
  endfacet
  facet normal 0.000000e+00 0.000000e+00 1.000000e+00
    outer loop
      vertex   -7.533459e+00 -4.059393e+00 3.075000e+01
      vertex   -1.239800e+01 -4.100256e+00 3.075000e+01
      vertex   -7.671220e+00 -4.139962e+00 3.075000e+01
    endloop
  endfacet
  facet normal 0.000000e+00 0.000000e+00 1.000000e+00
    outer loop
      vertex   -7.671220e+00 -4.139962e+00 3.075000e+01
      vertex   -1.239800e+01 -4.100256e+00 3.075000e+01
      vertex   -1.225890e+01 -4.178499e+00 3.075000e+01
    endloop
  endfacet
  facet normal 0.000000e+00 0.000000e+00 1.000000e+00
    outer loop
      vertex   -7.671220e+00 -4.139962e+00 3.075000e+01
      vertex   -1.225890e+01 -4.178499e+00 3.075000e+01
      vertex   -7.811611e+00 -4.215857e+00 3.075000e+01
    endloop
  endfacet
  facet normal 0.000000e+00 0.000000e+00 1.000000e+00
    outer loop
      vertex   -7.811611e+00 -4.215857e+00 3.075000e+01
      vertex   -1.225890e+01 -4.178499e+00 3.075000e+01
      vertex   -1.211726e+01 -4.252026e+00 3.075000e+01
    endloop
  endfacet
  facet normal 0.000000e+00 0.000000e+00 1.000000e+00
    outer loop
      vertex   -7.811611e+00 -4.215857e+00 3.075000e+01
      vertex   -1.211726e+01 -4.252026e+00 3.075000e+01
      vertex   -7.954472e+00 -4.286994e+00 3.075000e+01
    endloop
  endfacet
  facet normal 0.000000e+00 0.000000e+00 1.000000e+00
    outer loop
      vertex   -7.954472e+00 -4.286994e+00 3.075000e+01
      vertex   -1.211726e+01 -4.252026e+00 3.075000e+01
      vertex   -1.197322e+01 -4.320752e+00 3.075000e+01
    endloop
  endfacet
  facet normal 0.000000e+00 0.000000e+00 1.000000e+00
    outer loop
      vertex   -7.954472e+00 -4.286994e+00 3.075000e+01
      vertex   -1.197322e+01 -4.320752e+00 3.075000e+01
      vertex   -8.099642e+00 -4.353291e+00 3.075000e+01
    endloop
  endfacet
  facet normal 0.000000e+00 0.000000e+00 1.000000e+00
    outer loop
      vertex   -8.099642e+00 -4.353291e+00 3.075000e+01
      vertex   -1.197322e+01 -4.320752e+00 3.075000e+01
      vertex   -1.182696e+01 -4.384601e+00 3.075000e+01
    endloop
  endfacet
  facet normal 0.000000e+00 0.000000e+00 1.000000e+00
    outer loop
      vertex   -8.099642e+00 -4.353291e+00 3.075000e+01
      vertex   -1.182696e+01 -4.384601e+00 3.075000e+01
      vertex   -8.246958e+00 -4.414673e+00 3.075000e+01
    endloop
  endfacet
  facet normal 0.000000e+00 0.000000e+00 1.000000e+00
    outer loop
      vertex   -8.246958e+00 -4.414673e+00 3.075000e+01
      vertex   -1.182696e+01 -4.384601e+00 3.075000e+01
      vertex   -1.167863e+01 -4.443500e+00 3.075000e+01
    endloop
  endfacet
  facet normal 0.000000e+00 0.000000e+00 1.000000e+00
    outer loop
      vertex   -8.246958e+00 -4.414673e+00 3.075000e+01
      vertex   -1.167863e+01 -4.443500e+00 3.075000e+01
      vertex   -8.396252e+00 -4.471073e+00 3.075000e+01
    endloop
  endfacet
  facet normal 0.000000e+00 0.000000e+00 1.000000e+00
    outer loop
      vertex   -8.396252e+00 -4.471073e+00 3.075000e+01
      vertex   -1.167863e+01 -4.443500e+00 3.075000e+01
      vertex   -1.152841e+01 -4.497383e+00 3.075000e+01
    endloop
  endfacet
  facet normal 0.000000e+00 0.000000e+00 1.000000e+00
    outer loop
      vertex   -8.396252e+00 -4.471073e+00 3.075000e+01
      vertex   -1.152841e+01 -4.497383e+00 3.075000e+01
      vertex   -8.547356e+00 -4.522425e+00 3.075000e+01
    endloop
  endfacet
  facet normal 0.000000e+00 0.000000e+00 1.000000e+00
    outer loop
      vertex   -8.547356e+00 -4.522425e+00 3.075000e+01
      vertex   -1.152841e+01 -4.497383e+00 3.075000e+01
      vertex   -1.137647e+01 -4.546190e+00 3.075000e+01
    endloop
  endfacet
  facet normal 0.000000e+00 0.000000e+00 1.000000e+00
    outer loop
      vertex   -8.547356e+00 -4.522425e+00 3.075000e+01
      vertex   -1.137647e+01 -4.546190e+00 3.075000e+01
      vertex   -8.700101e+00 -4.568672e+00 3.075000e+01
    endloop
  endfacet
  facet normal 0.000000e+00 0.000000e+00 1.000000e+00
    outer loop
      vertex   -8.700101e+00 -4.568672e+00 3.075000e+01
      vertex   -1.137647e+01 -4.546190e+00 3.075000e+01
      vertex   -1.122297e+01 -4.589864e+00 3.075000e+01
    endloop
  endfacet
  facet normal 0.000000e+00 0.000000e+00 1.000000e+00
    outer loop
      vertex   -8.700101e+00 -4.568672e+00 3.075000e+01
      vertex   -1.122297e+01 -4.589864e+00 3.075000e+01
      vertex   -8.854313e+00 -4.609761e+00 3.075000e+01
    endloop
  endfacet
  facet normal 0.000000e+00 0.000000e+00 1.000000e+00
    outer loop
      vertex   -8.854313e+00 -4.609761e+00 3.075000e+01
      vertex   -1.122297e+01 -4.589864e+00 3.075000e+01
      vertex   -1.106809e+01 -4.628358e+00 3.075000e+01
    endloop
  endfacet
  facet normal 0.000000e+00 0.000000e+00 1.000000e+00
    outer loop
      vertex   -8.854313e+00 -4.609761e+00 3.075000e+01
      vertex   -1.106809e+01 -4.628358e+00 3.075000e+01
      vertex   -9.009818e+00 -4.645647e+00 3.075000e+01
    endloop
  endfacet
  facet normal 0.000000e+00 0.000000e+00 1.000000e+00
    outer loop
      vertex   -9.009818e+00 -4.645647e+00 3.075000e+01
      vertex   -1.106809e+01 -4.628358e+00 3.075000e+01
      vertex   -1.091200e+01 -4.661626e+00 3.075000e+01
    endloop
  endfacet
  facet normal 0.000000e+00 0.000000e+00 1.000000e+00
    outer loop
      vertex   -9.009818e+00 -4.645647e+00 3.075000e+01
      vertex   -1.091200e+01 -4.661626e+00 3.075000e+01
      vertex   -9.166441e+00 -4.676289e+00 3.075000e+01
    endloop
  endfacet
  facet normal 0.000000e+00 0.000000e+00 1.000000e+00
    outer loop
      vertex   -9.166441e+00 -4.676289e+00 3.075000e+01
      vertex   -1.091200e+01 -4.661626e+00 3.075000e+01
      vertex   -1.075488e+01 -4.689632e+00 3.075000e+01
    endloop
  endfacet
  facet normal 0.000000e+00 0.000000e+00 1.000000e+00
    outer loop
      vertex   -9.166441e+00 -4.676289e+00 3.075000e+01
      vertex   -1.075488e+01 -4.689632e+00 3.075000e+01
      vertex   -9.324005e+00 -4.701652e+00 3.075000e+01
    endloop
  endfacet
  facet normal 0.000000e+00 0.000000e+00 1.000000e+00
    outer loop
      vertex   -9.324005e+00 -4.701652e+00 3.075000e+01
      vertex   -1.075488e+01 -4.689632e+00 3.075000e+01
      vertex   -1.059692e+01 -4.712345e+00 3.075000e+01
    endloop
  endfacet
  facet normal 0.000000e+00 0.000000e+00 1.000000e+00
    outer loop
      vertex   -9.324005e+00 -4.701652e+00 3.075000e+01
      vertex   -1.059692e+01 -4.712345e+00 3.075000e+01
      vertex   -9.482331e+00 -4.721707e+00 3.075000e+01
    endloop
  endfacet
  facet normal 0.000000e+00 0.000000e+00 1.000000e+00
    outer loop
      vertex   -9.482331e+00 -4.721707e+00 3.075000e+01
      vertex   -1.059692e+01 -4.712345e+00 3.075000e+01
      vertex   -1.043827e+01 -4.729737e+00 3.075000e+01
    endloop
  endfacet
  facet normal 0.000000e+00 0.000000e+00 1.000000e+00
    outer loop
      vertex   -9.482331e+00 -4.721707e+00 3.075000e+01
      vertex   -1.043827e+01 -4.729737e+00 3.075000e+01
      vertex   -9.641243e+00 -4.736433e+00 3.075000e+01
    endloop
  endfacet
  facet normal 0.000000e+00 0.000000e+00 1.000000e+00
    outer loop
      vertex   -9.641243e+00 -4.736433e+00 3.075000e+01
      vertex   -1.043827e+01 -4.729737e+00 3.075000e+01
      vertex   -1.027914e+01 -4.741791e+00 3.075000e+01
    endloop
  endfacet
  facet normal 0.000000e+00 0.000000e+00 1.000000e+00
    outer loop
      vertex   -9.641243e+00 -4.736433e+00 3.075000e+01
      vertex   -1.027914e+01 -4.741791e+00 3.075000e+01
      vertex   -9.800559e+00 -4.745811e+00 3.075000e+01
    endloop
  endfacet
  facet normal 0.000000e+00 0.000000e+00 1.000000e+00
    outer loop
      vertex   -9.800559e+00 -4.745811e+00 3.075000e+01
      vertex   -1.027914e+01 -4.741791e+00 3.075000e+01
      vertex   -1.011969e+01 -4.748492e+00 3.075000e+01
    endloop
  endfacet
  facet normal 0.000000e+00 0.000000e+00 1.000000e+00
    outer loop
      vertex   -9.800559e+00 -4.745811e+00 3.075000e+01
      vertex   -1.011969e+01 -4.748492e+00 3.075000e+01
      vertex   -9.960101e+00 -4.749832e+00 3.075000e+01
    endloop
  endfacet
  facet normal 0.000000e+00 0.000000e+00 1.000000e+00
    outer loop
      vertex   -1.461922e+01 1.106926e+00 3.075000e+01
      vertex   -5.400025e+00 1.184368e+00 3.075000e+01
      vertex   -1.457943e+01 1.261477e+00 3.075000e+01
    endloop
  endfacet
  facet normal -0.000000e+00 0.000000e+00 1.000000e+00
    outer loop
      vertex   -1.457943e+01 1.261477e+00 3.075000e+01
      vertex   -5.400025e+00 1.184368e+00 3.075000e+01
      vertex   -5.442408e+00 1.338230e+00 3.075000e+01
    endloop
  endfacet
  facet normal 0.000000e+00 0.000000e+00 1.000000e+00
    outer loop
      vertex   -1.457943e+01 1.261477e+00 3.075000e+01
      vertex   -5.442408e+00 1.338230e+00 3.075000e+01
      vertex   -1.453447e+01 1.414605e+00 3.075000e+01
    endloop
  endfacet
  facet normal -0.000000e+00 0.000000e+00 1.000000e+00
    outer loop
      vertex   -1.453447e+01 1.414605e+00 3.075000e+01
      vertex   -5.442408e+00 1.338230e+00 3.075000e+01
      vertex   -5.489937e+00 1.490580e+00 3.075000e+01
    endloop
  endfacet
  facet normal 0.000000e+00 0.000000e+00 1.000000e+00
    outer loop
      vertex   -1.453447e+01 1.414605e+00 3.075000e+01
      vertex   -5.489937e+00 1.490580e+00 3.075000e+01
      vertex   -1.448439e+01 1.566135e+00 3.075000e+01
    endloop
  endfacet
  facet normal -0.000000e+00 0.000000e+00 1.000000e+00
    outer loop
      vertex   -1.448439e+01 1.566135e+00 3.075000e+01
      vertex   -5.489937e+00 1.490580e+00 3.075000e+01
      vertex   -5.542556e+00 1.641248e+00 3.075000e+01
    endloop
  endfacet
  facet normal 0.000000e+00 0.000000e+00 1.000000e+00
    outer loop
      vertex   -1.448439e+01 1.566135e+00 3.075000e+01
      vertex   -5.542556e+00 1.641248e+00 3.075000e+01
      vertex   -1.442924e+01 1.715898e+00 3.075000e+01
    endloop
  endfacet
  facet normal -0.000000e+00 0.000000e+00 1.000000e+00
    outer loop
      vertex   -1.442924e+01 1.715898e+00 3.075000e+01
      vertex   -5.542556e+00 1.641248e+00 3.075000e+01
      vertex   -5.600208e+00 1.790063e+00 3.075000e+01
    endloop
  endfacet
  facet normal 0.000000e+00 0.000000e+00 1.000000e+00
    outer loop
      vertex   -1.442924e+01 1.715898e+00 3.075000e+01
      vertex   -5.600208e+00 1.790063e+00 3.075000e+01
      vertex   -1.436910e+01 1.863724e+00 3.075000e+01
    endloop
  endfacet
  facet normal -0.000000e+00 0.000000e+00 1.000000e+00
    outer loop
      vertex   -1.436910e+01 1.863724e+00 3.075000e+01
      vertex   -5.600208e+00 1.790063e+00 3.075000e+01
      vertex   -5.662826e+00 1.936858e+00 3.075000e+01
    endloop
  endfacet
  facet normal 0.000000e+00 0.000000e+00 1.000000e+00
    outer loop
      vertex   -1.436910e+01 1.863724e+00 3.075000e+01
      vertex   -5.662826e+00 1.936858e+00 3.075000e+01
      vertex   -1.430402e+01 2.009446e+00 3.075000e+01
    endloop
  endfacet
  facet normal -0.000000e+00 0.000000e+00 1.000000e+00
    outer loop
      vertex   -1.430402e+01 2.009446e+00 3.075000e+01
      vertex   -5.662826e+00 1.936858e+00 3.075000e+01
      vertex   -5.730340e+00 2.081466e+00 3.075000e+01
    endloop
  endfacet
  facet normal 0.000000e+00 0.000000e+00 1.000000e+00
    outer loop
      vertex   -1.430402e+01 2.009446e+00 3.075000e+01
      vertex   -5.730340e+00 2.081466e+00 3.075000e+01
      vertex   -1.423409e+01 2.152899e+00 3.075000e+01
    endloop
  endfacet
  facet normal -0.000000e+00 0.000000e+00 1.000000e+00
    outer loop
      vertex   -1.423409e+01 2.152899e+00 3.075000e+01
      vertex   -5.730340e+00 2.081466e+00 3.075000e+01
      vertex   -5.802674e+00 2.223724e+00 3.075000e+01
    endloop
  endfacet
  facet normal 0.000000e+00 0.000000e+00 1.000000e+00
    outer loop
      vertex   -1.423409e+01 2.152899e+00 3.075000e+01
      vertex   -5.802674e+00 2.223724e+00 3.075000e+01
      vertex   -1.415938e+01 2.293922e+00 3.075000e+01
    endloop
  endfacet
  facet normal -0.000000e+00 0.000000e+00 1.000000e+00
    outer loop
      vertex   -1.415938e+01 2.293922e+00 3.075000e+01
      vertex   -5.802674e+00 2.223724e+00 3.075000e+01
      vertex   -5.879745e+00 2.363473e+00 3.075000e+01
    endloop
  endfacet
  facet normal 0.000000e+00 0.000000e+00 1.000000e+00
    outer loop
      vertex   -1.415938e+01 2.293922e+00 3.075000e+01
      vertex   -5.879745e+00 2.363473e+00 3.075000e+01
      vertex   -5.961469e+00 2.500553e+00 3.075000e+01
    endloop
  endfacet
  facet normal 0.000000e+00 0.000000e+00 1.000000e+00
    outer loop
      vertex   -5.961469e+00 2.500553e+00 3.075000e+01
      vertex   -6.047751e+00 2.634810e+00 3.075000e+01
      vertex   -1.415938e+01 2.293922e+00 3.075000e+01
    endloop
  endfacet
  facet normal 0.000000e+00 0.000000e+00 1.000000e+00
    outer loop
      vertex   -1.415938e+01 2.293922e+00 3.075000e+01
      vertex   -6.047751e+00 2.634810e+00 3.075000e+01
      vertex   -6.138494e+00 2.766093e+00 3.075000e+01
    endloop
  endfacet
  facet normal 0.000000e+00 0.000000e+00 1.000000e+00
    outer loop
      vertex   -1.415938e+01 2.293922e+00 3.075000e+01
      vertex   -6.138494e+00 2.766093e+00 3.075000e+01
      vertex   -6.233597e+00 2.894254e+00 3.075000e+01
    endloop
  endfacet
  facet normal 0.000000e+00 0.000000e+00 1.000000e+00
    outer loop
      vertex   -6.233597e+00 2.894254e+00 3.075000e+01
      vertex   -6.332951e+00 3.019147e+00 3.075000e+01
      vertex   -1.415938e+01 2.293922e+00 3.075000e+01
    endloop
  endfacet
  facet normal 0.000000e+00 0.000000e+00 1.000000e+00
    outer loop
      vertex   -1.415938e+01 2.293922e+00 3.075000e+01
      vertex   -6.332951e+00 3.019147e+00 3.075000e+01
      vertex   -6.436445e+00 3.140633e+00 3.075000e+01
    endloop
  endfacet
  facet normal 0.000000e+00 0.000000e+00 1.000000e+00
    outer loop
      vertex   -1.415938e+01 2.293922e+00 3.075000e+01
      vertex   -6.436445e+00 3.140633e+00 3.075000e+01
      vertex   -6.543961e+00 3.258573e+00 3.075000e+01
    endloop
  endfacet
  facet normal 0.000000e+00 0.000000e+00 1.000000e+00
    outer loop
      vertex   -6.543961e+00 3.258573e+00 3.075000e+01
      vertex   -6.655379e+00 3.372834e+00 3.075000e+01
      vertex   -1.415938e+01 2.293922e+00 3.075000e+01
    endloop
  endfacet
  facet normal 0.000000e+00 0.000000e+00 1.000000e+00
    outer loop
      vertex   -1.415938e+01 2.293922e+00 3.075000e+01
      vertex   -6.655379e+00 3.372834e+00 3.075000e+01
      vertex   -6.770573e+00 3.483288e+00 3.075000e+01
    endloop
  endfacet
  facet normal 0.000000e+00 0.000000e+00 1.000000e+00
    outer loop
      vertex   -1.415938e+01 2.293922e+00 3.075000e+01
      vertex   -6.770573e+00 3.483288e+00 3.075000e+01
      vertex   -6.889412e+00 3.589810e+00 3.075000e+01
    endloop
  endfacet
  facet normal 0.000000e+00 0.000000e+00 1.000000e+00
    outer loop
      vertex   -6.889412e+00 3.589810e+00 3.075000e+01
      vertex   -7.011762e+00 3.692280e+00 3.075000e+01
      vertex   -1.415938e+01 2.293922e+00 3.075000e+01
    endloop
  endfacet
  facet normal 0.000000e+00 0.000000e+00 1.000000e+00
    outer loop
      vertex   -1.415938e+01 2.293922e+00 3.075000e+01
      vertex   -7.011762e+00 3.692280e+00 3.075000e+01
      vertex   -7.137485e+00 3.790582e+00 3.075000e+01
    endloop
  endfacet
  facet normal 0.000000e+00 0.000000e+00 1.000000e+00
    outer loop
      vertex   -1.415938e+01 2.293922e+00 3.075000e+01
      vertex   -7.137485e+00 3.790582e+00 3.075000e+01
      vertex   -7.266440e+00 3.884605e+00 3.075000e+01
    endloop
  endfacet
  facet normal 0.000000e+00 0.000000e+00 1.000000e+00
    outer loop
      vertex   -7.266440e+00 3.884605e+00 3.075000e+01
      vertex   -7.398481e+00 3.974242e+00 3.075000e+01
      vertex   -1.415938e+01 2.293922e+00 3.075000e+01
    endloop
  endfacet
  facet normal 0.000000e+00 0.000000e+00 1.000000e+00
    outer loop
      vertex   -1.415938e+01 2.293922e+00 3.075000e+01
      vertex   -7.398481e+00 3.974242e+00 3.075000e+01
      vertex   -7.533459e+00 4.059393e+00 3.075000e+01
    endloop
  endfacet
  facet normal 0.000000e+00 0.000000e+00 1.000000e+00
    outer loop
      vertex   -1.415938e+01 2.293922e+00 3.075000e+01
      vertex   -7.533459e+00 4.059393e+00 3.075000e+01
      vertex   -7.671220e+00 4.139962e+00 3.075000e+01
    endloop
  endfacet
  facet normal 0.000000e+00 0.000000e+00 1.000000e+00
    outer loop
      vertex   -7.671220e+00 4.139962e+00 3.075000e+01
      vertex   -7.811611e+00 4.215857e+00 3.075000e+01
      vertex   -1.415938e+01 2.293922e+00 3.075000e+01
    endloop
  endfacet
  facet normal 0.000000e+00 0.000000e+00 1.000000e+00
    outer loop
      vertex   -1.415938e+01 2.293922e+00 3.075000e+01
      vertex   -7.811611e+00 4.215857e+00 3.075000e+01
      vertex   -7.954472e+00 4.286994e+00 3.075000e+01
    endloop
  endfacet
  facet normal 0.000000e+00 0.000000e+00 1.000000e+00
    outer loop
      vertex   -1.415938e+01 2.293922e+00 3.075000e+01
      vertex   -7.954472e+00 4.286994e+00 3.075000e+01
      vertex   -8.099642e+00 4.353291e+00 3.075000e+01
    endloop
  endfacet
  facet normal 0.000000e+00 0.000000e+00 1.000000e+00
    outer loop
      vertex   -8.099642e+00 4.353291e+00 3.075000e+01
      vertex   -8.246958e+00 4.414673e+00 3.075000e+01
      vertex   -1.415938e+01 2.293922e+00 3.075000e+01
    endloop
  endfacet
  facet normal 0.000000e+00 0.000000e+00 1.000000e+00
    outer loop
      vertex   -1.415938e+01 2.293922e+00 3.075000e+01
      vertex   -8.246958e+00 4.414673e+00 3.075000e+01
      vertex   -8.396252e+00 4.471073e+00 3.075000e+01
    endloop
  endfacet
  facet normal 0.000000e+00 0.000000e+00 1.000000e+00
    outer loop
      vertex   -1.415938e+01 2.293922e+00 3.075000e+01
      vertex   -8.396252e+00 4.471073e+00 3.075000e+01
      vertex   -8.547356e+00 4.522425e+00 3.075000e+01
    endloop
  endfacet
  facet normal 0.000000e+00 0.000000e+00 1.000000e+00
    outer loop
      vertex   -8.547356e+00 4.522425e+00 3.075000e+01
      vertex   -8.700101e+00 4.568672e+00 3.075000e+01
      vertex   -1.415938e+01 2.293922e+00 3.075000e+01
    endloop
  endfacet
  facet normal 0.000000e+00 0.000000e+00 1.000000e+00
    outer loop
      vertex   -1.415938e+01 2.293922e+00 3.075000e+01
      vertex   -8.700101e+00 4.568672e+00 3.075000e+01
      vertex   -8.854313e+00 4.609761e+00 3.075000e+01
    endloop
  endfacet
  facet normal 0.000000e+00 0.000000e+00 1.000000e+00
    outer loop
      vertex   -1.415938e+01 2.293922e+00 3.075000e+01
      vertex   -8.854313e+00 4.609761e+00 3.075000e+01
      vertex   -9.009818e+00 4.645647e+00 3.075000e+01
    endloop
  endfacet
  facet normal 0.000000e+00 0.000000e+00 1.000000e+00
    outer loop
      vertex   -9.009818e+00 4.645647e+00 3.075000e+01
      vertex   -9.166441e+00 4.676289e+00 3.075000e+01
      vertex   -1.415938e+01 2.293922e+00 3.075000e+01
    endloop
  endfacet
  facet normal 0.000000e+00 0.000000e+00 1.000000e+00
    outer loop
      vertex   -1.415938e+01 2.293922e+00 3.075000e+01
      vertex   -9.166441e+00 4.676289e+00 3.075000e+01
      vertex   -9.324005e+00 4.701652e+00 3.075000e+01
    endloop
  endfacet
  facet normal 0.000000e+00 0.000000e+00 1.000000e+00
    outer loop
      vertex   -1.415938e+01 2.293922e+00 3.075000e+01
      vertex   -9.324005e+00 4.701652e+00 3.075000e+01
      vertex   -9.482331e+00 4.721707e+00 3.075000e+01
    endloop
  endfacet
  facet normal 0.000000e+00 0.000000e+00 1.000000e+00
    outer loop
      vertex   -9.482331e+00 4.721707e+00 3.075000e+01
      vertex   -9.641243e+00 4.736433e+00 3.075000e+01
      vertex   -1.415938e+01 2.293922e+00 3.075000e+01
    endloop
  endfacet
  facet normal 0.000000e+00 0.000000e+00 1.000000e+00
    outer loop
      vertex   -1.415938e+01 2.293922e+00 3.075000e+01
      vertex   -9.641243e+00 4.736433e+00 3.075000e+01
      vertex   -9.800559e+00 4.745811e+00 3.075000e+01
    endloop
  endfacet
  facet normal 0.000000e+00 0.000000e+00 1.000000e+00
    outer loop
      vertex   -1.415938e+01 2.293922e+00 3.075000e+01
      vertex   -9.800559e+00 4.745811e+00 3.075000e+01
      vertex   -9.960101e+00 4.749832e+00 3.075000e+01
    endloop
  endfacet
  facet normal 0.000000e+00 0.000000e+00 1.000000e+00
    outer loop
      vertex   -9.960101e+00 4.749832e+00 3.075000e+01
      vertex   -1.011969e+01 4.748492e+00 3.075000e+01
      vertex   -1.415938e+01 2.293922e+00 3.075000e+01
    endloop
  endfacet
  facet normal 0.000000e+00 0.000000e+00 1.000000e+00
    outer loop
      vertex   -1.415938e+01 2.293922e+00 3.075000e+01
      vertex   -1.011969e+01 4.748492e+00 3.075000e+01
      vertex   -1.027914e+01 4.741791e+00 3.075000e+01
    endloop
  endfacet
  facet normal 0.000000e+00 0.000000e+00 1.000000e+00
    outer loop
      vertex   -1.415938e+01 2.293922e+00 3.075000e+01
      vertex   -1.027914e+01 4.741791e+00 3.075000e+01
      vertex   -1.043827e+01 4.729737e+00 3.075000e+01
    endloop
  endfacet
  facet normal 0.000000e+00 0.000000e+00 1.000000e+00
    outer loop
      vertex   -1.043827e+01 4.729737e+00 3.075000e+01
      vertex   -1.059692e+01 4.712345e+00 3.075000e+01
      vertex   -1.415938e+01 2.293922e+00 3.075000e+01
    endloop
  endfacet
  facet normal 0.000000e+00 0.000000e+00 1.000000e+00
    outer loop
      vertex   -1.415938e+01 2.293922e+00 3.075000e+01
      vertex   -1.059692e+01 4.712345e+00 3.075000e+01
      vertex   -1.075488e+01 4.689632e+00 3.075000e+01
    endloop
  endfacet
  facet normal 0.000000e+00 0.000000e+00 1.000000e+00
    outer loop
      vertex   -1.415938e+01 2.293922e+00 3.075000e+01
      vertex   -1.075488e+01 4.689632e+00 3.075000e+01
      vertex   -1.091200e+01 4.661626e+00 3.075000e+01
    endloop
  endfacet
  facet normal 0.000000e+00 0.000000e+00 1.000000e+00
    outer loop
      vertex   -1.091200e+01 4.661626e+00 3.075000e+01
      vertex   -1.106809e+01 4.628358e+00 3.075000e+01
      vertex   -1.415938e+01 2.293922e+00 3.075000e+01
    endloop
  endfacet
  facet normal 0.000000e+00 0.000000e+00 1.000000e+00
    outer loop
      vertex   -1.415938e+01 2.293922e+00 3.075000e+01
      vertex   -1.106809e+01 4.628358e+00 3.075000e+01
      vertex   -1.122297e+01 4.589864e+00 3.075000e+01
    endloop
  endfacet
  facet normal 0.000000e+00 0.000000e+00 1.000000e+00
    outer loop
      vertex   -1.415938e+01 2.293922e+00 3.075000e+01
      vertex   -1.122297e+01 4.589864e+00 3.075000e+01
      vertex   -1.137647e+01 4.546190e+00 3.075000e+01
    endloop
  endfacet
  facet normal 0.000000e+00 0.000000e+00 1.000000e+00
    outer loop
      vertex   -1.137647e+01 4.546190e+00 3.075000e+01
      vertex   -1.152841e+01 4.497383e+00 3.075000e+01
      vertex   -1.415938e+01 2.293922e+00 3.075000e+01
    endloop
  endfacet
  facet normal 0.000000e+00 0.000000e+00 1.000000e+00
    outer loop
      vertex   -1.415938e+01 2.293922e+00 3.075000e+01
      vertex   -1.152841e+01 4.497383e+00 3.075000e+01
      vertex   -1.167863e+01 4.443500e+00 3.075000e+01
    endloop
  endfacet
  facet normal 0.000000e+00 0.000000e+00 1.000000e+00
    outer loop
      vertex   -1.415938e+01 2.293922e+00 3.075000e+01
      vertex   -1.167863e+01 4.443500e+00 3.075000e+01
      vertex   -1.182696e+01 4.384601e+00 3.075000e+01
    endloop
  endfacet
  facet normal 0.000000e+00 0.000000e+00 1.000000e+00
    outer loop
      vertex   -1.182696e+01 4.384601e+00 3.075000e+01
      vertex   -1.197322e+01 4.320752e+00 3.075000e+01
      vertex   -1.415938e+01 2.293922e+00 3.075000e+01
    endloop
  endfacet
  facet normal 0.000000e+00 0.000000e+00 1.000000e+00
    outer loop
      vertex   -1.415938e+01 2.293922e+00 3.075000e+01
      vertex   -1.197322e+01 4.320752e+00 3.075000e+01
      vertex   -1.211726e+01 4.252026e+00 3.075000e+01
    endloop
  endfacet
  facet normal 0.000000e+00 0.000000e+00 1.000000e+00
    outer loop
      vertex   -1.415938e+01 2.293922e+00 3.075000e+01
      vertex   -1.211726e+01 4.252026e+00 3.075000e+01
      vertex   -1.225890e+01 4.178499e+00 3.075000e+01
    endloop
  endfacet
  facet normal 0.000000e+00 0.000000e+00 1.000000e+00
    outer loop
      vertex   -1.225890e+01 4.178499e+00 3.075000e+01
      vertex   -1.239800e+01 4.100256e+00 3.075000e+01
      vertex   -1.415938e+01 2.293922e+00 3.075000e+01
    endloop
  endfacet
  facet normal 0.000000e+00 0.000000e+00 1.000000e+00
    outer loop
      vertex   -1.415938e+01 2.293922e+00 3.075000e+01
      vertex   -1.239800e+01 4.100256e+00 3.075000e+01
      vertex   -1.253439e+01 4.017385e+00 3.075000e+01
    endloop
  endfacet
  facet normal 0.000000e+00 0.000000e+00 1.000000e+00
    outer loop
      vertex   -1.415938e+01 2.293922e+00 3.075000e+01
      vertex   -1.253439e+01 4.017385e+00 3.075000e+01
      vertex   -1.266792e+01 3.929978e+00 3.075000e+01
    endloop
  endfacet
  facet normal 0.000000e+00 0.000000e+00 1.000000e+00
    outer loop
      vertex   -1.266792e+01 3.929978e+00 3.075000e+01
      vertex   -1.279843e+01 3.838135e+00 3.075000e+01
      vertex   -1.415938e+01 2.293922e+00 3.075000e+01
    endloop
  endfacet
  facet normal 0.000000e+00 0.000000e+00 1.000000e+00
    outer loop
      vertex   -1.415938e+01 2.293922e+00 3.075000e+01
      vertex   -1.279843e+01 3.838135e+00 3.075000e+01
      vertex   -1.292579e+01 3.741959e+00 3.075000e+01
    endloop
  endfacet
  facet normal 0.000000e+00 0.000000e+00 1.000000e+00
    outer loop
      vertex   -1.415938e+01 2.293922e+00 3.075000e+01
      vertex   -1.292579e+01 3.741959e+00 3.075000e+01
      vertex   -1.304984e+01 3.641559e+00 3.075000e+01
    endloop
  endfacet
  facet normal 0.000000e+00 0.000000e+00 1.000000e+00
    outer loop
      vertex   -1.304984e+01 3.641559e+00 3.075000e+01
      vertex   -1.317046e+01 3.537049e+00 3.075000e+01
      vertex   -1.415938e+01 2.293922e+00 3.075000e+01
    endloop
  endfacet
  facet normal 0.000000e+00 0.000000e+00 1.000000e+00
    outer loop
      vertex   -1.415938e+01 2.293922e+00 3.075000e+01
      vertex   -1.317046e+01 3.537049e+00 3.075000e+01
      vertex   -1.328749e+01 3.428545e+00 3.075000e+01
    endloop
  endfacet
  facet normal 0.000000e+00 0.000000e+00 1.000000e+00
    outer loop
      vertex   -1.415938e+01 2.293922e+00 3.075000e+01
      vertex   -1.328749e+01 3.428545e+00 3.075000e+01
      vertex   -1.340081e+01 3.316171e+00 3.075000e+01
    endloop
  endfacet
  facet normal 0.000000e+00 0.000000e+00 1.000000e+00
    outer loop
      vertex   -1.340081e+01 3.316171e+00 3.075000e+01
      vertex   -1.351029e+01 3.200054e+00 3.075000e+01
      vertex   -1.415938e+01 2.293922e+00 3.075000e+01
    endloop
  endfacet
  facet normal 0.000000e+00 0.000000e+00 1.000000e+00
    outer loop
      vertex   -1.415938e+01 2.293922e+00 3.075000e+01
      vertex   -1.351029e+01 3.200054e+00 3.075000e+01
      vertex   -1.361581e+01 3.080325e+00 3.075000e+01
    endloop
  endfacet
  facet normal 0.000000e+00 0.000000e+00 1.000000e+00
    outer loop
      vertex   -1.415938e+01 2.293922e+00 3.075000e+01
      vertex   -1.361581e+01 3.080325e+00 3.075000e+01
      vertex   -1.371725e+01 2.957118e+00 3.075000e+01
    endloop
  endfacet
  facet normal 0.000000e+00 0.000000e+00 1.000000e+00
    outer loop
      vertex   -1.371725e+01 2.957118e+00 3.075000e+01
      vertex   -1.381449e+01 2.830573e+00 3.075000e+01
      vertex   -1.415938e+01 2.293922e+00 3.075000e+01
    endloop
  endfacet
  facet normal 0.000000e+00 0.000000e+00 1.000000e+00
    outer loop
      vertex   -1.415938e+01 2.293922e+00 3.075000e+01
      vertex   -1.381449e+01 2.830573e+00 3.075000e+01
      vertex   -1.390743e+01 2.700833e+00 3.075000e+01
    endloop
  endfacet
  facet normal 0.000000e+00 0.000000e+00 1.000000e+00
    outer loop
      vertex   -1.415938e+01 2.293922e+00 3.075000e+01
      vertex   -1.390743e+01 2.700833e+00 3.075000e+01
      vertex   -1.399595e+01 2.568044e+00 3.075000e+01
    endloop
  endfacet
  facet normal 0.000000e+00 0.000000e+00 1.000000e+00
    outer loop
      vertex   -1.399595e+01 2.568044e+00 3.075000e+01
      vertex   -1.407997e+01 2.432356e+00 3.075000e+01
      vertex   -1.415938e+01 2.293922e+00 3.075000e+01
    endloop
  endfacet
  facet normal -0.000000e+00 0.000000e+00 -1.000000e+00
    outer loop
      vertex   -1.099733e+01 -7.299531e-02 2.975000e+01
      vertex   -1.474732e+01 -1.595696e-01 2.975000e+01
      vertex   -1.100000e+01 -1.224647e-16 2.975000e+01
    endloop
  endfacet
  facet normal 0.000000e+00 0.000000e+00 -1.000000e+00
    outer loop
      vertex   -1.100000e+01 -1.224647e-16 2.975000e+01
      vertex   -1.474732e+01 -1.595696e-01 2.975000e+01
      vertex   -1.475000e+01 -5.817072e-16 2.975000e+01
    endloop
  endfacet
  facet normal -0.000000e+00 0.000000e+00 -1.000000e+00
    outer loop
      vertex   -1.100000e+01 -1.224647e-16 2.975000e+01
      vertex   -1.475000e+01 -5.817072e-16 2.975000e+01
      vertex   -1.099733e+01 7.299531e-02 2.975000e+01
    endloop
  endfacet
  facet normal -0.000000e+00 0.000000e+00 -1.000000e+00
    outer loop
      vertex   -1.099733e+01 7.299531e-02 2.975000e+01
      vertex   -1.475000e+01 -5.817072e-16 2.975000e+01
      vertex   -1.098934e+01 1.456012e-01 2.975000e+01
    endloop
  endfacet
  facet normal -0.000000e+00 0.000000e+00 -1.000000e+00
    outer loop
      vertex   -1.098934e+01 1.456012e-01 2.975000e+01
      vertex   -1.475000e+01 -5.817072e-16 2.975000e+01
      vertex   -1.474732e+01 1.595696e-01 2.975000e+01
    endloop
  endfacet
  facet normal 0.000000e+00 0.000000e+00 -1.000000e+00
    outer loop
      vertex   -1.098934e+01 1.456012e-01 2.975000e+01
      vertex   -1.474732e+01 1.595696e-01 2.975000e+01
      vertex   -1.097608e+01 2.174302e-01 2.975000e+01
    endloop
  endfacet
  facet normal -0.000000e+00 0.000000e+00 -1.000000e+00
    outer loop
      vertex   -1.097608e+01 2.174302e-01 2.975000e+01
      vertex   -1.474732e+01 1.595696e-01 2.975000e+01
      vertex   -1.095760e+01 2.880991e-01 2.975000e+01
    endloop
  endfacet
  facet normal -0.000000e+00 0.000000e+00 -1.000000e+00
    outer loop
      vertex   -1.095760e+01 2.880991e-01 2.975000e+01
      vertex   -1.474732e+01 1.595696e-01 2.975000e+01
      vertex   -1.473928e+01 3.189591e-01 2.975000e+01
    endloop
  endfacet
  facet normal 0.000000e+00 0.000000e+00 -1.000000e+00
    outer loop
      vertex   -1.095760e+01 2.880991e-01 2.975000e+01
      vertex   -1.473928e+01 3.189591e-01 2.975000e+01
      vertex   -1.093402e+01 3.572309e-01 2.975000e+01
    endloop
  endfacet
  facet normal -0.000000e+00 0.000000e+00 -1.000000e+00
    outer loop
      vertex   -1.093402e+01 3.572309e-01 2.975000e+01
      vertex   -1.473928e+01 3.189591e-01 2.975000e+01
      vertex   -1.090545e+01 4.244567e-01 2.975000e+01
    endloop
  endfacet
  facet normal -0.000000e+00 0.000000e+00 -1.000000e+00
    outer loop
      vertex   -1.090545e+01 4.244567e-01 2.975000e+01
      vertex   -1.473928e+01 3.189591e-01 2.975000e+01
      vertex   -1.472589e+01 4.779885e-01 2.975000e+01
    endloop
  endfacet
  facet normal 0.000000e+00 0.000000e+00 -1.000000e+00
    outer loop
      vertex   -1.090545e+01 4.244567e-01 2.975000e+01
      vertex   -1.472589e+01 4.779885e-01 2.975000e+01
      vertex   -1.087205e+01 4.894178e-01 2.975000e+01
    endloop
  endfacet
  facet normal -0.000000e+00 0.000000e+00 -1.000000e+00
    outer loop
      vertex   -1.087205e+01 4.894178e-01 2.975000e+01
      vertex   -1.472589e+01 4.779885e-01 2.975000e+01
      vertex   -1.083400e+01 5.517677e-01 2.975000e+01
    endloop
  endfacet
  facet normal -0.000000e+00 0.000000e+00 -1.000000e+00
    outer loop
      vertex   -1.083400e+01 5.517677e-01 2.975000e+01
      vertex   -1.472589e+01 4.779885e-01 2.975000e+01
      vertex   -1.079150e+01 6.111737e-01 2.975000e+01
    endloop
  endfacet
  facet normal -0.000000e+00 0.000000e+00 -1.000000e+00
    outer loop
      vertex   -1.079150e+01 6.111737e-01 2.975000e+01
      vertex   -1.472589e+01 4.779885e-01 2.975000e+01
      vertex   -1.470716e+01 6.364783e-01 2.975000e+01
    endloop
  endfacet
  facet normal 0.000000e+00 0.000000e+00 -1.000000e+00
    outer loop
      vertex   -1.079150e+01 6.111737e-01 2.975000e+01
      vertex   -1.470716e+01 6.364783e-01 2.975000e+01
      vertex   -1.074477e+01 6.673188e-01 2.975000e+01
    endloop
  endfacet
  facet normal -0.000000e+00 0.000000e+00 -1.000000e+00
    outer loop
      vertex   -1.074477e+01 6.673188e-01 2.975000e+01
      vertex   -1.470716e+01 6.364783e-01 2.975000e+01
      vertex   -1.069407e+01 7.199035e-01 2.975000e+01
    endloop
  endfacet
  facet normal -0.000000e+00 0.000000e+00 -1.000000e+00
    outer loop
      vertex   -1.069407e+01 7.199035e-01 2.975000e+01
      vertex   -1.470716e+01 6.364783e-01 2.975000e+01
      vertex   -1.063967e+01 7.686471e-01 2.975000e+01
    endloop
  endfacet
  facet normal -0.000000e+00 0.000000e+00 -1.000000e+00
    outer loop
      vertex   -1.063967e+01 7.686471e-01 2.975000e+01
      vertex   -1.470716e+01 6.364783e-01 2.975000e+01
      vertex   -1.468313e+01 7.942497e-01 2.975000e+01
    endloop
  endfacet
  facet normal 0.000000e+00 0.000000e+00 -1.000000e+00
    outer loop
      vertex   -1.063967e+01 7.686471e-01 2.975000e+01
      vertex   -1.468313e+01 7.942497e-01 2.975000e+01
      vertex   -1.058186e+01 8.132897e-01 2.975000e+01
    endloop
  endfacet
  facet normal -0.000000e+00 0.000000e+00 -1.000000e+00
    outer loop
      vertex   -1.058186e+01 8.132897e-01 2.975000e+01
      vertex   -1.468313e+01 7.942497e-01 2.975000e+01
      vertex   -1.052094e+01 8.535931e-01 2.975000e+01
    endloop
  endfacet
  facet normal -0.000000e+00 0.000000e+00 -1.000000e+00
    outer loop
      vertex   -1.052094e+01 8.535931e-01 2.975000e+01
      vertex   -1.468313e+01 7.942497e-01 2.975000e+01
      vertex   -1.045724e+01 8.893421e-01 2.975000e+01
    endloop
  endfacet
  facet normal -0.000000e+00 0.000000e+00 -1.000000e+00
    outer loop
      vertex   -1.045724e+01 8.893421e-01 2.975000e+01
      vertex   -1.468313e+01 7.942497e-01 2.975000e+01
      vertex   -1.039110e+01 9.203462e-01 2.975000e+01
    endloop
  endfacet
  facet normal -0.000000e+00 0.000000e+00 -1.000000e+00
    outer loop
      vertex   -1.039110e+01 9.203462e-01 2.975000e+01
      vertex   -1.468313e+01 7.942497e-01 2.975000e+01
      vertex   -1.032288e+01 9.464398e-01 2.975000e+01
    endloop
  endfacet
  facet normal -0.000000e+00 0.000000e+00 -1.000000e+00
    outer loop
      vertex   -1.032288e+01 9.464398e-01 2.975000e+01
      vertex   -1.468313e+01 7.942497e-01 2.975000e+01
      vertex   -1.465380e+01 9.511244e-01 2.975000e+01
    endloop
  endfacet
  facet normal 0.000000e+00 0.000000e+00 -1.000000e+00
    outer loop
      vertex   -1.032288e+01 9.464398e-01 2.975000e+01
      vertex   -1.465380e+01 9.511244e-01 2.975000e+01
      vertex   -1.025293e+01 9.674837e-01 2.975000e+01
    endloop
  endfacet
  facet normal -0.000000e+00 0.000000e+00 -1.000000e+00
    outer loop
      vertex   -1.025293e+01 9.674837e-01 2.975000e+01
      vertex   -1.465380e+01 9.511244e-01 2.975000e+01
      vertex   -1.018164e+01 9.833657e-01 2.975000e+01
    endloop
  endfacet
  facet normal -0.000000e+00 0.000000e+00 -1.000000e+00
    outer loop
      vertex   -1.018164e+01 9.833657e-01 2.975000e+01
      vertex   -1.465380e+01 9.511244e-01 2.975000e+01
      vertex   -1.010937e+01 9.940010e-01 2.975000e+01
    endloop
  endfacet
  facet normal -0.000000e+00 0.000000e+00 -1.000000e+00
    outer loop
      vertex   -1.010937e+01 9.940010e-01 2.975000e+01
      vertex   -1.465380e+01 9.511244e-01 2.975000e+01
      vertex   -1.003652e+01 9.993328e-01 2.975000e+01
    endloop
  endfacet
  facet normal -0.000000e+00 0.000000e+00 -1.000000e+00
    outer loop
      vertex   -1.003652e+01 9.993328e-01 2.975000e+01
      vertex   -1.465380e+01 9.511244e-01 2.975000e+01
      vertex   -1.461922e+01 1.106926e+00 2.975000e+01
    endloop
  endfacet
  facet normal 0.000000e+00 0.000000e+00 -1.000000e+00
    outer loop
      vertex   -1.003652e+01 9.993328e-01 2.975000e+01
      vertex   -1.461922e+01 1.106926e+00 2.975000e+01
      vertex   -5.362834e+00 1.029170e+00 2.975000e+01
    endloop
  endfacet
  facet normal 0.000000e+00 0.000000e+00 -1.000000e+00
    outer loop
      vertex   -5.362834e+00 1.029170e+00 2.975000e+01
      vertex   -1.461922e+01 1.106926e+00 2.975000e+01
      vertex   -5.400025e+00 1.184368e+00 2.975000e+01
    endloop
  endfacet
  facet normal -0.000000e+00 0.000000e+00 -1.000000e+00
    outer loop
      vertex   -5.400025e+00 1.184368e+00 2.975000e+01
      vertex   -1.461922e+01 1.106926e+00 2.975000e+01
      vertex   -1.457943e+01 1.261477e+00 2.975000e+01
    endloop
  endfacet
  facet normal 0.000000e+00 0.000000e+00 -1.000000e+00
    outer loop
      vertex   -5.400025e+00 1.184368e+00 2.975000e+01
      vertex   -1.457943e+01 1.261477e+00 2.975000e+01
      vertex   -5.442408e+00 1.338230e+00 2.975000e+01
    endloop
  endfacet
  facet normal -0.000000e+00 0.000000e+00 -1.000000e+00
    outer loop
      vertex   -5.442408e+00 1.338230e+00 2.975000e+01
      vertex   -1.457943e+01 1.261477e+00 2.975000e+01
      vertex   -1.453447e+01 1.414605e+00 2.975000e+01
    endloop
  endfacet
  facet normal 0.000000e+00 0.000000e+00 -1.000000e+00
    outer loop
      vertex   -5.442408e+00 1.338230e+00 2.975000e+01
      vertex   -1.453447e+01 1.414605e+00 2.975000e+01
      vertex   -5.489937e+00 1.490580e+00 2.975000e+01
    endloop
  endfacet
  facet normal -0.000000e+00 0.000000e+00 -1.000000e+00
    outer loop
      vertex   -5.489937e+00 1.490580e+00 2.975000e+01
      vertex   -1.453447e+01 1.414605e+00 2.975000e+01
      vertex   -1.448439e+01 1.566135e+00 2.975000e+01
    endloop
  endfacet
  facet normal 0.000000e+00 0.000000e+00 -1.000000e+00
    outer loop
      vertex   -5.489937e+00 1.490580e+00 2.975000e+01
      vertex   -1.448439e+01 1.566135e+00 2.975000e+01
      vertex   -5.542556e+00 1.641248e+00 2.975000e+01
    endloop
  endfacet
  facet normal -0.000000e+00 0.000000e+00 -1.000000e+00
    outer loop
      vertex   -5.542556e+00 1.641248e+00 2.975000e+01
      vertex   -1.448439e+01 1.566135e+00 2.975000e+01
      vertex   -1.442924e+01 1.715898e+00 2.975000e+01
    endloop
  endfacet
  facet normal 0.000000e+00 0.000000e+00 -1.000000e+00
    outer loop
      vertex   -5.542556e+00 1.641248e+00 2.975000e+01
      vertex   -1.442924e+01 1.715898e+00 2.975000e+01
      vertex   -5.600208e+00 1.790063e+00 2.975000e+01
    endloop
  endfacet
  facet normal -0.000000e+00 0.000000e+00 -1.000000e+00
    outer loop
      vertex   -5.600208e+00 1.790063e+00 2.975000e+01
      vertex   -1.442924e+01 1.715898e+00 2.975000e+01
      vertex   -1.436910e+01 1.863724e+00 2.975000e+01
    endloop
  endfacet
  facet normal 0.000000e+00 0.000000e+00 -1.000000e+00
    outer loop
      vertex   -5.600208e+00 1.790063e+00 2.975000e+01
      vertex   -1.436910e+01 1.863724e+00 2.975000e+01
      vertex   -5.662826e+00 1.936858e+00 2.975000e+01
    endloop
  endfacet
  facet normal -0.000000e+00 0.000000e+00 -1.000000e+00
    outer loop
      vertex   -5.662826e+00 1.936858e+00 2.975000e+01
      vertex   -1.436910e+01 1.863724e+00 2.975000e+01
      vertex   -1.430402e+01 2.009446e+00 2.975000e+01
    endloop
  endfacet
  facet normal 0.000000e+00 0.000000e+00 -1.000000e+00
    outer loop
      vertex   -5.662826e+00 1.936858e+00 2.975000e+01
      vertex   -1.430402e+01 2.009446e+00 2.975000e+01
      vertex   -5.730340e+00 2.081466e+00 2.975000e+01
    endloop
  endfacet
  facet normal -0.000000e+00 0.000000e+00 -1.000000e+00
    outer loop
      vertex   -5.730340e+00 2.081466e+00 2.975000e+01
      vertex   -1.430402e+01 2.009446e+00 2.975000e+01
      vertex   -1.423409e+01 2.152899e+00 2.975000e+01
    endloop
  endfacet
  facet normal 0.000000e+00 0.000000e+00 -1.000000e+00
    outer loop
      vertex   -5.730340e+00 2.081466e+00 2.975000e+01
      vertex   -1.423409e+01 2.152899e+00 2.975000e+01
      vertex   -5.802674e+00 2.223724e+00 2.975000e+01
    endloop
  endfacet
  facet normal -0.000000e+00 0.000000e+00 -1.000000e+00
    outer loop
      vertex   -5.802674e+00 2.223724e+00 2.975000e+01
      vertex   -1.423409e+01 2.152899e+00 2.975000e+01
      vertex   -1.415938e+01 2.293922e+00 2.975000e+01
    endloop
  endfacet
  facet normal 0.000000e+00 0.000000e+00 -1.000000e+00
    outer loop
      vertex   -5.802674e+00 2.223724e+00 2.975000e+01
      vertex   -1.415938e+01 2.293922e+00 2.975000e+01
      vertex   -5.879745e+00 2.363473e+00 2.975000e+01
    endloop
  endfacet
  facet normal -0.000000e+00 0.000000e+00 -1.000000e+00
    outer loop
      vertex   -5.879745e+00 2.363473e+00 2.975000e+01
      vertex   -1.415938e+01 2.293922e+00 2.975000e+01
      vertex   -5.961469e+00 2.500553e+00 2.975000e+01
    endloop
  endfacet
  facet normal -0.000000e+00 0.000000e+00 -1.000000e+00
    outer loop
      vertex   -5.961469e+00 2.500553e+00 2.975000e+01
      vertex   -1.415938e+01 2.293922e+00 2.975000e+01
      vertex   -6.047751e+00 2.634810e+00 2.975000e+01
    endloop
  endfacet
  facet normal -0.000000e+00 0.000000e+00 -1.000000e+00
    outer loop
      vertex   -6.047751e+00 2.634810e+00 2.975000e+01
      vertex   -1.415938e+01 2.293922e+00 2.975000e+01
      vertex   -6.138494e+00 2.766093e+00 2.975000e+01
    endloop
  endfacet
  facet normal -0.000000e+00 0.000000e+00 -1.000000e+00
    outer loop
      vertex   -6.138494e+00 2.766093e+00 2.975000e+01
      vertex   -1.415938e+01 2.293922e+00 2.975000e+01
      vertex   -6.233597e+00 2.894254e+00 2.975000e+01
    endloop
  endfacet
  facet normal -0.000000e+00 0.000000e+00 -1.000000e+00
    outer loop
      vertex   -6.233597e+00 2.894254e+00 2.975000e+01
      vertex   -1.415938e+01 2.293922e+00 2.975000e+01
      vertex   -6.332951e+00 3.019147e+00 2.975000e+01
    endloop
  endfacet
  facet normal -0.000000e+00 0.000000e+00 -1.000000e+00
    outer loop
      vertex   -6.332951e+00 3.019147e+00 2.975000e+01
      vertex   -1.415938e+01 2.293922e+00 2.975000e+01
      vertex   -6.436445e+00 3.140633e+00 2.975000e+01
    endloop
  endfacet
  facet normal -0.000000e+00 0.000000e+00 -1.000000e+00
    outer loop
      vertex   -6.436445e+00 3.140633e+00 2.975000e+01
      vertex   -1.415938e+01 2.293922e+00 2.975000e+01
      vertex   -6.543961e+00 3.258573e+00 2.975000e+01
    endloop
  endfacet
  facet normal -0.000000e+00 0.000000e+00 -1.000000e+00
    outer loop
      vertex   -6.543961e+00 3.258573e+00 2.975000e+01
      vertex   -1.415938e+01 2.293922e+00 2.975000e+01
      vertex   -6.655379e+00 3.372834e+00 2.975000e+01
    endloop
  endfacet
  facet normal -0.000000e+00 0.000000e+00 -1.000000e+00
    outer loop
      vertex   -6.655379e+00 3.372834e+00 2.975000e+01
      vertex   -1.415938e+01 2.293922e+00 2.975000e+01
      vertex   -6.770573e+00 3.483288e+00 2.975000e+01
    endloop
  endfacet
  facet normal -0.000000e+00 0.000000e+00 -1.000000e+00
    outer loop
      vertex   -6.770573e+00 3.483288e+00 2.975000e+01
      vertex   -1.415938e+01 2.293922e+00 2.975000e+01
      vertex   -6.889412e+00 3.589810e+00 2.975000e+01
    endloop
  endfacet
  facet normal -0.000000e+00 0.000000e+00 -1.000000e+00
    outer loop
      vertex   -6.889412e+00 3.589810e+00 2.975000e+01
      vertex   -1.415938e+01 2.293922e+00 2.975000e+01
      vertex   -7.011762e+00 3.692280e+00 2.975000e+01
    endloop
  endfacet
  facet normal -0.000000e+00 0.000000e+00 -1.000000e+00
    outer loop
      vertex   -7.011762e+00 3.692280e+00 2.975000e+01
      vertex   -1.415938e+01 2.293922e+00 2.975000e+01
      vertex   -7.137485e+00 3.790582e+00 2.975000e+01
    endloop
  endfacet
  facet normal -0.000000e+00 0.000000e+00 -1.000000e+00
    outer loop
      vertex   -7.137485e+00 3.790582e+00 2.975000e+01
      vertex   -1.415938e+01 2.293922e+00 2.975000e+01
      vertex   -7.266440e+00 3.884605e+00 2.975000e+01
    endloop
  endfacet
  facet normal -0.000000e+00 0.000000e+00 -1.000000e+00
    outer loop
      vertex   -7.266440e+00 3.884605e+00 2.975000e+01
      vertex   -1.415938e+01 2.293922e+00 2.975000e+01
      vertex   -7.398481e+00 3.974242e+00 2.975000e+01
    endloop
  endfacet
  facet normal -0.000000e+00 0.000000e+00 -1.000000e+00
    outer loop
      vertex   -7.398481e+00 3.974242e+00 2.975000e+01
      vertex   -1.415938e+01 2.293922e+00 2.975000e+01
      vertex   -7.533459e+00 4.059393e+00 2.975000e+01
    endloop
  endfacet
  facet normal -0.000000e+00 0.000000e+00 -1.000000e+00
    outer loop
      vertex   -7.533459e+00 4.059393e+00 2.975000e+01
      vertex   -1.415938e+01 2.293922e+00 2.975000e+01
      vertex   -7.671220e+00 4.139962e+00 2.975000e+01
    endloop
  endfacet
  facet normal -0.000000e+00 0.000000e+00 -1.000000e+00
    outer loop
      vertex   -7.671220e+00 4.139962e+00 2.975000e+01
      vertex   -1.415938e+01 2.293922e+00 2.975000e+01
      vertex   -7.811611e+00 4.215857e+00 2.975000e+01
    endloop
  endfacet
  facet normal -0.000000e+00 0.000000e+00 -1.000000e+00
    outer loop
      vertex   -7.811611e+00 4.215857e+00 2.975000e+01
      vertex   -1.415938e+01 2.293922e+00 2.975000e+01
      vertex   -7.954472e+00 4.286994e+00 2.975000e+01
    endloop
  endfacet
  facet normal -0.000000e+00 0.000000e+00 -1.000000e+00
    outer loop
      vertex   -7.954472e+00 4.286994e+00 2.975000e+01
      vertex   -1.415938e+01 2.293922e+00 2.975000e+01
      vertex   -8.099642e+00 4.353291e+00 2.975000e+01
    endloop
  endfacet
  facet normal -0.000000e+00 0.000000e+00 -1.000000e+00
    outer loop
      vertex   -8.099642e+00 4.353291e+00 2.975000e+01
      vertex   -1.415938e+01 2.293922e+00 2.975000e+01
      vertex   -8.246958e+00 4.414673e+00 2.975000e+01
    endloop
  endfacet
  facet normal -0.000000e+00 0.000000e+00 -1.000000e+00
    outer loop
      vertex   -8.246958e+00 4.414673e+00 2.975000e+01
      vertex   -1.415938e+01 2.293922e+00 2.975000e+01
      vertex   -8.396252e+00 4.471073e+00 2.975000e+01
    endloop
  endfacet
  facet normal -0.000000e+00 0.000000e+00 -1.000000e+00
    outer loop
      vertex   -8.396252e+00 4.471073e+00 2.975000e+01
      vertex   -1.415938e+01 2.293922e+00 2.975000e+01
      vertex   -8.547356e+00 4.522425e+00 2.975000e+01
    endloop
  endfacet
  facet normal -0.000000e+00 0.000000e+00 -1.000000e+00
    outer loop
      vertex   -8.547356e+00 4.522425e+00 2.975000e+01
      vertex   -1.415938e+01 2.293922e+00 2.975000e+01
      vertex   -8.700101e+00 4.568672e+00 2.975000e+01
    endloop
  endfacet
  facet normal -0.000000e+00 0.000000e+00 -1.000000e+00
    outer loop
      vertex   -8.700101e+00 4.568672e+00 2.975000e+01
      vertex   -1.415938e+01 2.293922e+00 2.975000e+01
      vertex   -8.854313e+00 4.609761e+00 2.975000e+01
    endloop
  endfacet
  facet normal -0.000000e+00 0.000000e+00 -1.000000e+00
    outer loop
      vertex   -8.854313e+00 4.609761e+00 2.975000e+01
      vertex   -1.415938e+01 2.293922e+00 2.975000e+01
      vertex   -9.009818e+00 4.645647e+00 2.975000e+01
    endloop
  endfacet
  facet normal -0.000000e+00 0.000000e+00 -1.000000e+00
    outer loop
      vertex   -9.009818e+00 4.645647e+00 2.975000e+01
      vertex   -1.415938e+01 2.293922e+00 2.975000e+01
      vertex   -9.166441e+00 4.676289e+00 2.975000e+01
    endloop
  endfacet
  facet normal -0.000000e+00 0.000000e+00 -1.000000e+00
    outer loop
      vertex   -9.166441e+00 4.676289e+00 2.975000e+01
      vertex   -1.415938e+01 2.293922e+00 2.975000e+01
      vertex   -9.324005e+00 4.701652e+00 2.975000e+01
    endloop
  endfacet
  facet normal -0.000000e+00 0.000000e+00 -1.000000e+00
    outer loop
      vertex   -9.324005e+00 4.701652e+00 2.975000e+01
      vertex   -1.415938e+01 2.293922e+00 2.975000e+01
      vertex   -9.482331e+00 4.721707e+00 2.975000e+01
    endloop
  endfacet
  facet normal -0.000000e+00 0.000000e+00 -1.000000e+00
    outer loop
      vertex   -9.482331e+00 4.721707e+00 2.975000e+01
      vertex   -1.415938e+01 2.293922e+00 2.975000e+01
      vertex   -9.641243e+00 4.736433e+00 2.975000e+01
    endloop
  endfacet
  facet normal -0.000000e+00 0.000000e+00 -1.000000e+00
    outer loop
      vertex   -9.641243e+00 4.736433e+00 2.975000e+01
      vertex   -1.415938e+01 2.293922e+00 2.975000e+01
      vertex   -9.800559e+00 4.745811e+00 2.975000e+01
    endloop
  endfacet
  facet normal -0.000000e+00 0.000000e+00 -1.000000e+00
    outer loop
      vertex   -9.800559e+00 4.745811e+00 2.975000e+01
      vertex   -1.415938e+01 2.293922e+00 2.975000e+01
      vertex   -9.960101e+00 4.749832e+00 2.975000e+01
    endloop
  endfacet
  facet normal 0.000000e+00 0.000000e+00 -1.000000e+00
    outer loop
      vertex   -9.960101e+00 4.749832e+00 2.975000e+01
      vertex   -1.415938e+01 2.293922e+00 2.975000e+01
      vertex   -1.011969e+01 4.748492e+00 2.975000e+01
    endloop
  endfacet
  facet normal 0.000000e+00 0.000000e+00 -1.000000e+00
    outer loop
      vertex   -1.011969e+01 4.748492e+00 2.975000e+01
      vertex   -1.415938e+01 2.293922e+00 2.975000e+01
      vertex   -1.027914e+01 4.741791e+00 2.975000e+01
    endloop
  endfacet
  facet normal 0.000000e+00 0.000000e+00 -1.000000e+00
    outer loop
      vertex   -1.027914e+01 4.741791e+00 2.975000e+01
      vertex   -1.415938e+01 2.293922e+00 2.975000e+01
      vertex   -1.043827e+01 4.729737e+00 2.975000e+01
    endloop
  endfacet
  facet normal 0.000000e+00 0.000000e+00 -1.000000e+00
    outer loop
      vertex   -1.043827e+01 4.729737e+00 2.975000e+01
      vertex   -1.415938e+01 2.293922e+00 2.975000e+01
      vertex   -1.059692e+01 4.712345e+00 2.975000e+01
    endloop
  endfacet
  facet normal 0.000000e+00 0.000000e+00 -1.000000e+00
    outer loop
      vertex   -1.059692e+01 4.712345e+00 2.975000e+01
      vertex   -1.415938e+01 2.293922e+00 2.975000e+01
      vertex   -1.075488e+01 4.689632e+00 2.975000e+01
    endloop
  endfacet
  facet normal 0.000000e+00 0.000000e+00 -1.000000e+00
    outer loop
      vertex   -1.075488e+01 4.689632e+00 2.975000e+01
      vertex   -1.415938e+01 2.293922e+00 2.975000e+01
      vertex   -1.091200e+01 4.661626e+00 2.975000e+01
    endloop
  endfacet
  facet normal 0.000000e+00 0.000000e+00 -1.000000e+00
    outer loop
      vertex   -1.091200e+01 4.661626e+00 2.975000e+01
      vertex   -1.415938e+01 2.293922e+00 2.975000e+01
      vertex   -1.106809e+01 4.628358e+00 2.975000e+01
    endloop
  endfacet
  facet normal 0.000000e+00 0.000000e+00 -1.000000e+00
    outer loop
      vertex   -1.106809e+01 4.628358e+00 2.975000e+01
      vertex   -1.415938e+01 2.293922e+00 2.975000e+01
      vertex   -1.122297e+01 4.589864e+00 2.975000e+01
    endloop
  endfacet
  facet normal 0.000000e+00 0.000000e+00 -1.000000e+00
    outer loop
      vertex   -1.122297e+01 4.589864e+00 2.975000e+01
      vertex   -1.415938e+01 2.293922e+00 2.975000e+01
      vertex   -1.137647e+01 4.546190e+00 2.975000e+01
    endloop
  endfacet
  facet normal 0.000000e+00 0.000000e+00 -1.000000e+00
    outer loop
      vertex   -1.137647e+01 4.546190e+00 2.975000e+01
      vertex   -1.415938e+01 2.293922e+00 2.975000e+01
      vertex   -1.152841e+01 4.497383e+00 2.975000e+01
    endloop
  endfacet
  facet normal 0.000000e+00 0.000000e+00 -1.000000e+00
    outer loop
      vertex   -1.152841e+01 4.497383e+00 2.975000e+01
      vertex   -1.415938e+01 2.293922e+00 2.975000e+01
      vertex   -1.167863e+01 4.443500e+00 2.975000e+01
    endloop
  endfacet
  facet normal 0.000000e+00 0.000000e+00 -1.000000e+00
    outer loop
      vertex   -1.167863e+01 4.443500e+00 2.975000e+01
      vertex   -1.415938e+01 2.293922e+00 2.975000e+01
      vertex   -1.182696e+01 4.384601e+00 2.975000e+01
    endloop
  endfacet
  facet normal 0.000000e+00 0.000000e+00 -1.000000e+00
    outer loop
      vertex   -1.182696e+01 4.384601e+00 2.975000e+01
      vertex   -1.415938e+01 2.293922e+00 2.975000e+01
      vertex   -1.197322e+01 4.320752e+00 2.975000e+01
    endloop
  endfacet
  facet normal 0.000000e+00 0.000000e+00 -1.000000e+00
    outer loop
      vertex   -1.197322e+01 4.320752e+00 2.975000e+01
      vertex   -1.415938e+01 2.293922e+00 2.975000e+01
      vertex   -1.211726e+01 4.252026e+00 2.975000e+01
    endloop
  endfacet
  facet normal 0.000000e+00 0.000000e+00 -1.000000e+00
    outer loop
      vertex   -1.211726e+01 4.252026e+00 2.975000e+01
      vertex   -1.415938e+01 2.293922e+00 2.975000e+01
      vertex   -1.225890e+01 4.178499e+00 2.975000e+01
    endloop
  endfacet
  facet normal 0.000000e+00 0.000000e+00 -1.000000e+00
    outer loop
      vertex   -1.225890e+01 4.178499e+00 2.975000e+01
      vertex   -1.415938e+01 2.293922e+00 2.975000e+01
      vertex   -1.239800e+01 4.100256e+00 2.975000e+01
    endloop
  endfacet
  facet normal 0.000000e+00 0.000000e+00 -1.000000e+00
    outer loop
      vertex   -1.239800e+01 4.100256e+00 2.975000e+01
      vertex   -1.415938e+01 2.293922e+00 2.975000e+01
      vertex   -1.253439e+01 4.017385e+00 2.975000e+01
    endloop
  endfacet
  facet normal 0.000000e+00 0.000000e+00 -1.000000e+00
    outer loop
      vertex   -1.253439e+01 4.017385e+00 2.975000e+01
      vertex   -1.415938e+01 2.293922e+00 2.975000e+01
      vertex   -1.266792e+01 3.929978e+00 2.975000e+01
    endloop
  endfacet
  facet normal 0.000000e+00 0.000000e+00 -1.000000e+00
    outer loop
      vertex   -1.266792e+01 3.929978e+00 2.975000e+01
      vertex   -1.415938e+01 2.293922e+00 2.975000e+01
      vertex   -1.279843e+01 3.838135e+00 2.975000e+01
    endloop
  endfacet
  facet normal 0.000000e+00 0.000000e+00 -1.000000e+00
    outer loop
      vertex   -1.279843e+01 3.838135e+00 2.975000e+01
      vertex   -1.415938e+01 2.293922e+00 2.975000e+01
      vertex   -1.292579e+01 3.741959e+00 2.975000e+01
    endloop
  endfacet
  facet normal 0.000000e+00 0.000000e+00 -1.000000e+00
    outer loop
      vertex   -1.292579e+01 3.741959e+00 2.975000e+01
      vertex   -1.415938e+01 2.293922e+00 2.975000e+01
      vertex   -1.304984e+01 3.641559e+00 2.975000e+01
    endloop
  endfacet
  facet normal 0.000000e+00 0.000000e+00 -1.000000e+00
    outer loop
      vertex   -1.304984e+01 3.641559e+00 2.975000e+01
      vertex   -1.415938e+01 2.293922e+00 2.975000e+01
      vertex   -1.317046e+01 3.537049e+00 2.975000e+01
    endloop
  endfacet
  facet normal 0.000000e+00 0.000000e+00 -1.000000e+00
    outer loop
      vertex   -1.317046e+01 3.537049e+00 2.975000e+01
      vertex   -1.415938e+01 2.293922e+00 2.975000e+01
      vertex   -1.328749e+01 3.428545e+00 2.975000e+01
    endloop
  endfacet
  facet normal 0.000000e+00 0.000000e+00 -1.000000e+00
    outer loop
      vertex   -1.328749e+01 3.428545e+00 2.975000e+01
      vertex   -1.415938e+01 2.293922e+00 2.975000e+01
      vertex   -1.340081e+01 3.316171e+00 2.975000e+01
    endloop
  endfacet
  facet normal 0.000000e+00 0.000000e+00 -1.000000e+00
    outer loop
      vertex   -1.340081e+01 3.316171e+00 2.975000e+01
      vertex   -1.415938e+01 2.293922e+00 2.975000e+01
      vertex   -1.351029e+01 3.200054e+00 2.975000e+01
    endloop
  endfacet
  facet normal 0.000000e+00 0.000000e+00 -1.000000e+00
    outer loop
      vertex   -1.351029e+01 3.200054e+00 2.975000e+01
      vertex   -1.415938e+01 2.293922e+00 2.975000e+01
      vertex   -1.361581e+01 3.080325e+00 2.975000e+01
    endloop
  endfacet
  facet normal 0.000000e+00 0.000000e+00 -1.000000e+00
    outer loop
      vertex   -1.361581e+01 3.080325e+00 2.975000e+01
      vertex   -1.415938e+01 2.293922e+00 2.975000e+01
      vertex   -1.371725e+01 2.957118e+00 2.975000e+01
    endloop
  endfacet
  facet normal 0.000000e+00 0.000000e+00 -1.000000e+00
    outer loop
      vertex   -1.371725e+01 2.957118e+00 2.975000e+01
      vertex   -1.415938e+01 2.293922e+00 2.975000e+01
      vertex   -1.381449e+01 2.830573e+00 2.975000e+01
    endloop
  endfacet
  facet normal 0.000000e+00 0.000000e+00 -1.000000e+00
    outer loop
      vertex   -1.381449e+01 2.830573e+00 2.975000e+01
      vertex   -1.415938e+01 2.293922e+00 2.975000e+01
      vertex   -1.390743e+01 2.700833e+00 2.975000e+01
    endloop
  endfacet
  facet normal 0.000000e+00 0.000000e+00 -1.000000e+00
    outer loop
      vertex   -1.390743e+01 2.700833e+00 2.975000e+01
      vertex   -1.415938e+01 2.293922e+00 2.975000e+01
      vertex   -1.399595e+01 2.568044e+00 2.975000e+01
    endloop
  endfacet
  facet normal 0.000000e+00 0.000000e+00 -1.000000e+00
    outer loop
      vertex   -1.399595e+01 2.568044e+00 2.975000e+01
      vertex   -1.415938e+01 2.293922e+00 2.975000e+01
      vertex   -1.407997e+01 2.432356e+00 2.975000e+01
    endloop
  endfacet
  facet normal 0.000000e+00 -0.000000e+00 -1.000000e+00
    outer loop
      vertex   -1.099733e+01 -7.299531e-02 2.975000e+01
      vertex   -1.098934e+01 -1.456012e-01 2.975000e+01
      vertex   -1.474732e+01 -1.595696e-01 2.975000e+01
    endloop
  endfacet
  facet normal 0.000000e+00 0.000000e+00 -1.000000e+00
    outer loop
      vertex   -1.474732e+01 -1.595696e-01 2.975000e+01
      vertex   -1.098934e+01 -1.456012e-01 2.975000e+01
      vertex   -1.097608e+01 -2.174302e-01 2.975000e+01
    endloop
  endfacet
  facet normal 0.000000e+00 0.000000e+00 -1.000000e+00
    outer loop
      vertex   -1.474732e+01 -1.595696e-01 2.975000e+01
      vertex   -1.097608e+01 -2.174302e-01 2.975000e+01
      vertex   -1.473928e+01 -3.189591e-01 2.975000e+01
    endloop
  endfacet
  facet normal 0.000000e+00 0.000000e+00 -1.000000e+00
    outer loop
      vertex   -1.473928e+01 -3.189591e-01 2.975000e+01
      vertex   -1.097608e+01 -2.174302e-01 2.975000e+01
      vertex   -1.095760e+01 -2.880991e-01 2.975000e+01
    endloop
  endfacet
  facet normal 0.000000e+00 0.000000e+00 -1.000000e+00
    outer loop
      vertex   -1.473928e+01 -3.189591e-01 2.975000e+01
      vertex   -1.095760e+01 -2.880991e-01 2.975000e+01
      vertex   -1.093402e+01 -3.572309e-01 2.975000e+01
    endloop
  endfacet
  facet normal 0.000000e+00 0.000000e+00 -1.000000e+00
    outer loop
      vertex   -1.473928e+01 -3.189591e-01 2.975000e+01
      vertex   -1.093402e+01 -3.572309e-01 2.975000e+01
      vertex   -1.472589e+01 -4.779885e-01 2.975000e+01
    endloop
  endfacet
  facet normal 0.000000e+00 0.000000e+00 -1.000000e+00
    outer loop
      vertex   -1.472589e+01 -4.779885e-01 2.975000e+01
      vertex   -1.093402e+01 -3.572309e-01 2.975000e+01
      vertex   -1.090545e+01 -4.244567e-01 2.975000e+01
    endloop
  endfacet
  facet normal 0.000000e+00 0.000000e+00 -1.000000e+00
    outer loop
      vertex   -1.472589e+01 -4.779885e-01 2.975000e+01
      vertex   -1.090545e+01 -4.244567e-01 2.975000e+01
      vertex   -1.087205e+01 -4.894178e-01 2.975000e+01
    endloop
  endfacet
  facet normal 0.000000e+00 0.000000e+00 -1.000000e+00
    outer loop
      vertex   -1.472589e+01 -4.779885e-01 2.975000e+01
      vertex   -1.087205e+01 -4.894178e-01 2.975000e+01
      vertex   -1.470716e+01 -6.364783e-01 2.975000e+01
    endloop
  endfacet
  facet normal 0.000000e+00 0.000000e+00 -1.000000e+00
    outer loop
      vertex   -1.470716e+01 -6.364783e-01 2.975000e+01
      vertex   -1.087205e+01 -4.894178e-01 2.975000e+01
      vertex   -1.083400e+01 -5.517677e-01 2.975000e+01
    endloop
  endfacet
  facet normal 0.000000e+00 0.000000e+00 -1.000000e+00
    outer loop
      vertex   -1.470716e+01 -6.364783e-01 2.975000e+01
      vertex   -1.083400e+01 -5.517677e-01 2.975000e+01
      vertex   -1.079150e+01 -6.111737e-01 2.975000e+01
    endloop
  endfacet
  facet normal 0.000000e+00 -0.000000e+00 -1.000000e+00
    outer loop
      vertex   -1.079150e+01 -6.111737e-01 2.975000e+01
      vertex   -1.074477e+01 -6.673188e-01 2.975000e+01
      vertex   -1.470716e+01 -6.364783e-01 2.975000e+01
    endloop
  endfacet
  facet normal 0.000000e+00 0.000000e+00 -1.000000e+00
    outer loop
      vertex   -1.470716e+01 -6.364783e-01 2.975000e+01
      vertex   -1.074477e+01 -6.673188e-01 2.975000e+01
      vertex   -1.468313e+01 -7.942497e-01 2.975000e+01
    endloop
  endfacet
  facet normal 0.000000e+00 0.000000e+00 -1.000000e+00
    outer loop
      vertex   -1.468313e+01 -7.942497e-01 2.975000e+01
      vertex   -1.074477e+01 -6.673188e-01 2.975000e+01
      vertex   -1.069407e+01 -7.199035e-01 2.975000e+01
    endloop
  endfacet
  facet normal 0.000000e+00 0.000000e+00 -1.000000e+00
    outer loop
      vertex   -1.468313e+01 -7.942497e-01 2.975000e+01
      vertex   -1.069407e+01 -7.199035e-01 2.975000e+01
      vertex   -1.063967e+01 -7.686471e-01 2.975000e+01
    endloop
  endfacet
  facet normal 0.000000e+00 -0.000000e+00 -1.000000e+00
    outer loop
      vertex   -1.063967e+01 -7.686471e-01 2.975000e+01
      vertex   -1.058186e+01 -8.132897e-01 2.975000e+01
      vertex   -1.468313e+01 -7.942497e-01 2.975000e+01
    endloop
  endfacet
  facet normal 0.000000e+00 0.000000e+00 -1.000000e+00
    outer loop
      vertex   -1.468313e+01 -7.942497e-01 2.975000e+01
      vertex   -1.058186e+01 -8.132897e-01 2.975000e+01
      vertex   -1.465380e+01 -9.511244e-01 2.975000e+01
    endloop
  endfacet
  facet normal 0.000000e+00 0.000000e+00 -1.000000e+00
    outer loop
      vertex   -1.465380e+01 -9.511244e-01 2.975000e+01
      vertex   -1.058186e+01 -8.132897e-01 2.975000e+01
      vertex   -1.052094e+01 -8.535931e-01 2.975000e+01
    endloop
  endfacet
  facet normal 0.000000e+00 0.000000e+00 -1.000000e+00
    outer loop
      vertex   -1.465380e+01 -9.511244e-01 2.975000e+01
      vertex   -1.052094e+01 -8.535931e-01 2.975000e+01
      vertex   -1.045724e+01 -8.893421e-01 2.975000e+01
    endloop
  endfacet
  facet normal 0.000000e+00 -0.000000e+00 -1.000000e+00
    outer loop
      vertex   -1.045724e+01 -8.893421e-01 2.975000e+01
      vertex   -1.039110e+01 -9.203462e-01 2.975000e+01
      vertex   -1.465380e+01 -9.511244e-01 2.975000e+01
    endloop
  endfacet
  facet normal 0.000000e+00 0.000000e+00 -1.000000e+00
    outer loop
      vertex   -1.465380e+01 -9.511244e-01 2.975000e+01
      vertex   -1.039110e+01 -9.203462e-01 2.975000e+01
      vertex   -1.032288e+01 -9.464398e-01 2.975000e+01
    endloop
  endfacet
  facet normal 0.000000e+00 0.000000e+00 -1.000000e+00
    outer loop
      vertex   -1.465380e+01 -9.511244e-01 2.975000e+01
      vertex   -1.032288e+01 -9.464398e-01 2.975000e+01
      vertex   -1.025293e+01 -9.674837e-01 2.975000e+01
    endloop
  endfacet
  facet normal 0.000000e+00 0.000000e+00 -1.000000e+00
    outer loop
      vertex   -1.465380e+01 -9.511244e-01 2.975000e+01
      vertex   -1.025293e+01 -9.674837e-01 2.975000e+01
      vertex   -1.461922e+01 -1.106926e+00 2.975000e+01
    endloop
  endfacet
  facet normal 0.000000e+00 0.000000e+00 -1.000000e+00
    outer loop
      vertex   -1.461922e+01 -1.106926e+00 2.975000e+01
      vertex   -1.025293e+01 -9.674837e-01 2.975000e+01
      vertex   -1.018164e+01 -9.833657e-01 2.975000e+01
    endloop
  endfacet
  facet normal 0.000000e+00 0.000000e+00 -1.000000e+00
    outer loop
      vertex   -1.461922e+01 -1.106926e+00 2.975000e+01
      vertex   -1.018164e+01 -9.833657e-01 2.975000e+01
      vertex   -1.010937e+01 -9.940010e-01 2.975000e+01
    endloop
  endfacet
  facet normal 0.000000e+00 -0.000000e+00 -1.000000e+00
    outer loop
      vertex   -1.010937e+01 -9.940010e-01 2.975000e+01
      vertex   -1.003652e+01 -9.993328e-01 2.975000e+01
      vertex   -1.461922e+01 -1.106926e+00 2.975000e+01
    endloop
  endfacet
  facet normal 0.000000e+00 0.000000e+00 -1.000000e+00
    outer loop
      vertex   -1.461922e+01 -1.106926e+00 2.975000e+01
      vertex   -1.003652e+01 -9.993328e-01 2.975000e+01
      vertex   -9.963478e+00 -9.993328e-01 2.975000e+01
    endloop
  endfacet
  facet normal 0.000000e+00 0.000000e+00 -1.000000e+00
    outer loop
      vertex   -1.461922e+01 -1.106926e+00 2.975000e+01
      vertex   -9.963478e+00 -9.993328e-01 2.975000e+01
      vertex   -5.362834e+00 -1.029170e+00 2.975000e+01
    endloop
  endfacet
  facet normal 0.000000e+00 0.000000e+00 -1.000000e+00
    outer loop
      vertex   -5.362834e+00 -1.029170e+00 2.975000e+01
      vertex   -9.963478e+00 -9.993328e-01 2.975000e+01
      vertex   -9.890629e+00 -9.940010e-01 2.975000e+01
    endloop
  endfacet
  facet normal 0.000000e+00 0.000000e+00 -1.000000e+00
    outer loop
      vertex   -5.362834e+00 -1.029170e+00 2.975000e+01
      vertex   -9.890629e+00 -9.940010e-01 2.975000e+01
      vertex   -9.818363e+00 -9.833657e-01 2.975000e+01
    endloop
  endfacet
  facet normal 0.000000e+00 0.000000e+00 -1.000000e+00
    outer loop
      vertex   -9.818363e+00 -9.833657e-01 2.975000e+01
      vertex   -9.747067e+00 -9.674837e-01 2.975000e+01
      vertex   -5.362834e+00 -1.029170e+00 2.975000e+01
    endloop
  endfacet
  facet normal 0.000000e+00 0.000000e+00 -1.000000e+00
    outer loop
      vertex   -5.362834e+00 -1.029170e+00 2.975000e+01
      vertex   -9.747067e+00 -9.674837e-01 2.975000e+01
      vertex   -9.677120e+00 -9.464398e-01 2.975000e+01
    endloop
  endfacet
  facet normal 0.000000e+00 0.000000e+00 -1.000000e+00
    outer loop
      vertex   -5.362834e+00 -1.029170e+00 2.975000e+01
      vertex   -9.677120e+00 -9.464398e-01 2.975000e+01
      vertex   -9.608895e+00 -9.203462e-01 2.975000e+01
    endloop
  endfacet
  facet normal 0.000000e+00 0.000000e+00 -1.000000e+00
    outer loop
      vertex   -9.608895e+00 -9.203462e-01 2.975000e+01
      vertex   -9.542758e+00 -8.893421e-01 2.975000e+01
      vertex   -5.362834e+00 -1.029170e+00 2.975000e+01
    endloop
  endfacet
  facet normal 0.000000e+00 0.000000e+00 -1.000000e+00
    outer loop
      vertex   -5.362834e+00 -1.029170e+00 2.975000e+01
      vertex   -9.542758e+00 -8.893421e-01 2.975000e+01
      vertex   -9.479060e+00 -8.535931e-01 2.975000e+01
    endloop
  endfacet
  facet normal 0.000000e+00 0.000000e+00 -1.000000e+00
    outer loop
      vertex   -5.362834e+00 -1.029170e+00 2.975000e+01
      vertex   -9.479060e+00 -8.535931e-01 2.975000e+01
      vertex   -9.418141e+00 -8.132897e-01 2.975000e+01
    endloop
  endfacet
  facet normal 0.000000e+00 0.000000e+00 -1.000000e+00
    outer loop
      vertex   -9.418141e+00 -8.132897e-01 2.975000e+01
      vertex   -9.360327e+00 -7.686471e-01 2.975000e+01
      vertex   -5.362834e+00 -1.029170e+00 2.975000e+01
    endloop
  endfacet
  facet normal 0.000000e+00 0.000000e+00 -1.000000e+00
    outer loop
      vertex   -5.362834e+00 -1.029170e+00 2.975000e+01
      vertex   -9.360327e+00 -7.686471e-01 2.975000e+01
      vertex   -9.305926e+00 -7.199035e-01 2.975000e+01
    endloop
  endfacet
  facet normal 0.000000e+00 0.000000e+00 -1.000000e+00
    outer loop
      vertex   -5.362834e+00 -1.029170e+00 2.975000e+01
      vertex   -9.305926e+00 -7.199035e-01 2.975000e+01
      vertex   -9.255228e+00 -6.673188e-01 2.975000e+01
    endloop
  endfacet
  facet normal 0.000000e+00 0.000000e+00 -1.000000e+00
    outer loop
      vertex   -9.255228e+00 -6.673188e-01 2.975000e+01
      vertex   -9.208504e+00 -6.111737e-01 2.975000e+01
      vertex   -5.362834e+00 -1.029170e+00 2.975000e+01
    endloop
  endfacet
  facet normal 0.000000e+00 0.000000e+00 -1.000000e+00
    outer loop
      vertex   -5.362834e+00 -1.029170e+00 2.975000e+01
      vertex   -9.208504e+00 -6.111737e-01 2.975000e+01
      vertex   -9.166002e+00 -5.517677e-01 2.975000e+01
    endloop
  endfacet
  facet normal 0.000000e+00 0.000000e+00 -1.000000e+00
    outer loop
      vertex   -5.362834e+00 -1.029170e+00 2.975000e+01
      vertex   -9.166002e+00 -5.517677e-01 2.975000e+01
      vertex   -9.127951e+00 -4.894178e-01 2.975000e+01
    endloop
  endfacet
  facet normal 0.000000e+00 0.000000e+00 -1.000000e+00
    outer loop
      vertex   -9.127951e+00 -4.894178e-01 2.975000e+01
      vertex   -9.094552e+00 -4.244567e-01 2.975000e+01
      vertex   -5.362834e+00 -1.029170e+00 2.975000e+01
    endloop
  endfacet
  facet normal 0.000000e+00 0.000000e+00 -1.000000e+00
    outer loop
      vertex   -5.362834e+00 -1.029170e+00 2.975000e+01
      vertex   -9.094552e+00 -4.244567e-01 2.975000e+01
      vertex   -9.065984e+00 -3.572309e-01 2.975000e+01
    endloop
  endfacet
  facet normal 0.000000e+00 0.000000e+00 -1.000000e+00
    outer loop
      vertex   -5.362834e+00 -1.029170e+00 2.975000e+01
      vertex   -9.065984e+00 -3.572309e-01 2.975000e+01
      vertex   -9.042399e+00 -2.880991e-01 2.975000e+01
    endloop
  endfacet
  facet normal 0.000000e+00 0.000000e+00 -1.000000e+00
    outer loop
      vertex   -9.042399e+00 -2.880991e-01 2.975000e+01
      vertex   -9.023924e+00 -2.174302e-01 2.975000e+01
      vertex   -5.362834e+00 -1.029170e+00 2.975000e+01
    endloop
  endfacet
  facet normal 0.000000e+00 0.000000e+00 -1.000000e+00
    outer loop
      vertex   -5.362834e+00 -1.029170e+00 2.975000e+01
      vertex   -9.023924e+00 -2.174302e-01 2.975000e+01
      vertex   -5.330878e+00 -8.728102e-01 2.975000e+01
    endloop
  endfacet
  facet normal 0.000000e+00 0.000000e+00 -1.000000e+00
    outer loop
      vertex   -5.330878e+00 -8.728102e-01 2.975000e+01
      vertex   -9.023924e+00 -2.174302e-01 2.975000e+01
      vertex   -9.010657e+00 -1.456012e-01 2.975000e+01
    endloop
  endfacet
  facet normal 0.000000e+00 0.000000e+00 -1.000000e+00
    outer loop
      vertex   -5.330878e+00 -8.728102e-01 2.975000e+01
      vertex   -9.010657e+00 -1.456012e-01 2.975000e+01
      vertex   -5.304192e+00 -7.154650e-01 2.975000e+01
    endloop
  endfacet
  facet normal 0.000000e+00 0.000000e+00 -1.000000e+00
    outer loop
      vertex   -5.304192e+00 -7.154650e-01 2.975000e+01
      vertex   -9.010657e+00 -1.456012e-01 2.975000e+01
      vertex   -5.282808e+00 -5.573120e-01 2.975000e+01
    endloop
  endfacet
  facet normal 0.000000e+00 0.000000e+00 -1.000000e+00
    outer loop
      vertex   -5.282808e+00 -5.573120e-01 2.975000e+01
      vertex   -9.010657e+00 -1.456012e-01 2.975000e+01
      vertex   -9.002668e+00 -7.299531e-02 2.975000e+01
    endloop
  endfacet
  facet normal 0.000000e+00 0.000000e+00 -1.000000e+00
    outer loop
      vertex   -5.282808e+00 -5.573120e-01 2.975000e+01
      vertex   -9.002668e+00 -7.299531e-02 2.975000e+01
      vertex   -5.266748e+00 -3.985300e-01 2.975000e+01
    endloop
  endfacet
  facet normal 0.000000e+00 0.000000e+00 -1.000000e+00
    outer loop
      vertex   -5.266748e+00 -3.985300e-01 2.975000e+01
      vertex   -9.002668e+00 -7.299531e-02 2.975000e+01
      vertex   -5.256032e+00 -2.392981e-01 2.975000e+01
    endloop
  endfacet
  facet normal 0.000000e+00 0.000000e+00 -1.000000e+00
    outer loop
      vertex   -5.256032e+00 -2.392981e-01 2.975000e+01
      vertex   -9.002668e+00 -7.299531e-02 2.975000e+01
      vertex   -9.000000e+00 0.000000e+00 2.975000e+01
    endloop
  endfacet
  facet normal 0.000000e+00 0.000000e+00 -1.000000e+00
    outer loop
      vertex   -5.256032e+00 -2.392981e-01 2.975000e+01
      vertex   -9.000000e+00 0.000000e+00 2.975000e+01
      vertex   -5.250670e+00 -7.979606e-02 2.975000e+01
    endloop
  endfacet
  facet normal 0.000000e+00 0.000000e+00 -1.000000e+00
    outer loop
      vertex   -5.250670e+00 -7.979606e-02 2.975000e+01
      vertex   -9.000000e+00 0.000000e+00 2.975000e+01
      vertex   -5.250670e+00 7.979606e-02 2.975000e+01
    endloop
  endfacet
  facet normal -0.000000e+00 0.000000e+00 -1.000000e+00
    outer loop
      vertex   -5.250670e+00 7.979606e-02 2.975000e+01
      vertex   -9.000000e+00 0.000000e+00 2.975000e+01
      vertex   -5.256032e+00 2.392981e-01 2.975000e+01
    endloop
  endfacet
  facet normal 0.000000e+00 0.000000e+00 -1.000000e+00
    outer loop
      vertex   -5.256032e+00 2.392981e-01 2.975000e+01
      vertex   -9.000000e+00 0.000000e+00 2.975000e+01
      vertex   -9.002668e+00 7.299531e-02 2.975000e+01
    endloop
  endfacet
  facet normal -0.000000e+00 0.000000e+00 -1.000000e+00
    outer loop
      vertex   -5.256032e+00 2.392981e-01 2.975000e+01
      vertex   -9.002668e+00 7.299531e-02 2.975000e+01
      vertex   -5.266748e+00 3.985300e-01 2.975000e+01
    endloop
  endfacet
  facet normal -0.000000e+00 0.000000e+00 -1.000000e+00
    outer loop
      vertex   -5.266748e+00 3.985300e-01 2.975000e+01
      vertex   -9.002668e+00 7.299531e-02 2.975000e+01
      vertex   -5.282808e+00 5.573120e-01 2.975000e+01
    endloop
  endfacet
  facet normal 0.000000e+00 0.000000e+00 -1.000000e+00
    outer loop
      vertex   -5.282808e+00 5.573120e-01 2.975000e+01
      vertex   -9.002668e+00 7.299531e-02 2.975000e+01
      vertex   -9.010657e+00 1.456012e-01 2.975000e+01
    endloop
  endfacet
  facet normal -0.000000e+00 0.000000e+00 -1.000000e+00
    outer loop
      vertex   -5.282808e+00 5.573120e-01 2.975000e+01
      vertex   -9.010657e+00 1.456012e-01 2.975000e+01
      vertex   -5.304192e+00 7.154650e-01 2.975000e+01
    endloop
  endfacet
  facet normal -0.000000e+00 0.000000e+00 -1.000000e+00
    outer loop
      vertex   -5.304192e+00 7.154650e-01 2.975000e+01
      vertex   -9.010657e+00 1.456012e-01 2.975000e+01
      vertex   -5.330878e+00 8.728102e-01 2.975000e+01
    endloop
  endfacet
  facet normal 0.000000e+00 0.000000e+00 -1.000000e+00
    outer loop
      vertex   -5.330878e+00 8.728102e-01 2.975000e+01
      vertex   -9.010657e+00 1.456012e-01 2.975000e+01
      vertex   -9.023924e+00 2.174302e-01 2.975000e+01
    endloop
  endfacet
  facet normal -0.000000e+00 0.000000e+00 -1.000000e+00
    outer loop
      vertex   -5.330878e+00 8.728102e-01 2.975000e+01
      vertex   -9.023924e+00 2.174302e-01 2.975000e+01
      vertex   -5.362834e+00 1.029170e+00 2.975000e+01
    endloop
  endfacet
  facet normal 0.000000e+00 0.000000e+00 -1.000000e+00
    outer loop
      vertex   -5.362834e+00 1.029170e+00 2.975000e+01
      vertex   -9.023924e+00 2.174302e-01 2.975000e+01
      vertex   -9.042399e+00 2.880991e-01 2.975000e+01
    endloop
  endfacet
  facet normal 0.000000e+00 0.000000e+00 -1.000000e+00
    outer loop
      vertex   -5.362834e+00 1.029170e+00 2.975000e+01
      vertex   -9.042399e+00 2.880991e-01 2.975000e+01
      vertex   -9.065984e+00 3.572309e-01 2.975000e+01
    endloop
  endfacet
  facet normal 0.000000e+00 0.000000e+00 -1.000000e+00
    outer loop
      vertex   -9.065984e+00 3.572309e-01 2.975000e+01
      vertex   -9.094552e+00 4.244567e-01 2.975000e+01
      vertex   -5.362834e+00 1.029170e+00 2.975000e+01
    endloop
  endfacet
  facet normal 0.000000e+00 0.000000e+00 -1.000000e+00
    outer loop
      vertex   -5.362834e+00 1.029170e+00 2.975000e+01
      vertex   -9.094552e+00 4.244567e-01 2.975000e+01
      vertex   -9.127951e+00 4.894178e-01 2.975000e+01
    endloop
  endfacet
  facet normal 0.000000e+00 0.000000e+00 -1.000000e+00
    outer loop
      vertex   -5.362834e+00 1.029170e+00 2.975000e+01
      vertex   -9.127951e+00 4.894178e-01 2.975000e+01
      vertex   -9.166002e+00 5.517677e-01 2.975000e+01
    endloop
  endfacet
  facet normal 0.000000e+00 0.000000e+00 -1.000000e+00
    outer loop
      vertex   -9.166002e+00 5.517677e-01 2.975000e+01
      vertex   -9.208504e+00 6.111737e-01 2.975000e+01
      vertex   -5.362834e+00 1.029170e+00 2.975000e+01
    endloop
  endfacet
  facet normal 0.000000e+00 0.000000e+00 -1.000000e+00
    outer loop
      vertex   -5.362834e+00 1.029170e+00 2.975000e+01
      vertex   -9.208504e+00 6.111737e-01 2.975000e+01
      vertex   -9.255228e+00 6.673188e-01 2.975000e+01
    endloop
  endfacet
  facet normal 0.000000e+00 0.000000e+00 -1.000000e+00
    outer loop
      vertex   -5.362834e+00 1.029170e+00 2.975000e+01
      vertex   -9.255228e+00 6.673188e-01 2.975000e+01
      vertex   -9.305926e+00 7.199035e-01 2.975000e+01
    endloop
  endfacet
  facet normal 0.000000e+00 0.000000e+00 -1.000000e+00
    outer loop
      vertex   -9.305926e+00 7.199035e-01 2.975000e+01
      vertex   -9.360327e+00 7.686471e-01 2.975000e+01
      vertex   -5.362834e+00 1.029170e+00 2.975000e+01
    endloop
  endfacet
  facet normal 0.000000e+00 0.000000e+00 -1.000000e+00
    outer loop
      vertex   -5.362834e+00 1.029170e+00 2.975000e+01
      vertex   -9.360327e+00 7.686471e-01 2.975000e+01
      vertex   -9.418141e+00 8.132897e-01 2.975000e+01
    endloop
  endfacet
  facet normal 0.000000e+00 0.000000e+00 -1.000000e+00
    outer loop
      vertex   -5.362834e+00 1.029170e+00 2.975000e+01
      vertex   -9.418141e+00 8.132897e-01 2.975000e+01
      vertex   -9.479060e+00 8.535931e-01 2.975000e+01
    endloop
  endfacet
  facet normal 0.000000e+00 0.000000e+00 -1.000000e+00
    outer loop
      vertex   -9.479060e+00 8.535931e-01 2.975000e+01
      vertex   -9.542758e+00 8.893421e-01 2.975000e+01
      vertex   -5.362834e+00 1.029170e+00 2.975000e+01
    endloop
  endfacet
  facet normal 0.000000e+00 0.000000e+00 -1.000000e+00
    outer loop
      vertex   -5.362834e+00 1.029170e+00 2.975000e+01
      vertex   -9.542758e+00 8.893421e-01 2.975000e+01
      vertex   -9.608895e+00 9.203462e-01 2.975000e+01
    endloop
  endfacet
  facet normal 0.000000e+00 0.000000e+00 -1.000000e+00
    outer loop
      vertex   -5.362834e+00 1.029170e+00 2.975000e+01
      vertex   -9.608895e+00 9.203462e-01 2.975000e+01
      vertex   -9.677120e+00 9.464398e-01 2.975000e+01
    endloop
  endfacet
  facet normal 0.000000e+00 0.000000e+00 -1.000000e+00
    outer loop
      vertex   -9.677120e+00 9.464398e-01 2.975000e+01
      vertex   -9.747067e+00 9.674837e-01 2.975000e+01
      vertex   -5.362834e+00 1.029170e+00 2.975000e+01
    endloop
  endfacet
  facet normal 0.000000e+00 0.000000e+00 -1.000000e+00
    outer loop
      vertex   -5.362834e+00 1.029170e+00 2.975000e+01
      vertex   -9.747067e+00 9.674837e-01 2.975000e+01
      vertex   -9.818363e+00 9.833657e-01 2.975000e+01
    endloop
  endfacet
  facet normal 0.000000e+00 0.000000e+00 -1.000000e+00
    outer loop
      vertex   -5.362834e+00 1.029170e+00 2.975000e+01
      vertex   -9.818363e+00 9.833657e-01 2.975000e+01
      vertex   -9.890629e+00 9.940010e-01 2.975000e+01
    endloop
  endfacet
  facet normal 0.000000e+00 0.000000e+00 -1.000000e+00
    outer loop
      vertex   -9.890629e+00 9.940010e-01 2.975000e+01
      vertex   -9.963478e+00 9.993328e-01 2.975000e+01
      vertex   -5.362834e+00 1.029170e+00 2.975000e+01
    endloop
  endfacet
  facet normal 0.000000e+00 0.000000e+00 -1.000000e+00
    outer loop
      vertex   -5.362834e+00 1.029170e+00 2.975000e+01
      vertex   -9.963478e+00 9.993328e-01 2.975000e+01
      vertex   -1.003652e+01 9.993328e-01 2.975000e+01
    endloop
  endfacet
  facet normal 0.000000e+00 0.000000e+00 -1.000000e+00
    outer loop
      vertex   -5.362834e+00 -1.029170e+00 2.975000e+01
      vertex   -5.400025e+00 -1.184368e+00 2.975000e+01
      vertex   -1.461922e+01 -1.106926e+00 2.975000e+01
    endloop
  endfacet
  facet normal 0.000000e+00 0.000000e+00 -1.000000e+00
    outer loop
      vertex   -1.461922e+01 -1.106926e+00 2.975000e+01
      vertex   -5.400025e+00 -1.184368e+00 2.975000e+01
      vertex   -1.457943e+01 -1.261477e+00 2.975000e+01
    endloop
  endfacet
  facet normal 0.000000e+00 0.000000e+00 -1.000000e+00
    outer loop
      vertex   -1.457943e+01 -1.261477e+00 2.975000e+01
      vertex   -5.400025e+00 -1.184368e+00 2.975000e+01
      vertex   -5.442408e+00 -1.338230e+00 2.975000e+01
    endloop
  endfacet
  facet normal 0.000000e+00 0.000000e+00 -1.000000e+00
    outer loop
      vertex   -1.457943e+01 -1.261477e+00 2.975000e+01
      vertex   -5.442408e+00 -1.338230e+00 2.975000e+01
      vertex   -1.453447e+01 -1.414605e+00 2.975000e+01
    endloop
  endfacet
  facet normal 0.000000e+00 0.000000e+00 -1.000000e+00
    outer loop
      vertex   -1.453447e+01 -1.414605e+00 2.975000e+01
      vertex   -5.442408e+00 -1.338230e+00 2.975000e+01
      vertex   -5.489937e+00 -1.490580e+00 2.975000e+01
    endloop
  endfacet
  facet normal 0.000000e+00 0.000000e+00 -1.000000e+00
    outer loop
      vertex   -1.453447e+01 -1.414605e+00 2.975000e+01
      vertex   -5.489937e+00 -1.490580e+00 2.975000e+01
      vertex   -1.448439e+01 -1.566135e+00 2.975000e+01
    endloop
  endfacet
  facet normal 0.000000e+00 0.000000e+00 -1.000000e+00
    outer loop
      vertex   -1.448439e+01 -1.566135e+00 2.975000e+01
      vertex   -5.489937e+00 -1.490580e+00 2.975000e+01
      vertex   -5.542556e+00 -1.641248e+00 2.975000e+01
    endloop
  endfacet
  facet normal 0.000000e+00 0.000000e+00 -1.000000e+00
    outer loop
      vertex   -1.448439e+01 -1.566135e+00 2.975000e+01
      vertex   -5.542556e+00 -1.641248e+00 2.975000e+01
      vertex   -1.442924e+01 -1.715898e+00 2.975000e+01
    endloop
  endfacet
  facet normal 0.000000e+00 0.000000e+00 -1.000000e+00
    outer loop
      vertex   -1.442924e+01 -1.715898e+00 2.975000e+01
      vertex   -5.542556e+00 -1.641248e+00 2.975000e+01
      vertex   -5.600208e+00 -1.790063e+00 2.975000e+01
    endloop
  endfacet
  facet normal 0.000000e+00 0.000000e+00 -1.000000e+00
    outer loop
      vertex   -1.442924e+01 -1.715898e+00 2.975000e+01
      vertex   -5.600208e+00 -1.790063e+00 2.975000e+01
      vertex   -1.436910e+01 -1.863724e+00 2.975000e+01
    endloop
  endfacet
  facet normal 0.000000e+00 0.000000e+00 -1.000000e+00
    outer loop
      vertex   -1.436910e+01 -1.863724e+00 2.975000e+01
      vertex   -5.600208e+00 -1.790063e+00 2.975000e+01
      vertex   -5.662826e+00 -1.936858e+00 2.975000e+01
    endloop
  endfacet
  facet normal 0.000000e+00 0.000000e+00 -1.000000e+00
    outer loop
      vertex   -1.436910e+01 -1.863724e+00 2.975000e+01
      vertex   -5.662826e+00 -1.936858e+00 2.975000e+01
      vertex   -1.430402e+01 -2.009446e+00 2.975000e+01
    endloop
  endfacet
  facet normal 0.000000e+00 0.000000e+00 -1.000000e+00
    outer loop
      vertex   -1.430402e+01 -2.009446e+00 2.975000e+01
      vertex   -5.662826e+00 -1.936858e+00 2.975000e+01
      vertex   -5.730340e+00 -2.081466e+00 2.975000e+01
    endloop
  endfacet
  facet normal 0.000000e+00 0.000000e+00 -1.000000e+00
    outer loop
      vertex   -1.430402e+01 -2.009446e+00 2.975000e+01
      vertex   -5.730340e+00 -2.081466e+00 2.975000e+01
      vertex   -1.423409e+01 -2.152899e+00 2.975000e+01
    endloop
  endfacet
  facet normal 0.000000e+00 0.000000e+00 -1.000000e+00
    outer loop
      vertex   -1.423409e+01 -2.152899e+00 2.975000e+01
      vertex   -5.730340e+00 -2.081466e+00 2.975000e+01
      vertex   -5.802674e+00 -2.223724e+00 2.975000e+01
    endloop
  endfacet
  facet normal 0.000000e+00 0.000000e+00 -1.000000e+00
    outer loop
      vertex   -1.423409e+01 -2.152899e+00 2.975000e+01
      vertex   -5.802674e+00 -2.223724e+00 2.975000e+01
      vertex   -1.415938e+01 -2.293922e+00 2.975000e+01
    endloop
  endfacet
  facet normal 0.000000e+00 0.000000e+00 -1.000000e+00
    outer loop
      vertex   -1.415938e+01 -2.293922e+00 2.975000e+01
      vertex   -5.802674e+00 -2.223724e+00 2.975000e+01
      vertex   -5.879745e+00 -2.363473e+00 2.975000e+01
    endloop
  endfacet
  facet normal 0.000000e+00 0.000000e+00 -1.000000e+00
    outer loop
      vertex   -1.415938e+01 -2.293922e+00 2.975000e+01
      vertex   -5.879745e+00 -2.363473e+00 2.975000e+01
      vertex   -1.407997e+01 -2.432356e+00 2.975000e+01
    endloop
  endfacet
  facet normal 0.000000e+00 0.000000e+00 -1.000000e+00
    outer loop
      vertex   -1.407997e+01 -2.432356e+00 2.975000e+01
      vertex   -5.879745e+00 -2.363473e+00 2.975000e+01
      vertex   -5.961469e+00 -2.500553e+00 2.975000e+01
    endloop
  endfacet
  facet normal 0.000000e+00 0.000000e+00 -1.000000e+00
    outer loop
      vertex   -1.407997e+01 -2.432356e+00 2.975000e+01
      vertex   -5.961469e+00 -2.500553e+00 2.975000e+01
      vertex   -1.399595e+01 -2.568044e+00 2.975000e+01
    endloop
  endfacet
  facet normal 0.000000e+00 0.000000e+00 -1.000000e+00
    outer loop
      vertex   -1.399595e+01 -2.568044e+00 2.975000e+01
      vertex   -5.961469e+00 -2.500553e+00 2.975000e+01
      vertex   -6.047751e+00 -2.634810e+00 2.975000e+01
    endloop
  endfacet
  facet normal 0.000000e+00 0.000000e+00 -1.000000e+00
    outer loop
      vertex   -1.399595e+01 -2.568044e+00 2.975000e+01
      vertex   -6.047751e+00 -2.634810e+00 2.975000e+01
      vertex   -1.390743e+01 -2.700833e+00 2.975000e+01
    endloop
  endfacet
  facet normal 0.000000e+00 0.000000e+00 -1.000000e+00
    outer loop
      vertex   -1.390743e+01 -2.700833e+00 2.975000e+01
      vertex   -6.047751e+00 -2.634810e+00 2.975000e+01
      vertex   -6.138494e+00 -2.766093e+00 2.975000e+01
    endloop
  endfacet
  facet normal 0.000000e+00 0.000000e+00 -1.000000e+00
    outer loop
      vertex   -1.390743e+01 -2.700833e+00 2.975000e+01
      vertex   -6.138494e+00 -2.766093e+00 2.975000e+01
      vertex   -1.381449e+01 -2.830573e+00 2.975000e+01
    endloop
  endfacet
  facet normal 0.000000e+00 0.000000e+00 -1.000000e+00
    outer loop
      vertex   -1.381449e+01 -2.830573e+00 2.975000e+01
      vertex   -6.138494e+00 -2.766093e+00 2.975000e+01
      vertex   -6.233597e+00 -2.894254e+00 2.975000e+01
    endloop
  endfacet
  facet normal 0.000000e+00 0.000000e+00 -1.000000e+00
    outer loop
      vertex   -1.381449e+01 -2.830573e+00 2.975000e+01
      vertex   -6.233597e+00 -2.894254e+00 2.975000e+01
      vertex   -1.371725e+01 -2.957118e+00 2.975000e+01
    endloop
  endfacet
  facet normal 0.000000e+00 0.000000e+00 -1.000000e+00
    outer loop
      vertex   -1.371725e+01 -2.957118e+00 2.975000e+01
      vertex   -6.233597e+00 -2.894254e+00 2.975000e+01
      vertex   -6.332951e+00 -3.019147e+00 2.975000e+01
    endloop
  endfacet
  facet normal 0.000000e+00 0.000000e+00 -1.000000e+00
    outer loop
      vertex   -1.371725e+01 -2.957118e+00 2.975000e+01
      vertex   -6.332951e+00 -3.019147e+00 2.975000e+01
      vertex   -1.361581e+01 -3.080325e+00 2.975000e+01
    endloop
  endfacet
  facet normal 0.000000e+00 0.000000e+00 -1.000000e+00
    outer loop
      vertex   -1.361581e+01 -3.080325e+00 2.975000e+01
      vertex   -6.332951e+00 -3.019147e+00 2.975000e+01
      vertex   -6.436445e+00 -3.140633e+00 2.975000e+01
    endloop
  endfacet
  facet normal 0.000000e+00 0.000000e+00 -1.000000e+00
    outer loop
      vertex   -1.361581e+01 -3.080325e+00 2.975000e+01
      vertex   -6.436445e+00 -3.140633e+00 2.975000e+01
      vertex   -1.351029e+01 -3.200054e+00 2.975000e+01
    endloop
  endfacet
  facet normal 0.000000e+00 0.000000e+00 -1.000000e+00
    outer loop
      vertex   -1.351029e+01 -3.200054e+00 2.975000e+01
      vertex   -6.436445e+00 -3.140633e+00 2.975000e+01
      vertex   -6.543961e+00 -3.258573e+00 2.975000e+01
    endloop
  endfacet
  facet normal 0.000000e+00 0.000000e+00 -1.000000e+00
    outer loop
      vertex   -1.351029e+01 -3.200054e+00 2.975000e+01
      vertex   -6.543961e+00 -3.258573e+00 2.975000e+01
      vertex   -1.340081e+01 -3.316171e+00 2.975000e+01
    endloop
  endfacet
  facet normal 0.000000e+00 0.000000e+00 -1.000000e+00
    outer loop
      vertex   -1.340081e+01 -3.316171e+00 2.975000e+01
      vertex   -6.543961e+00 -3.258573e+00 2.975000e+01
      vertex   -6.655379e+00 -3.372834e+00 2.975000e+01
    endloop
  endfacet
  facet normal 0.000000e+00 0.000000e+00 -1.000000e+00
    outer loop
      vertex   -1.340081e+01 -3.316171e+00 2.975000e+01
      vertex   -6.655379e+00 -3.372834e+00 2.975000e+01
      vertex   -1.328749e+01 -3.428545e+00 2.975000e+01
    endloop
  endfacet
  facet normal 0.000000e+00 0.000000e+00 -1.000000e+00
    outer loop
      vertex   -1.328749e+01 -3.428545e+00 2.975000e+01
      vertex   -6.655379e+00 -3.372834e+00 2.975000e+01
      vertex   -6.770573e+00 -3.483288e+00 2.975000e+01
    endloop
  endfacet
  facet normal 0.000000e+00 0.000000e+00 -1.000000e+00
    outer loop
      vertex   -1.328749e+01 -3.428545e+00 2.975000e+01
      vertex   -6.770573e+00 -3.483288e+00 2.975000e+01
      vertex   -1.317046e+01 -3.537049e+00 2.975000e+01
    endloop
  endfacet
  facet normal 0.000000e+00 0.000000e+00 -1.000000e+00
    outer loop
      vertex   -1.317046e+01 -3.537049e+00 2.975000e+01
      vertex   -6.770573e+00 -3.483288e+00 2.975000e+01
      vertex   -6.889412e+00 -3.589810e+00 2.975000e+01
    endloop
  endfacet
  facet normal 0.000000e+00 0.000000e+00 -1.000000e+00
    outer loop
      vertex   -1.317046e+01 -3.537049e+00 2.975000e+01
      vertex   -6.889412e+00 -3.589810e+00 2.975000e+01
      vertex   -1.304984e+01 -3.641559e+00 2.975000e+01
    endloop
  endfacet
  facet normal 0.000000e+00 0.000000e+00 -1.000000e+00
    outer loop
      vertex   -1.304984e+01 -3.641559e+00 2.975000e+01
      vertex   -6.889412e+00 -3.589810e+00 2.975000e+01
      vertex   -7.011762e+00 -3.692280e+00 2.975000e+01
    endloop
  endfacet
  facet normal 0.000000e+00 0.000000e+00 -1.000000e+00
    outer loop
      vertex   -1.304984e+01 -3.641559e+00 2.975000e+01
      vertex   -7.011762e+00 -3.692280e+00 2.975000e+01
      vertex   -1.292579e+01 -3.741959e+00 2.975000e+01
    endloop
  endfacet
  facet normal 0.000000e+00 0.000000e+00 -1.000000e+00
    outer loop
      vertex   -1.292579e+01 -3.741959e+00 2.975000e+01
      vertex   -7.011762e+00 -3.692280e+00 2.975000e+01
      vertex   -7.137485e+00 -3.790582e+00 2.975000e+01
    endloop
  endfacet
  facet normal 0.000000e+00 0.000000e+00 -1.000000e+00
    outer loop
      vertex   -1.292579e+01 -3.741959e+00 2.975000e+01
      vertex   -7.137485e+00 -3.790582e+00 2.975000e+01
      vertex   -1.279843e+01 -3.838135e+00 2.975000e+01
    endloop
  endfacet
  facet normal 0.000000e+00 0.000000e+00 -1.000000e+00
    outer loop
      vertex   -1.279843e+01 -3.838135e+00 2.975000e+01
      vertex   -7.137485e+00 -3.790582e+00 2.975000e+01
      vertex   -7.266440e+00 -3.884605e+00 2.975000e+01
    endloop
  endfacet
  facet normal 0.000000e+00 0.000000e+00 -1.000000e+00
    outer loop
      vertex   -1.279843e+01 -3.838135e+00 2.975000e+01
      vertex   -7.266440e+00 -3.884605e+00 2.975000e+01
      vertex   -1.266792e+01 -3.929978e+00 2.975000e+01
    endloop
  endfacet
  facet normal 0.000000e+00 0.000000e+00 -1.000000e+00
    outer loop
      vertex   -1.266792e+01 -3.929978e+00 2.975000e+01
      vertex   -7.266440e+00 -3.884605e+00 2.975000e+01
      vertex   -7.398481e+00 -3.974242e+00 2.975000e+01
    endloop
  endfacet
  facet normal 0.000000e+00 0.000000e+00 -1.000000e+00
    outer loop
      vertex   -1.266792e+01 -3.929978e+00 2.975000e+01
      vertex   -7.398481e+00 -3.974242e+00 2.975000e+01
      vertex   -1.253439e+01 -4.017385e+00 2.975000e+01
    endloop
  endfacet
  facet normal 0.000000e+00 0.000000e+00 -1.000000e+00
    outer loop
      vertex   -1.253439e+01 -4.017385e+00 2.975000e+01
      vertex   -7.398481e+00 -3.974242e+00 2.975000e+01
      vertex   -7.533459e+00 -4.059393e+00 2.975000e+01
    endloop
  endfacet
  facet normal 0.000000e+00 0.000000e+00 -1.000000e+00
    outer loop
      vertex   -1.253439e+01 -4.017385e+00 2.975000e+01
      vertex   -7.533459e+00 -4.059393e+00 2.975000e+01
      vertex   -1.239800e+01 -4.100256e+00 2.975000e+01
    endloop
  endfacet
  facet normal 0.000000e+00 0.000000e+00 -1.000000e+00
    outer loop
      vertex   -1.239800e+01 -4.100256e+00 2.975000e+01
      vertex   -7.533459e+00 -4.059393e+00 2.975000e+01
      vertex   -7.671220e+00 -4.139962e+00 2.975000e+01
    endloop
  endfacet
  facet normal 0.000000e+00 0.000000e+00 -1.000000e+00
    outer loop
      vertex   -1.239800e+01 -4.100256e+00 2.975000e+01
      vertex   -7.671220e+00 -4.139962e+00 2.975000e+01
      vertex   -1.225890e+01 -4.178499e+00 2.975000e+01
    endloop
  endfacet
  facet normal 0.000000e+00 0.000000e+00 -1.000000e+00
    outer loop
      vertex   -1.225890e+01 -4.178499e+00 2.975000e+01
      vertex   -7.671220e+00 -4.139962e+00 2.975000e+01
      vertex   -7.811611e+00 -4.215857e+00 2.975000e+01
    endloop
  endfacet
  facet normal 0.000000e+00 0.000000e+00 -1.000000e+00
    outer loop
      vertex   -1.225890e+01 -4.178499e+00 2.975000e+01
      vertex   -7.811611e+00 -4.215857e+00 2.975000e+01
      vertex   -1.211726e+01 -4.252026e+00 2.975000e+01
    endloop
  endfacet
  facet normal 0.000000e+00 0.000000e+00 -1.000000e+00
    outer loop
      vertex   -1.211726e+01 -4.252026e+00 2.975000e+01
      vertex   -7.811611e+00 -4.215857e+00 2.975000e+01
      vertex   -7.954472e+00 -4.286994e+00 2.975000e+01
    endloop
  endfacet
  facet normal 0.000000e+00 0.000000e+00 -1.000000e+00
    outer loop
      vertex   -1.211726e+01 -4.252026e+00 2.975000e+01
      vertex   -7.954472e+00 -4.286994e+00 2.975000e+01
      vertex   -1.197322e+01 -4.320752e+00 2.975000e+01
    endloop
  endfacet
  facet normal 0.000000e+00 0.000000e+00 -1.000000e+00
    outer loop
      vertex   -1.197322e+01 -4.320752e+00 2.975000e+01
      vertex   -7.954472e+00 -4.286994e+00 2.975000e+01
      vertex   -8.099642e+00 -4.353291e+00 2.975000e+01
    endloop
  endfacet
  facet normal 0.000000e+00 0.000000e+00 -1.000000e+00
    outer loop
      vertex   -1.197322e+01 -4.320752e+00 2.975000e+01
      vertex   -8.099642e+00 -4.353291e+00 2.975000e+01
      vertex   -1.182696e+01 -4.384601e+00 2.975000e+01
    endloop
  endfacet
  facet normal 0.000000e+00 0.000000e+00 -1.000000e+00
    outer loop
      vertex   -1.182696e+01 -4.384601e+00 2.975000e+01
      vertex   -8.099642e+00 -4.353291e+00 2.975000e+01
      vertex   -8.246958e+00 -4.414673e+00 2.975000e+01
    endloop
  endfacet
  facet normal 0.000000e+00 0.000000e+00 -1.000000e+00
    outer loop
      vertex   -1.182696e+01 -4.384601e+00 2.975000e+01
      vertex   -8.246958e+00 -4.414673e+00 2.975000e+01
      vertex   -1.167863e+01 -4.443500e+00 2.975000e+01
    endloop
  endfacet
  facet normal 0.000000e+00 0.000000e+00 -1.000000e+00
    outer loop
      vertex   -1.167863e+01 -4.443500e+00 2.975000e+01
      vertex   -8.246958e+00 -4.414673e+00 2.975000e+01
      vertex   -8.396252e+00 -4.471073e+00 2.975000e+01
    endloop
  endfacet
  facet normal 0.000000e+00 0.000000e+00 -1.000000e+00
    outer loop
      vertex   -1.167863e+01 -4.443500e+00 2.975000e+01
      vertex   -8.396252e+00 -4.471073e+00 2.975000e+01
      vertex   -1.152841e+01 -4.497383e+00 2.975000e+01
    endloop
  endfacet
  facet normal 0.000000e+00 0.000000e+00 -1.000000e+00
    outer loop
      vertex   -1.152841e+01 -4.497383e+00 2.975000e+01
      vertex   -8.396252e+00 -4.471073e+00 2.975000e+01
      vertex   -8.547356e+00 -4.522425e+00 2.975000e+01
    endloop
  endfacet
  facet normal 0.000000e+00 0.000000e+00 -1.000000e+00
    outer loop
      vertex   -1.152841e+01 -4.497383e+00 2.975000e+01
      vertex   -8.547356e+00 -4.522425e+00 2.975000e+01
      vertex   -1.137647e+01 -4.546190e+00 2.975000e+01
    endloop
  endfacet
  facet normal 0.000000e+00 0.000000e+00 -1.000000e+00
    outer loop
      vertex   -1.137647e+01 -4.546190e+00 2.975000e+01
      vertex   -8.547356e+00 -4.522425e+00 2.975000e+01
      vertex   -8.700101e+00 -4.568672e+00 2.975000e+01
    endloop
  endfacet
  facet normal 0.000000e+00 0.000000e+00 -1.000000e+00
    outer loop
      vertex   -1.137647e+01 -4.546190e+00 2.975000e+01
      vertex   -8.700101e+00 -4.568672e+00 2.975000e+01
      vertex   -1.122297e+01 -4.589864e+00 2.975000e+01
    endloop
  endfacet
  facet normal 0.000000e+00 0.000000e+00 -1.000000e+00
    outer loop
      vertex   -1.122297e+01 -4.589864e+00 2.975000e+01
      vertex   -8.700101e+00 -4.568672e+00 2.975000e+01
      vertex   -8.854313e+00 -4.609761e+00 2.975000e+01
    endloop
  endfacet
  facet normal 0.000000e+00 0.000000e+00 -1.000000e+00
    outer loop
      vertex   -1.122297e+01 -4.589864e+00 2.975000e+01
      vertex   -8.854313e+00 -4.609761e+00 2.975000e+01
      vertex   -1.106809e+01 -4.628358e+00 2.975000e+01
    endloop
  endfacet
  facet normal 0.000000e+00 0.000000e+00 -1.000000e+00
    outer loop
      vertex   -1.106809e+01 -4.628358e+00 2.975000e+01
      vertex   -8.854313e+00 -4.609761e+00 2.975000e+01
      vertex   -9.009818e+00 -4.645647e+00 2.975000e+01
    endloop
  endfacet
  facet normal 0.000000e+00 0.000000e+00 -1.000000e+00
    outer loop
      vertex   -1.106809e+01 -4.628358e+00 2.975000e+01
      vertex   -9.009818e+00 -4.645647e+00 2.975000e+01
      vertex   -1.091200e+01 -4.661626e+00 2.975000e+01
    endloop
  endfacet
  facet normal 0.000000e+00 0.000000e+00 -1.000000e+00
    outer loop
      vertex   -1.091200e+01 -4.661626e+00 2.975000e+01
      vertex   -9.009818e+00 -4.645647e+00 2.975000e+01
      vertex   -9.166441e+00 -4.676289e+00 2.975000e+01
    endloop
  endfacet
  facet normal 0.000000e+00 0.000000e+00 -1.000000e+00
    outer loop
      vertex   -1.091200e+01 -4.661626e+00 2.975000e+01
      vertex   -9.166441e+00 -4.676289e+00 2.975000e+01
      vertex   -1.075488e+01 -4.689632e+00 2.975000e+01
    endloop
  endfacet
  facet normal 0.000000e+00 0.000000e+00 -1.000000e+00
    outer loop
      vertex   -1.075488e+01 -4.689632e+00 2.975000e+01
      vertex   -9.166441e+00 -4.676289e+00 2.975000e+01
      vertex   -9.324005e+00 -4.701652e+00 2.975000e+01
    endloop
  endfacet
  facet normal 0.000000e+00 0.000000e+00 -1.000000e+00
    outer loop
      vertex   -1.075488e+01 -4.689632e+00 2.975000e+01
      vertex   -9.324005e+00 -4.701652e+00 2.975000e+01
      vertex   -1.059692e+01 -4.712345e+00 2.975000e+01
    endloop
  endfacet
  facet normal 0.000000e+00 0.000000e+00 -1.000000e+00
    outer loop
      vertex   -1.059692e+01 -4.712345e+00 2.975000e+01
      vertex   -9.324005e+00 -4.701652e+00 2.975000e+01
      vertex   -9.482331e+00 -4.721707e+00 2.975000e+01
    endloop
  endfacet
  facet normal 0.000000e+00 0.000000e+00 -1.000000e+00
    outer loop
      vertex   -1.059692e+01 -4.712345e+00 2.975000e+01
      vertex   -9.482331e+00 -4.721707e+00 2.975000e+01
      vertex   -1.043827e+01 -4.729737e+00 2.975000e+01
    endloop
  endfacet
  facet normal 0.000000e+00 0.000000e+00 -1.000000e+00
    outer loop
      vertex   -1.043827e+01 -4.729737e+00 2.975000e+01
      vertex   -9.482331e+00 -4.721707e+00 2.975000e+01
      vertex   -9.641243e+00 -4.736433e+00 2.975000e+01
    endloop
  endfacet
  facet normal 0.000000e+00 0.000000e+00 -1.000000e+00
    outer loop
      vertex   -1.043827e+01 -4.729737e+00 2.975000e+01
      vertex   -9.641243e+00 -4.736433e+00 2.975000e+01
      vertex   -1.027914e+01 -4.741791e+00 2.975000e+01
    endloop
  endfacet
  facet normal 0.000000e+00 0.000000e+00 -1.000000e+00
    outer loop
      vertex   -1.027914e+01 -4.741791e+00 2.975000e+01
      vertex   -9.641243e+00 -4.736433e+00 2.975000e+01
      vertex   -9.800559e+00 -4.745811e+00 2.975000e+01
    endloop
  endfacet
  facet normal 0.000000e+00 0.000000e+00 -1.000000e+00
    outer loop
      vertex   -1.027914e+01 -4.741791e+00 2.975000e+01
      vertex   -9.800559e+00 -4.745811e+00 2.975000e+01
      vertex   -1.011969e+01 -4.748492e+00 2.975000e+01
    endloop
  endfacet
  facet normal 0.000000e+00 0.000000e+00 -1.000000e+00
    outer loop
      vertex   -1.011969e+01 -4.748492e+00 2.975000e+01
      vertex   -9.800559e+00 -4.745811e+00 2.975000e+01
      vertex   -9.960101e+00 -4.749832e+00 2.975000e+01
    endloop
  endfacet
endsolid
