solid ASCII
  facet normal -7.042443e-01 7.079935e-01 -5.277581e-02
    outer loop
      vertex   7.376341e+01 7.949616e+01 2.972545e+01
      vertex   7.451383e+01 8.024616e+01 2.977315e+01
      vertex   7.378240e+01 7.949616e+01 2.947208e+01
    endloop
  endfacet
  facet normal -7.064353e-01 7.064353e-01 -4.357143e-02
    outer loop
      vertex   7.378240e+01 7.949616e+01 2.947208e+01
      vertex   7.451383e+01 8.024616e+01 2.977315e+01
      vertex   7.453240e+01 8.024616e+01 2.947208e+01
    endloop
  endfacet
  facet normal -7.064353e-01 7.064353e-01 4.357143e-02
    outer loop
      vertex   7.378240e+01 7.949616e+01 2.947208e+01
      vertex   7.453240e+01 8.024616e+01 2.947208e+01
      vertex   7.451383e+01 8.024616e+01 2.917100e+01
    endloop
  endfacet
  facet normal -6.967342e-01 7.054066e-01 -1.302422e-01
    outer loop
      vertex   7.451383e+01 8.024616e+01 2.977315e+01
      vertex   7.376341e+01 7.949616e+01 2.972545e+01
      vertex   7.445840e+01 8.024616e+01 3.006967e+01
    endloop
  endfacet
  facet normal -6.874686e-01 7.090600e-01 -1.569102e-01
    outer loop
      vertex   7.445840e+01 8.024616e+01 3.006967e+01
      vertex   7.376341e+01 7.949616e+01 2.972545e+01
      vertex   7.370687e+01 7.949616e+01 2.997316e+01
    endloop
  endfacet
  facet normal -6.758928e-01 7.049373e-01 -2.150170e-01
    outer loop
      vertex   7.445840e+01 8.024616e+01 3.006967e+01
      vertex   7.370687e+01 7.949616e+01 2.997316e+01
      vertex   7.436695e+01 8.024616e+01 3.035712e+01
    endloop
  endfacet
  facet normal -6.561549e-01 7.093259e-01 -2.575218e-01
    outer loop
      vertex   7.436695e+01 8.024616e+01 3.035712e+01
      vertex   7.370687e+01 7.949616e+01 2.997316e+01
      vertex   7.361404e+01 7.949616e+01 3.020968e+01
    endloop
  endfacet
  facet normal -6.442620e-01 7.050313e-01 -2.964075e-01
    outer loop
      vertex   7.436695e+01 8.024616e+01 3.035712e+01
      vertex   7.361404e+01 7.949616e+01 3.020968e+01
      vertex   7.424088e+01 8.024616e+01 3.063116e+01
    endloop
  endfacet
  facet normal -6.109079e-01 7.087938e-01 -3.527079e-01
    outer loop
      vertex   7.424088e+01 8.024616e+01 3.063116e+01
      vertex   7.361404e+01 7.949616e+01 3.020968e+01
      vertex   7.348700e+01 7.949616e+01 3.042972e+01
    endloop
  endfacet
  facet normal -6.023985e-01 7.056876e-01 -3.729894e-01
    outer loop
      vertex   7.424088e+01 8.024616e+01 3.063116e+01
      vertex   7.348700e+01 7.949616e+01 3.042972e+01
      vertex   7.408208e+01 8.024616e+01 3.088762e+01
    endloop
  endfacet
  facet normal -5.525632e-01 7.074585e-01 -4.406545e-01
    outer loop
      vertex   7.408208e+01 8.024616e+01 3.088762e+01
      vertex   7.348700e+01 7.949616e+01 3.042972e+01
      vertex   7.332859e+01 7.949616e+01 3.062837e+01
    endloop
  endfacet
  facet normal -5.510533e-01 7.069012e-01 -4.434309e-01
    outer loop
      vertex   7.408208e+01 8.024616e+01 3.088762e+01
      vertex   7.332859e+01 7.949616e+01 3.062837e+01
      vertex   7.389297e+01 8.024616e+01 3.112263e+01
    endloop
  endfacet
  facet normal -4.929891e-01 7.060306e-01 -5.084118e-01
    outer loop
      vertex   7.389297e+01 8.024616e+01 3.112263e+01
      vertex   7.332859e+01 7.949616e+01 3.062837e+01
      vertex   7.367641e+01 8.024616e+01 3.133262e+01
    endloop
  endfacet
  facet normal -4.800473e-01 7.084384e-01 -5.173680e-01
    outer loop
      vertex   7.367641e+01 8.024616e+01 3.133262e+01
      vertex   7.332859e+01 7.949616e+01 3.062837e+01
      vertex   7.314233e+01 7.949616e+01 3.080119e+01
    endloop
  endfacet
  facet normal -4.272804e-01 7.051877e-01 -5.658107e-01
    outer loop
      vertex   7.367641e+01 8.024616e+01 3.133262e+01
      vertex   7.314233e+01 7.949616e+01 3.080119e+01
      vertex   7.343569e+01 8.024616e+01 3.151440e+01
    endloop
  endfacet
  facet normal -3.971236e-01 7.092373e-01 -5.824734e-01
    outer loop
      vertex   7.343569e+01 8.024616e+01 3.151440e+01
      vertex   7.314233e+01 7.949616e+01 3.080119e+01
      vertex   7.293240e+01 7.949616e+01 3.094432e+01
    endloop
  endfacet
  facet normal -3.546504e-01 7.049060e-01 -6.142724e-01
    outer loop
      vertex   7.343569e+01 8.024616e+01 3.151440e+01
      vertex   7.293240e+01 7.949616e+01 3.094432e+01
      vertex   7.317446e+01 8.024616e+01 3.166523e+01
    endloop
  endfacet
  facet normal -3.058749e-01 7.092373e-01 -6.351558e-01
    outer loop
      vertex   7.317446e+01 8.024616e+01 3.166523e+01
      vertex   7.293240e+01 7.949616e+01 3.094432e+01
      vertex   7.270348e+01 7.949616e+01 3.105456e+01
    endloop
  endfacet
  facet normal -2.763662e-01 7.051877e-01 -6.529410e-01
    outer loop
      vertex   7.317446e+01 8.024616e+01 3.166523e+01
      vertex   7.270348e+01 7.949616e+01 3.105456e+01
      vertex   7.289667e+01 8.024616e+01 3.178281e+01
    endloop
  endfacet
  facet normal -2.080301e-01 7.084384e-01 -6.744171e-01
    outer loop
      vertex   7.289667e+01 8.024616e+01 3.178281e+01
      vertex   7.270348e+01 7.949616e+01 3.105456e+01
      vertex   7.246068e+01 7.949616e+01 3.112945e+01
    endloop
  endfacet
  facet normal -1.938030e-01 7.060306e-01 -6.811470e-01
    outer loop
      vertex   7.289667e+01 8.024616e+01 3.178281e+01
      vertex   7.246068e+01 7.949616e+01 3.112945e+01
      vertex   7.260653e+01 8.024616e+01 3.186536e+01
    endloop
  endfacet
  facet normal -1.084958e-01 7.069012e-01 -6.989416e-01
    outer loop
      vertex   7.260653e+01 8.024616e+01 3.186536e+01
      vertex   7.246068e+01 7.949616e+01 3.112945e+01
      vertex   7.230845e+01 8.024616e+01 3.191163e+01
    endloop
  endfacet
  facet normal -1.053364e-01 7.074585e-01 -6.988610e-01
    outer loop
      vertex   7.230845e+01 8.024616e+01 3.191163e+01
      vertex   7.246068e+01 7.949616e+01 3.112945e+01
      vertex   7.220944e+01 7.949616e+01 3.116732e+01
    endloop
  endfacet
  facet normal -2.181901e-02 7.056876e-01 -7.081871e-01
    outer loop
      vertex   7.230845e+01 8.024616e+01 3.191163e+01
      vertex   7.220944e+01 7.949616e+01 3.116732e+01
      vertex   7.200695e+01 8.024616e+01 3.192092e+01
    endloop
  endfacet
  facet normal 0.000000e+00 7.087938e-01 -7.054157e-01
    outer loop
      vertex   7.200695e+01 8.024616e+01 3.192092e+01
      vertex   7.220944e+01 7.949616e+01 3.116732e+01
      vertex   7.195536e+01 7.949616e+01 3.116732e+01
    endloop
  endfacet
  facet normal 6.543453e-02 7.050313e-01 -7.061510e-01
    outer loop
      vertex   7.200695e+01 8.024616e+01 3.192092e+01
      vertex   7.195536e+01 7.949616e+01 3.116732e+01
      vertex   7.170659e+01 8.024616e+01 3.189308e+01
    endloop
  endfacet
  facet normal 1.050570e-01 7.093259e-01 -6.970077e-01
    outer loop
      vertex   7.170659e+01 8.024616e+01 3.189308e+01
      vertex   7.195536e+01 7.949616e+01 3.116732e+01
      vertex   7.170411e+01 7.949616e+01 3.112945e+01
    endloop
  endfacet
  facet normal 1.517362e-01 7.049373e-01 -6.928488e-01
    outer loop
      vertex   7.170659e+01 8.024616e+01 3.189308e+01
      vertex   7.170411e+01 7.949616e+01 3.112945e+01
      vertex   7.141192e+01 8.024616e+01 3.182855e+01
    endloop
  endfacet
  facet normal 2.078461e-01 7.090600e-01 -6.738204e-01
    outer loop
      vertex   7.141192e+01 8.024616e+01 3.182855e+01
      vertex   7.170411e+01 7.949616e+01 3.112945e+01
      vertex   7.146132e+01 7.949616e+01 3.105456e+01
    endloop
  endfacet
  facet normal 2.355741e-01 7.054066e-01 -6.685106e-01
    outer loop
      vertex   7.141192e+01 8.024616e+01 3.182855e+01
      vertex   7.146132e+01 7.949616e+01 3.105456e+01
      vertex   7.112742e+01 8.024616e+01 3.172830e+01
    endloop
  endfacet
  facet normal 3.064169e-01 7.079935e-01 -6.362813e-01
    outer loop
      vertex   7.112742e+01 8.024616e+01 3.172830e+01
      vertex   7.146132e+01 7.949616e+01 3.105456e+01
      vertex   7.123240e+01 7.949616e+01 3.094432e+01
    endloop
  endfacet
  facet normal 3.154837e-01 7.064353e-01 -6.335766e-01
    outer loop
      vertex   7.112742e+01 8.024616e+01 3.172830e+01
      vertex   7.123240e+01 7.949616e+01 3.094432e+01
      vertex   7.085740e+01 8.024616e+01 3.159384e+01
    endloop
  endfacet
  facet normal 3.909516e-01 7.064353e-01 -5.900052e-01
    outer loop
      vertex   7.085740e+01 8.024616e+01 3.159384e+01
      vertex   7.123240e+01 7.949616e+01 3.094432e+01
      vertex   7.060594e+01 8.024616e+01 3.142722e+01
    endloop
  endfacet
  facet normal 3.978273e-01 7.079935e-01 -5.835055e-01
    outer loop
      vertex   7.060594e+01 8.024616e+01 3.142722e+01
      vertex   7.123240e+01 7.949616e+01 3.094432e+01
      vertex   7.102246e+01 7.949616e+01 3.080119e+01
    endloop
  endfacet
  facet normal 4.611602e-01 7.054066e-01 -5.382684e-01
    outer loop
      vertex   7.060594e+01 8.024616e+01 3.142722e+01
      vertex   7.102246e+01 7.949616e+01 3.080119e+01
      vertex   7.037687e+01 8.024616e+01 3.123096e+01
    endloop
  endfacet
  facet normal 4.796225e-01 7.090600e-01 -5.169102e-01
    outer loop
      vertex   7.037687e+01 8.024616e+01 3.123096e+01
      vertex   7.102246e+01 7.949616e+01 3.080119e+01
      vertex   7.083621e+01 7.949616e+01 3.062837e+01
    endloop
  endfacet
  facet normal 5.241565e-01 7.049373e-01 -4.778318e-01
    outer loop
      vertex   7.037687e+01 8.024616e+01 3.123096e+01
      vertex   7.083621e+01 7.949616e+01 3.062837e+01
      vertex   7.017365e+01 8.024616e+01 3.100804e+01
    endloop
  endfacet
  facet normal 5.510979e-01 7.093259e-01 -4.394859e-01
    outer loop
      vertex   7.017365e+01 8.024616e+01 3.100804e+01
      vertex   7.083621e+01 7.949616e+01 3.062837e+01
      vertex   7.067779e+01 7.949616e+01 3.042972e+01
    endloop
  endfacet
  facet normal 5.788274e-01 7.050313e-01 -4.097435e-01
    outer loop
      vertex   7.017365e+01 8.024616e+01 3.100804e+01
      vertex   7.067779e+01 7.949616e+01 3.042972e+01
      vertex   6.999937e+01 8.024616e+01 3.076184e+01
    endloop
  endfacet
  facet normal 6.109079e-01 7.087938e-01 -3.527079e-01
    outer loop
      vertex   6.999937e+01 8.024616e+01 3.076184e+01
      vertex   7.067779e+01 7.949616e+01 3.042972e+01
      vertex   7.055075e+01 7.949616e+01 3.020968e+01
    endloop
  endfacet
  facet normal 6.242175e-01 7.056876e-01 -3.351977e-01
    outer loop
      vertex   6.999937e+01 8.024616e+01 3.076184e+01
      vertex   7.055075e+01 7.949616e+01 3.020968e+01
      vertex   6.985666e+01 8.024616e+01 3.049608e+01
    endloop
  endfacet
  facet normal 6.578996e-01 7.074585e-01 -2.582066e-01
    outer loop
      vertex   6.985666e+01 8.024616e+01 3.049608e+01
      vertex   7.055075e+01 7.949616e+01 3.020968e+01
      vertex   7.045792e+01 7.949616e+01 2.997316e+01
    endloop
  endfacet
  facet normal 6.595491e-01 7.069012e-01 -2.555107e-01
    outer loop
      vertex   6.985666e+01 8.024616e+01 3.049608e+01
      vertex   7.045792e+01 7.949616e+01 2.997316e+01
      vertex   6.974769e+01 8.024616e+01 3.021480e+01
    endloop
  endfacet
  facet normal 6.867921e-01 7.060306e-01 -1.727351e-01
    outer loop
      vertex   6.974769e+01 8.024616e+01 3.021480e+01
      vertex   7.045792e+01 7.949616e+01 2.997316e+01
      vertex   6.967411e+01 8.024616e+01 2.992226e+01
    endloop
  endfacet
  facet normal 6.880775e-01 7.084384e-01 -1.570492e-01
    outer loop
      vertex   6.967411e+01 8.024616e+01 2.992226e+01
      vertex   7.045792e+01 7.949616e+01 2.997316e+01
      vertex   7.040138e+01 7.949616e+01 2.972545e+01
    endloop
  endfacet
  facet normal 7.036466e-01 7.051877e-01 -8.713034e-02
    outer loop
      vertex   6.967411e+01 8.024616e+01 2.992226e+01
      vertex   7.040138e+01 7.949616e+01 2.972545e+01
      vertex   6.963704e+01 8.024616e+01 2.962290e+01
    endloop
  endfacet
  facet normal 7.029986e-01 7.092373e-01 -5.268246e-02
    outer loop
      vertex   6.963704e+01 8.024616e+01 2.962290e+01
      vertex   7.040138e+01 7.949616e+01 2.972545e+01
      vertex   7.038240e+01 7.949616e+01 2.947208e+01
    endloop
  endfacet
  facet normal 7.093007e-01 7.049060e-01 0.000000e+00
    outer loop
      vertex   6.963704e+01 8.024616e+01 2.962290e+01
      vertex   7.038240e+01 7.949616e+01 2.947208e+01
      vertex   6.963704e+01 8.024616e+01 2.932125e+01
    endloop
  endfacet
  facet normal 7.029986e-01 7.092373e-01 5.268246e-02
    outer loop
      vertex   6.963704e+01 8.024616e+01 2.932125e+01
      vertex   7.038240e+01 7.949616e+01 2.947208e+01
      vertex   7.040138e+01 7.949616e+01 2.921871e+01
    endloop
  endfacet
  facet normal 7.036466e-01 7.051877e-01 8.713034e-02
    outer loop
      vertex   6.963704e+01 8.024616e+01 2.932125e+01
      vertex   7.040138e+01 7.949616e+01 2.921871e+01
      vertex   6.967411e+01 8.024616e+01 2.902189e+01
    endloop
  endfacet
  facet normal 6.880775e-01 7.084384e-01 1.570492e-01
    outer loop
      vertex   6.967411e+01 8.024616e+01 2.902189e+01
      vertex   7.040138e+01 7.949616e+01 2.921871e+01
      vertex   7.045792e+01 7.949616e+01 2.897099e+01
    endloop
  endfacet
  facet normal 6.867921e-01 7.060306e-01 1.727351e-01
    outer loop
      vertex   6.967411e+01 8.024616e+01 2.902189e+01
      vertex   7.045792e+01 7.949616e+01 2.897099e+01
      vertex   6.974769e+01 8.024616e+01 2.872935e+01
    endloop
  endfacet
  facet normal 6.595491e-01 7.069012e-01 2.555107e-01
    outer loop
      vertex   6.974769e+01 8.024616e+01 2.872935e+01
      vertex   7.045792e+01 7.949616e+01 2.897099e+01
      vertex   6.985666e+01 8.024616e+01 2.844807e+01
    endloop
  endfacet
  facet normal 6.578996e-01 7.074585e-01 2.582066e-01
    outer loop
      vertex   6.985666e+01 8.024616e+01 2.844807e+01
      vertex   7.045792e+01 7.949616e+01 2.897099e+01
      vertex   7.055075e+01 7.949616e+01 2.873447e+01
    endloop
  endfacet
  facet normal 6.242175e-01 7.056876e-01 3.351977e-01
    outer loop
      vertex   6.985666e+01 8.024616e+01 2.844807e+01
      vertex   7.055075e+01 7.949616e+01 2.873447e+01
      vertex   6.999937e+01 8.024616e+01 2.818232e+01
    endloop
  endfacet
  facet normal 6.109079e-01 7.087938e-01 3.527079e-01
    outer loop
      vertex   6.999937e+01 8.024616e+01 2.818232e+01
      vertex   7.055075e+01 7.949616e+01 2.873447e+01
      vertex   7.067779e+01 7.949616e+01 2.851443e+01
    endloop
  endfacet
  facet normal 5.788274e-01 7.050313e-01 4.097435e-01
    outer loop
      vertex   6.999937e+01 8.024616e+01 2.818232e+01
      vertex   7.067779e+01 7.949616e+01 2.851443e+01
      vertex   7.017365e+01 8.024616e+01 2.793611e+01
    endloop
  endfacet
  facet normal 5.510979e-01 7.093259e-01 4.394859e-01
    outer loop
      vertex   7.017365e+01 8.024616e+01 2.793611e+01
      vertex   7.067779e+01 7.949616e+01 2.851443e+01
      vertex   7.083621e+01 7.949616e+01 2.831578e+01
    endloop
  endfacet
  facet normal 5.241565e-01 7.049373e-01 4.778318e-01
    outer loop
      vertex   7.017365e+01 8.024616e+01 2.793611e+01
      vertex   7.083621e+01 7.949616e+01 2.831578e+01
      vertex   7.037687e+01 8.024616e+01 2.771319e+01
    endloop
  endfacet
  facet normal 4.796225e-01 7.090600e-01 5.169102e-01
    outer loop
      vertex   7.037687e+01 8.024616e+01 2.771319e+01
      vertex   7.083621e+01 7.949616e+01 2.831578e+01
      vertex   7.102246e+01 7.949616e+01 2.814296e+01
    endloop
  endfacet
  facet normal 4.611602e-01 7.054066e-01 5.382684e-01
    outer loop
      vertex   7.037687e+01 8.024616e+01 2.771319e+01
      vertex   7.102246e+01 7.949616e+01 2.814296e+01
      vertex   7.060594e+01 8.024616e+01 2.751694e+01
    endloop
  endfacet
  facet normal 3.978273e-01 7.079935e-01 5.835055e-01
    outer loop
      vertex   7.060594e+01 8.024616e+01 2.751694e+01
      vertex   7.102246e+01 7.949616e+01 2.814296e+01
      vertex   7.123240e+01 7.949616e+01 2.799983e+01
    endloop
  endfacet
  facet normal 3.909516e-01 7.064353e-01 5.900052e-01
    outer loop
      vertex   7.060594e+01 8.024616e+01 2.751694e+01
      vertex   7.123240e+01 7.949616e+01 2.799983e+01
      vertex   7.085740e+01 8.024616e+01 2.735032e+01
    endloop
  endfacet
  facet normal 3.154837e-01 7.064353e-01 6.335766e-01
    outer loop
      vertex   7.085740e+01 8.024616e+01 2.735032e+01
      vertex   7.123240e+01 7.949616e+01 2.799983e+01
      vertex   7.112742e+01 8.024616e+01 2.721586e+01
    endloop
  endfacet
  facet normal 3.064169e-01 7.079935e-01 6.362813e-01
    outer loop
      vertex   7.112742e+01 8.024616e+01 2.721586e+01
      vertex   7.123240e+01 7.949616e+01 2.799983e+01
      vertex   7.146132e+01 7.949616e+01 2.788959e+01
    endloop
  endfacet
  facet normal 2.355741e-01 7.054066e-01 6.685106e-01
    outer loop
      vertex   7.112742e+01 8.024616e+01 2.721586e+01
      vertex   7.146132e+01 7.949616e+01 2.788959e+01
      vertex   7.141192e+01 8.024616e+01 2.711560e+01
    endloop
  endfacet
  facet normal 2.078461e-01 7.090600e-01 6.738204e-01
    outer loop
      vertex   7.141192e+01 8.024616e+01 2.711560e+01
      vertex   7.146132e+01 7.949616e+01 2.788959e+01
      vertex   7.170411e+01 7.949616e+01 2.781470e+01
    endloop
  endfacet
  facet normal 1.517362e-01 7.049373e-01 6.928488e-01
    outer loop
      vertex   7.141192e+01 8.024616e+01 2.711560e+01
      vertex   7.170411e+01 7.949616e+01 2.781470e+01
      vertex   7.170659e+01 8.024616e+01 2.705107e+01
    endloop
  endfacet
  facet normal 1.050570e-01 7.093259e-01 6.970077e-01
    outer loop
      vertex   7.170659e+01 8.024616e+01 2.705107e+01
      vertex   7.170411e+01 7.949616e+01 2.781470e+01
      vertex   7.195536e+01 7.949616e+01 2.777683e+01
    endloop
  endfacet
  facet normal 6.543453e-02 7.050313e-01 7.061510e-01
    outer loop
      vertex   7.170659e+01 8.024616e+01 2.705107e+01
      vertex   7.195536e+01 7.949616e+01 2.777683e+01
      vertex   7.200695e+01 8.024616e+01 2.702324e+01
    endloop
  endfacet
  facet normal 0.000000e+00 7.087938e-01 7.054157e-01
    outer loop
      vertex   7.200695e+01 8.024616e+01 2.702324e+01
      vertex   7.195536e+01 7.949616e+01 2.777683e+01
      vertex   7.220944e+01 7.949616e+01 2.777683e+01
    endloop
  endfacet
  facet normal -2.181901e-02 7.056876e-01 7.081871e-01
    outer loop
      vertex   7.200695e+01 8.024616e+01 2.702324e+01
      vertex   7.220944e+01 7.949616e+01 2.777683e+01
      vertex   7.230845e+01 8.024616e+01 2.703253e+01
    endloop
  endfacet
  facet normal -1.053364e-01 7.074585e-01 6.988610e-01
    outer loop
      vertex   7.230845e+01 8.024616e+01 2.703253e+01
      vertex   7.220944e+01 7.949616e+01 2.777683e+01
      vertex   7.246068e+01 7.949616e+01 2.781470e+01
    endloop
  endfacet
  facet normal -1.084958e-01 7.069012e-01 6.989416e-01
    outer loop
      vertex   7.230845e+01 8.024616e+01 2.703253e+01
      vertex   7.246068e+01 7.949616e+01 2.781470e+01
      vertex   7.260653e+01 8.024616e+01 2.707880e+01
    endloop
  endfacet
  facet normal -1.938030e-01 7.060306e-01 6.811470e-01
    outer loop
      vertex   7.260653e+01 8.024616e+01 2.707880e+01
      vertex   7.246068e+01 7.949616e+01 2.781470e+01
      vertex   7.289667e+01 8.024616e+01 2.716135e+01
    endloop
  endfacet
  facet normal -2.080301e-01 7.084384e-01 6.744171e-01
    outer loop
      vertex   7.289667e+01 8.024616e+01 2.716135e+01
      vertex   7.246068e+01 7.949616e+01 2.781470e+01
      vertex   7.270348e+01 7.949616e+01 2.788959e+01
    endloop
  endfacet
  facet normal -2.763662e-01 7.051877e-01 6.529410e-01
    outer loop
      vertex   7.289667e+01 8.024616e+01 2.716135e+01
      vertex   7.270348e+01 7.949616e+01 2.788959e+01
      vertex   7.317446e+01 8.024616e+01 2.727893e+01
    endloop
  endfacet
  facet normal -3.058749e-01 7.092373e-01 6.351558e-01
    outer loop
      vertex   7.317446e+01 8.024616e+01 2.727893e+01
      vertex   7.270348e+01 7.949616e+01 2.788959e+01
      vertex   7.293240e+01 7.949616e+01 2.799983e+01
    endloop
  endfacet
  facet normal -3.546504e-01 7.049060e-01 6.142724e-01
    outer loop
      vertex   7.317446e+01 8.024616e+01 2.727893e+01
      vertex   7.293240e+01 7.949616e+01 2.799983e+01
      vertex   7.343569e+01 8.024616e+01 2.742975e+01
    endloop
  endfacet
  facet normal -3.971236e-01 7.092373e-01 5.824734e-01
    outer loop
      vertex   7.343569e+01 8.024616e+01 2.742975e+01
      vertex   7.293240e+01 7.949616e+01 2.799983e+01
      vertex   7.314233e+01 7.949616e+01 2.814296e+01
    endloop
  endfacet
  facet normal -4.272804e-01 7.051877e-01 5.658107e-01
    outer loop
      vertex   7.343569e+01 8.024616e+01 2.742975e+01
      vertex   7.314233e+01 7.949616e+01 2.814296e+01
      vertex   7.367641e+01 8.024616e+01 2.761154e+01
    endloop
  endfacet
  facet normal -4.800473e-01 7.084384e-01 5.173680e-01
    outer loop
      vertex   7.367641e+01 8.024616e+01 2.761154e+01
      vertex   7.314233e+01 7.949616e+01 2.814296e+01
      vertex   7.332859e+01 7.949616e+01 2.831578e+01
    endloop
  endfacet
  facet normal -4.929891e-01 7.060306e-01 5.084118e-01
    outer loop
      vertex   7.367641e+01 8.024616e+01 2.761154e+01
      vertex   7.332859e+01 7.949616e+01 2.831578e+01
      vertex   7.389297e+01 8.024616e+01 2.782152e+01
    endloop
  endfacet
  facet normal -5.510533e-01 7.069012e-01 4.434309e-01
    outer loop
      vertex   7.389297e+01 8.024616e+01 2.782152e+01
      vertex   7.332859e+01 7.949616e+01 2.831578e+01
      vertex   7.408208e+01 8.024616e+01 2.805653e+01
    endloop
  endfacet
  facet normal -5.525632e-01 7.074585e-01 4.406545e-01
    outer loop
      vertex   7.408208e+01 8.024616e+01 2.805653e+01
      vertex   7.332859e+01 7.949616e+01 2.831578e+01
      vertex   7.348700e+01 7.949616e+01 2.851443e+01
    endloop
  endfacet
  facet normal -6.023985e-01 7.056876e-01 3.729894e-01
    outer loop
      vertex   7.408208e+01 8.024616e+01 2.805653e+01
      vertex   7.348700e+01 7.949616e+01 2.851443e+01
      vertex   7.424088e+01 8.024616e+01 2.831300e+01
    endloop
  endfacet
  facet normal -6.109079e-01 7.087938e-01 3.527079e-01
    outer loop
      vertex   7.424088e+01 8.024616e+01 2.831300e+01
      vertex   7.348700e+01 7.949616e+01 2.851443e+01
      vertex   7.361404e+01 7.949616e+01 2.873447e+01
    endloop
  endfacet
  facet normal -6.442620e-01 7.050313e-01 2.964075e-01
    outer loop
      vertex   7.424088e+01 8.024616e+01 2.831300e+01
      vertex   7.361404e+01 7.949616e+01 2.873447e+01
      vertex   7.436695e+01 8.024616e+01 2.858704e+01
    endloop
  endfacet
  facet normal -6.561549e-01 7.093259e-01 2.575218e-01
    outer loop
      vertex   7.436695e+01 8.024616e+01 2.858704e+01
      vertex   7.361404e+01 7.949616e+01 2.873447e+01
      vertex   7.370687e+01 7.949616e+01 2.897099e+01
    endloop
  endfacet
  facet normal -6.758928e-01 7.049373e-01 2.150170e-01
    outer loop
      vertex   7.436695e+01 8.024616e+01 2.858704e+01
      vertex   7.370687e+01 7.949616e+01 2.897099e+01
      vertex   7.445840e+01 8.024616e+01 2.887449e+01
    endloop
  endfacet
  facet normal -6.874686e-01 7.090600e-01 1.569102e-01
    outer loop
      vertex   7.445840e+01 8.024616e+01 2.887449e+01
      vertex   7.370687e+01 7.949616e+01 2.897099e+01
      vertex   7.376341e+01 7.949616e+01 2.921871e+01
    endloop
  endfacet
  facet normal -6.967342e-01 7.054066e-01 1.302422e-01
    outer loop
      vertex   7.445840e+01 8.024616e+01 2.887449e+01
      vertex   7.376341e+01 7.949616e+01 2.921871e+01
      vertex   7.451383e+01 8.024616e+01 2.917100e+01
    endloop
  endfacet
  facet normal -7.042443e-01 7.079935e-01 5.277581e-02
    outer loop
      vertex   7.451383e+01 8.024616e+01 2.917100e+01
      vertex   7.376341e+01 7.949616e+01 2.921871e+01
      vertex   7.378240e+01 7.949616e+01 2.947208e+01
    endloop
  endfacet
  facet normal -9.972038e-01 0.000000e+00 -7.473009e-02
    outer loop
      vertex   7.376341e+01 7.499616e+01 2.972545e+01
      vertex   7.376341e+01 7.949616e+01 2.972545e+01
      vertex   7.378240e+01 7.499616e+01 2.947208e+01
    endloop
  endfacet
  facet normal -9.972038e-01 0.000000e+00 -7.473009e-02
    outer loop
      vertex   7.378240e+01 7.499616e+01 2.947208e+01
      vertex   7.376341e+01 7.949616e+01 2.972545e+01
      vertex   7.378240e+01 7.949616e+01 2.947208e+01
    endloop
  endfacet
  facet normal -9.972038e-01 0.000000e+00 7.473009e-02
    outer loop
      vertex   7.378240e+01 7.499616e+01 2.947208e+01
      vertex   7.378240e+01 7.949616e+01 2.947208e+01
      vertex   7.376341e+01 7.499616e+01 2.921871e+01
    endloop
  endfacet
  facet normal -9.972038e-01 0.000000e+00 7.473009e-02
    outer loop
      vertex   7.376341e+01 7.499616e+01 2.921871e+01
      vertex   7.378240e+01 7.949616e+01 2.947208e+01
      vertex   7.376341e+01 7.949616e+01 2.921871e+01
    endloop
  endfacet
  facet normal -9.749279e-01 0.000000e+00 2.225209e-01
    outer loop
      vertex   7.376341e+01 7.499616e+01 2.921871e+01
      vertex   7.376341e+01 7.949616e+01 2.921871e+01
      vertex   7.370687e+01 7.499616e+01 2.897099e+01
    endloop
  endfacet
  facet normal -9.749279e-01 0.000000e+00 2.225209e-01
    outer loop
      vertex   7.370687e+01 7.499616e+01 2.897099e+01
      vertex   7.376341e+01 7.949616e+01 2.921871e+01
      vertex   7.370687e+01 7.949616e+01 2.897099e+01
    endloop
  endfacet
  facet normal -9.308737e-01 0.000000e+00 3.653410e-01
    outer loop
      vertex   7.370687e+01 7.499616e+01 2.897099e+01
      vertex   7.370687e+01 7.949616e+01 2.897099e+01
      vertex   7.361404e+01 7.499616e+01 2.873447e+01
    endloop
  endfacet
  facet normal -9.308737e-01 0.000000e+00 3.653410e-01
    outer loop
      vertex   7.361404e+01 7.499616e+01 2.873447e+01
      vertex   7.370687e+01 7.949616e+01 2.897099e+01
      vertex   7.361404e+01 7.949616e+01 2.873447e+01
    endloop
  endfacet
  facet normal -8.660254e-01 0.000000e+00 5.000000e-01
    outer loop
      vertex   7.361404e+01 7.499616e+01 2.873447e+01
      vertex   7.361404e+01 7.949616e+01 2.873447e+01
      vertex   7.348700e+01 7.499616e+01 2.851443e+01
    endloop
  endfacet
  facet normal -8.660254e-01 0.000000e+00 5.000000e-01
    outer loop
      vertex   7.348700e+01 7.499616e+01 2.851443e+01
      vertex   7.361404e+01 7.949616e+01 2.873447e+01
      vertex   7.348700e+01 7.949616e+01 2.851443e+01
    endloop
  endfacet
  facet normal -7.818315e-01 0.000000e+00 6.234898e-01
    outer loop
      vertex   7.348700e+01 7.499616e+01 2.851443e+01
      vertex   7.348700e+01 7.949616e+01 2.851443e+01
      vertex   7.332859e+01 7.499616e+01 2.831578e+01
    endloop
  endfacet
  facet normal -7.818315e-01 0.000000e+00 6.234898e-01
    outer loop
      vertex   7.332859e+01 7.499616e+01 2.831578e+01
      vertex   7.348700e+01 7.949616e+01 2.851443e+01
      vertex   7.332859e+01 7.949616e+01 2.831578e+01
    endloop
  endfacet
  facet normal -6.801727e-01 0.000000e+00 7.330519e-01
    outer loop
      vertex   7.332859e+01 7.499616e+01 2.831578e+01
      vertex   7.332859e+01 7.949616e+01 2.831578e+01
      vertex   7.314233e+01 7.499616e+01 2.814296e+01
    endloop
  endfacet
  facet normal -6.801727e-01 0.000000e+00 7.330519e-01
    outer loop
      vertex   7.314233e+01 7.499616e+01 2.814296e+01
      vertex   7.332859e+01 7.949616e+01 2.831578e+01
      vertex   7.314233e+01 7.949616e+01 2.814296e+01
    endloop
  endfacet
  facet normal -5.633201e-01 0.000000e+00 8.262388e-01
    outer loop
      vertex   7.314233e+01 7.499616e+01 2.814296e+01
      vertex   7.314233e+01 7.949616e+01 2.814296e+01
      vertex   7.293240e+01 7.499616e+01 2.799983e+01
    endloop
  endfacet
  facet normal -5.633201e-01 -1.304618e-15 8.262388e-01
    outer loop
      vertex   7.293240e+01 7.499616e+01 2.799983e+01
      vertex   7.314233e+01 7.949616e+01 2.814296e+01
      vertex   7.293240e+01 7.949616e+01 2.799983e+01
    endloop
  endfacet
  facet normal -4.338837e-01 -1.422615e-15 9.009689e-01
    outer loop
      vertex   7.293240e+01 7.499616e+01 2.799983e+01
      vertex   7.293240e+01 7.949616e+01 2.799983e+01
      vertex   7.270348e+01 7.499616e+01 2.788959e+01
    endloop
  endfacet
  facet normal -4.338837e-01 0.000000e+00 9.009689e-01
    outer loop
      vertex   7.270348e+01 7.499616e+01 2.788959e+01
      vertex   7.293240e+01 7.949616e+01 2.799983e+01
      vertex   7.270348e+01 7.949616e+01 2.788959e+01
    endloop
  endfacet
  facet normal -2.947552e-01 0.000000e+00 9.555728e-01
    outer loop
      vertex   7.270348e+01 7.499616e+01 2.788959e+01
      vertex   7.270348e+01 7.949616e+01 2.788959e+01
      vertex   7.246068e+01 7.499616e+01 2.781470e+01
    endloop
  endfacet
  facet normal -2.947552e-01 0.000000e+00 9.555728e-01
    outer loop
      vertex   7.246068e+01 7.499616e+01 2.781470e+01
      vertex   7.270348e+01 7.949616e+01 2.788959e+01
      vertex   7.246068e+01 7.949616e+01 2.781470e+01
    endloop
  endfacet
  facet normal -1.490423e-01 0.000000e+00 9.888308e-01
    outer loop
      vertex   7.246068e+01 7.499616e+01 2.781470e+01
      vertex   7.246068e+01 7.949616e+01 2.781470e+01
      vertex   7.220944e+01 7.499616e+01 2.777683e+01
    endloop
  endfacet
  facet normal -1.490423e-01 0.000000e+00 9.888308e-01
    outer loop
      vertex   7.220944e+01 7.499616e+01 2.777683e+01
      vertex   7.246068e+01 7.949616e+01 2.781470e+01
      vertex   7.220944e+01 7.949616e+01 2.777683e+01
    endloop
  endfacet
  facet normal 0.000000e+00 -0.000000e+00 1.000000e+00
    outer loop
      vertex   7.220944e+01 7.499616e+01 2.777683e+01
      vertex   7.220944e+01 7.949616e+01 2.777683e+01
      vertex   7.195536e+01 7.499616e+01 2.777683e+01
    endloop
  endfacet
  facet normal 0.000000e+00 0.000000e+00 1.000000e+00
    outer loop
      vertex   7.195536e+01 7.499616e+01 2.777683e+01
      vertex   7.220944e+01 7.949616e+01 2.777683e+01
      vertex   7.195536e+01 7.949616e+01 2.777683e+01
    endloop
  endfacet
  facet normal 1.490423e-01 -0.000000e+00 9.888308e-01
    outer loop
      vertex   7.195536e+01 7.499616e+01 2.777683e+01
      vertex   7.195536e+01 7.949616e+01 2.777683e+01
      vertex   7.170411e+01 7.499616e+01 2.781470e+01
    endloop
  endfacet
  facet normal 1.490423e-01 -0.000000e+00 9.888308e-01
    outer loop
      vertex   7.170411e+01 7.499616e+01 2.781470e+01
      vertex   7.195536e+01 7.949616e+01 2.777683e+01
      vertex   7.170411e+01 7.949616e+01 2.781470e+01
    endloop
  endfacet
  facet normal 2.947552e-01 -0.000000e+00 9.555728e-01
    outer loop
      vertex   7.170411e+01 7.499616e+01 2.781470e+01
      vertex   7.170411e+01 7.949616e+01 2.781470e+01
      vertex   7.146132e+01 7.499616e+01 2.788959e+01
    endloop
  endfacet
  facet normal 2.947552e-01 -0.000000e+00 9.555728e-01
    outer loop
      vertex   7.146132e+01 7.499616e+01 2.788959e+01
      vertex   7.170411e+01 7.949616e+01 2.781470e+01
      vertex   7.146132e+01 7.949616e+01 2.788959e+01
    endloop
  endfacet
  facet normal 4.338837e-01 -0.000000e+00 9.009689e-01
    outer loop
      vertex   7.146132e+01 7.499616e+01 2.788959e+01
      vertex   7.146132e+01 7.949616e+01 2.788959e+01
      vertex   7.123240e+01 7.499616e+01 2.799983e+01
    endloop
  endfacet
  facet normal 4.338837e-01 1.422615e-15 9.009689e-01
    outer loop
      vertex   7.123240e+01 7.499616e+01 2.799983e+01
      vertex   7.146132e+01 7.949616e+01 2.788959e+01
      vertex   7.123240e+01 7.949616e+01 2.799983e+01
    endloop
  endfacet
  facet normal 5.633201e-01 1.304618e-15 8.262388e-01
    outer loop
      vertex   7.123240e+01 7.499616e+01 2.799983e+01
      vertex   7.123240e+01 7.949616e+01 2.799983e+01
      vertex   7.102246e+01 7.499616e+01 2.814296e+01
    endloop
  endfacet
  facet normal 5.633201e-01 -0.000000e+00 8.262388e-01
    outer loop
      vertex   7.102246e+01 7.499616e+01 2.814296e+01
      vertex   7.123240e+01 7.949616e+01 2.799983e+01
      vertex   7.102246e+01 7.949616e+01 2.814296e+01
    endloop
  endfacet
  facet normal 6.801727e-01 -0.000000e+00 7.330519e-01
    outer loop
      vertex   7.102246e+01 7.499616e+01 2.814296e+01
      vertex   7.102246e+01 7.949616e+01 2.814296e+01
      vertex   7.083621e+01 7.499616e+01 2.831578e+01
    endloop
  endfacet
  facet normal 6.801727e-01 -0.000000e+00 7.330519e-01
    outer loop
      vertex   7.083621e+01 7.499616e+01 2.831578e+01
      vertex   7.102246e+01 7.949616e+01 2.814296e+01
      vertex   7.083621e+01 7.949616e+01 2.831578e+01
    endloop
  endfacet
  facet normal 7.818315e-01 -0.000000e+00 6.234898e-01
    outer loop
      vertex   7.083621e+01 7.499616e+01 2.831578e+01
      vertex   7.083621e+01 7.949616e+01 2.831578e+01
      vertex   7.067779e+01 7.499616e+01 2.851443e+01
    endloop
  endfacet
  facet normal 7.818315e-01 -0.000000e+00 6.234898e-01
    outer loop
      vertex   7.067779e+01 7.499616e+01 2.851443e+01
      vertex   7.083621e+01 7.949616e+01 2.831578e+01
      vertex   7.067779e+01 7.949616e+01 2.851443e+01
    endloop
  endfacet
  facet normal 8.660254e-01 -0.000000e+00 5.000000e-01
    outer loop
      vertex   7.067779e+01 7.499616e+01 2.851443e+01
      vertex   7.067779e+01 7.949616e+01 2.851443e+01
      vertex   7.055075e+01 7.499616e+01 2.873447e+01
    endloop
  endfacet
  facet normal 8.660254e-01 -0.000000e+00 5.000000e-01
    outer loop
      vertex   7.055075e+01 7.499616e+01 2.873447e+01
      vertex   7.067779e+01 7.949616e+01 2.851443e+01
      vertex   7.055075e+01 7.949616e+01 2.873447e+01
    endloop
  endfacet
  facet normal 9.308737e-01 -0.000000e+00 3.653410e-01
    outer loop
      vertex   7.055075e+01 7.499616e+01 2.873447e+01
      vertex   7.055075e+01 7.949616e+01 2.873447e+01
      vertex   7.045792e+01 7.499616e+01 2.897099e+01
    endloop
  endfacet
  facet normal 9.308737e-01 -0.000000e+00 3.653410e-01
    outer loop
      vertex   7.045792e+01 7.499616e+01 2.897099e+01
      vertex   7.055075e+01 7.949616e+01 2.873447e+01
      vertex   7.045792e+01 7.949616e+01 2.897099e+01
    endloop
  endfacet
  facet normal 9.749279e-01 -0.000000e+00 2.225209e-01
    outer loop
      vertex   7.045792e+01 7.499616e+01 2.897099e+01
      vertex   7.045792e+01 7.949616e+01 2.897099e+01
      vertex   7.040138e+01 7.499616e+01 2.921871e+01
    endloop
  endfacet
  facet normal 9.749279e-01 -0.000000e+00 2.225209e-01
    outer loop
      vertex   7.040138e+01 7.499616e+01 2.921871e+01
      vertex   7.045792e+01 7.949616e+01 2.897099e+01
      vertex   7.040138e+01 7.949616e+01 2.921871e+01
    endloop
  endfacet
  facet normal 9.972038e-01 -0.000000e+00 7.473009e-02
    outer loop
      vertex   7.040138e+01 7.499616e+01 2.921871e+01
      vertex   7.040138e+01 7.949616e+01 2.921871e+01
      vertex   7.038240e+01 7.499616e+01 2.947208e+01
    endloop
  endfacet
  facet normal 9.972038e-01 -0.000000e+00 7.473009e-02
    outer loop
      vertex   7.038240e+01 7.499616e+01 2.947208e+01
      vertex   7.040138e+01 7.949616e+01 2.921871e+01
      vertex   7.038240e+01 7.949616e+01 2.947208e+01
    endloop
  endfacet
  facet normal 9.972038e-01 0.000000e+00 -7.473009e-02
    outer loop
      vertex   7.038240e+01 7.499616e+01 2.947208e+01
      vertex   7.038240e+01 7.949616e+01 2.947208e+01
      vertex   7.040138e+01 7.499616e+01 2.972545e+01
    endloop
  endfacet
  facet normal 9.972038e-01 0.000000e+00 -7.473009e-02
    outer loop
      vertex   7.040138e+01 7.499616e+01 2.972545e+01
      vertex   7.038240e+01 7.949616e+01 2.947208e+01
      vertex   7.040138e+01 7.949616e+01 2.972545e+01
    endloop
  endfacet
  facet normal 9.749279e-01 0.000000e+00 -2.225209e-01
    outer loop
      vertex   7.040138e+01 7.499616e+01 2.972545e+01
      vertex   7.040138e+01 7.949616e+01 2.972545e+01
      vertex   7.045792e+01 7.499616e+01 2.997316e+01
    endloop
  endfacet
  facet normal 9.749279e-01 0.000000e+00 -2.225209e-01
    outer loop
      vertex   7.045792e+01 7.499616e+01 2.997316e+01
      vertex   7.040138e+01 7.949616e+01 2.972545e+01
      vertex   7.045792e+01 7.949616e+01 2.997316e+01
    endloop
  endfacet
  facet normal 9.308737e-01 0.000000e+00 -3.653410e-01
    outer loop
      vertex   7.045792e+01 7.499616e+01 2.997316e+01
      vertex   7.045792e+01 7.949616e+01 2.997316e+01
      vertex   7.055075e+01 7.499616e+01 3.020968e+01
    endloop
  endfacet
  facet normal 9.308737e-01 0.000000e+00 -3.653410e-01
    outer loop
      vertex   7.055075e+01 7.499616e+01 3.020968e+01
      vertex   7.045792e+01 7.949616e+01 2.997316e+01
      vertex   7.055075e+01 7.949616e+01 3.020968e+01
    endloop
  endfacet
  facet normal 8.660254e-01 0.000000e+00 -5.000000e-01
    outer loop
      vertex   7.055075e+01 7.499616e+01 3.020968e+01
      vertex   7.055075e+01 7.949616e+01 3.020968e+01
      vertex   7.067779e+01 7.499616e+01 3.042972e+01
    endloop
  endfacet
  facet normal 8.660254e-01 0.000000e+00 -5.000000e-01
    outer loop
      vertex   7.067779e+01 7.499616e+01 3.042972e+01
      vertex   7.055075e+01 7.949616e+01 3.020968e+01
      vertex   7.067779e+01 7.949616e+01 3.042972e+01
    endloop
  endfacet
  facet normal 7.818315e-01 0.000000e+00 -6.234898e-01
    outer loop
      vertex   7.067779e+01 7.499616e+01 3.042972e+01
      vertex   7.067779e+01 7.949616e+01 3.042972e+01
      vertex   7.083621e+01 7.499616e+01 3.062837e+01
    endloop
  endfacet
  facet normal 7.818315e-01 0.000000e+00 -6.234898e-01
    outer loop
      vertex   7.083621e+01 7.499616e+01 3.062837e+01
      vertex   7.067779e+01 7.949616e+01 3.042972e+01
      vertex   7.083621e+01 7.949616e+01 3.062837e+01
    endloop
  endfacet
  facet normal 6.801727e-01 0.000000e+00 -7.330519e-01
    outer loop
      vertex   7.083621e+01 7.499616e+01 3.062837e+01
      vertex   7.083621e+01 7.949616e+01 3.062837e+01
      vertex   7.102246e+01 7.499616e+01 3.080119e+01
    endloop
  endfacet
  facet normal 6.801727e-01 0.000000e+00 -7.330519e-01
    outer loop
      vertex   7.102246e+01 7.499616e+01 3.080119e+01
      vertex   7.083621e+01 7.949616e+01 3.062837e+01
      vertex   7.102246e+01 7.949616e+01 3.080119e+01
    endloop
  endfacet
  facet normal 5.633201e-01 0.000000e+00 -8.262388e-01
    outer loop
      vertex   7.102246e+01 7.499616e+01 3.080119e+01
      vertex   7.102246e+01 7.949616e+01 3.080119e+01
      vertex   7.123240e+01 7.499616e+01 3.094432e+01
    endloop
  endfacet
  facet normal 5.633201e-01 -6.523088e-16 -8.262388e-01
    outer loop
      vertex   7.123240e+01 7.499616e+01 3.094432e+01
      vertex   7.102246e+01 7.949616e+01 3.080119e+01
      vertex   7.123240e+01 7.949616e+01 3.094432e+01
    endloop
  endfacet
  facet normal 4.338837e-01 -7.113076e-16 -9.009689e-01
    outer loop
      vertex   7.123240e+01 7.499616e+01 3.094432e+01
      vertex   7.123240e+01 7.949616e+01 3.094432e+01
      vertex   7.146132e+01 7.499616e+01 3.105456e+01
    endloop
  endfacet
  facet normal 4.338837e-01 0.000000e+00 -9.009689e-01
    outer loop
      vertex   7.146132e+01 7.499616e+01 3.105456e+01
      vertex   7.123240e+01 7.949616e+01 3.094432e+01
      vertex   7.146132e+01 7.949616e+01 3.105456e+01
    endloop
  endfacet
  facet normal 2.947552e-01 0.000000e+00 -9.555728e-01
    outer loop
      vertex   7.146132e+01 7.499616e+01 3.105456e+01
      vertex   7.146132e+01 7.949616e+01 3.105456e+01
      vertex   7.170411e+01 7.499616e+01 3.112945e+01
    endloop
  endfacet
  facet normal 2.947552e-01 0.000000e+00 -9.555728e-01
    outer loop
      vertex   7.170411e+01 7.499616e+01 3.112945e+01
      vertex   7.146132e+01 7.949616e+01 3.105456e+01
      vertex   7.170411e+01 7.949616e+01 3.112945e+01
    endloop
  endfacet
  facet normal 1.490423e-01 0.000000e+00 -9.888308e-01
    outer loop
      vertex   7.170411e+01 7.499616e+01 3.112945e+01
      vertex   7.170411e+01 7.949616e+01 3.112945e+01
      vertex   7.195536e+01 7.499616e+01 3.116732e+01
    endloop
  endfacet
  facet normal 1.490423e-01 0.000000e+00 -9.888308e-01
    outer loop
      vertex   7.195536e+01 7.499616e+01 3.116732e+01
      vertex   7.170411e+01 7.949616e+01 3.112945e+01
      vertex   7.195536e+01 7.949616e+01 3.116732e+01
    endloop
  endfacet
  facet normal 0.000000e+00 0.000000e+00 -1.000000e+00
    outer loop
      vertex   7.195536e+01 7.499616e+01 3.116732e+01
      vertex   7.195536e+01 7.949616e+01 3.116732e+01
      vertex   7.220944e+01 7.499616e+01 3.116732e+01
    endloop
  endfacet
  facet normal 0.000000e+00 0.000000e+00 -1.000000e+00
    outer loop
      vertex   7.220944e+01 7.499616e+01 3.116732e+01
      vertex   7.195536e+01 7.949616e+01 3.116732e+01
      vertex   7.220944e+01 7.949616e+01 3.116732e+01
    endloop
  endfacet
  facet normal -1.490423e-01 0.000000e+00 -9.888308e-01
    outer loop
      vertex   7.220944e+01 7.499616e+01 3.116732e+01
      vertex   7.220944e+01 7.949616e+01 3.116732e+01
      vertex   7.246068e+01 7.499616e+01 3.112945e+01
    endloop
  endfacet
  facet normal -1.490423e-01 0.000000e+00 -9.888308e-01
    outer loop
      vertex   7.246068e+01 7.499616e+01 3.112945e+01
      vertex   7.220944e+01 7.949616e+01 3.116732e+01
      vertex   7.246068e+01 7.949616e+01 3.112945e+01
    endloop
  endfacet
  facet normal -2.947552e-01 0.000000e+00 -9.555728e-01
    outer loop
      vertex   7.246068e+01 7.499616e+01 3.112945e+01
      vertex   7.246068e+01 7.949616e+01 3.112945e+01
      vertex   7.270348e+01 7.499616e+01 3.105456e+01
    endloop
  endfacet
  facet normal -2.947552e-01 0.000000e+00 -9.555728e-01
    outer loop
      vertex   7.270348e+01 7.499616e+01 3.105456e+01
      vertex   7.246068e+01 7.949616e+01 3.112945e+01
      vertex   7.270348e+01 7.949616e+01 3.105456e+01
    endloop
  endfacet
  facet normal -4.338837e-01 0.000000e+00 -9.009689e-01
    outer loop
      vertex   7.270348e+01 7.499616e+01 3.105456e+01
      vertex   7.270348e+01 7.949616e+01 3.105456e+01
      vertex   7.293240e+01 7.499616e+01 3.094432e+01
    endloop
  endfacet
  facet normal -4.338837e-01 7.113076e-16 -9.009689e-01
    outer loop
      vertex   7.293240e+01 7.499616e+01 3.094432e+01
      vertex   7.270348e+01 7.949616e+01 3.105456e+01
      vertex   7.293240e+01 7.949616e+01 3.094432e+01
    endloop
  endfacet
  facet normal -5.633201e-01 6.523088e-16 -8.262388e-01
    outer loop
      vertex   7.293240e+01 7.499616e+01 3.094432e+01
      vertex   7.293240e+01 7.949616e+01 3.094432e+01
      vertex   7.314233e+01 7.499616e+01 3.080119e+01
    endloop
  endfacet
  facet normal -5.633201e-01 0.000000e+00 -8.262388e-01
    outer loop
      vertex   7.314233e+01 7.499616e+01 3.080119e+01
      vertex   7.293240e+01 7.949616e+01 3.094432e+01
      vertex   7.314233e+01 7.949616e+01 3.080119e+01
    endloop
  endfacet
  facet normal -6.801727e-01 0.000000e+00 -7.330519e-01
    outer loop
      vertex   7.314233e+01 7.499616e+01 3.080119e+01
      vertex   7.314233e+01 7.949616e+01 3.080119e+01
      vertex   7.332859e+01 7.499616e+01 3.062837e+01
    endloop
  endfacet
  facet normal -6.801727e-01 0.000000e+00 -7.330519e-01
    outer loop
      vertex   7.332859e+01 7.499616e+01 3.062837e+01
      vertex   7.314233e+01 7.949616e+01 3.080119e+01
      vertex   7.332859e+01 7.949616e+01 3.062837e+01
    endloop
  endfacet
  facet normal -7.818315e-01 0.000000e+00 -6.234898e-01
    outer loop
      vertex   7.332859e+01 7.499616e+01 3.062837e+01
      vertex   7.332859e+01 7.949616e+01 3.062837e+01
      vertex   7.348700e+01 7.499616e+01 3.042972e+01
    endloop
  endfacet
  facet normal -7.818315e-01 0.000000e+00 -6.234898e-01
    outer loop
      vertex   7.348700e+01 7.499616e+01 3.042972e+01
      vertex   7.332859e+01 7.949616e+01 3.062837e+01
      vertex   7.348700e+01 7.949616e+01 3.042972e+01
    endloop
  endfacet
  facet normal -8.660254e-01 0.000000e+00 -5.000000e-01
    outer loop
      vertex   7.348700e+01 7.499616e+01 3.042972e+01
      vertex   7.348700e+01 7.949616e+01 3.042972e+01
      vertex   7.361404e+01 7.499616e+01 3.020968e+01
    endloop
  endfacet
  facet normal -8.660254e-01 0.000000e+00 -5.000000e-01
    outer loop
      vertex   7.361404e+01 7.499616e+01 3.020968e+01
      vertex   7.348700e+01 7.949616e+01 3.042972e+01
      vertex   7.361404e+01 7.949616e+01 3.020968e+01
    endloop
  endfacet
  facet normal -9.308737e-01 0.000000e+00 -3.653410e-01
    outer loop
      vertex   7.361404e+01 7.499616e+01 3.020968e+01
      vertex   7.361404e+01 7.949616e+01 3.020968e+01
      vertex   7.370687e+01 7.499616e+01 2.997316e+01
    endloop
  endfacet
  facet normal -9.308737e-01 0.000000e+00 -3.653410e-01
    outer loop
      vertex   7.370687e+01 7.499616e+01 2.997316e+01
      vertex   7.361404e+01 7.949616e+01 3.020968e+01
      vertex   7.370687e+01 7.949616e+01 2.997316e+01
    endloop
  endfacet
  facet normal -9.749279e-01 0.000000e+00 -2.225209e-01
    outer loop
      vertex   7.370687e+01 7.499616e+01 2.997316e+01
      vertex   7.370687e+01 7.949616e+01 2.997316e+01
      vertex   7.376341e+01 7.499616e+01 2.972545e+01
    endloop
  endfacet
  facet normal -9.749279e-01 0.000000e+00 -2.225209e-01
    outer loop
      vertex   7.376341e+01 7.499616e+01 2.972545e+01
      vertex   7.370687e+01 7.949616e+01 2.997316e+01
      vertex   7.376341e+01 7.949616e+01 2.972545e+01
    endloop
  endfacet
  facet normal 0.000000e+00 1.000000e+00 0.000000e+00
    outer loop
      vertex   5.626953e+01 8.024616e+01 6.141768e+01
      vertex   5.628810e+01 8.024616e+01 6.171876e+01
      vertex   5.698487e+01 8.024616e+01 6.493557e+01
    endloop
  endfacet
  facet normal 0.000000e+00 1.000000e+00 0.000000e+00
    outer loop
      vertex   5.698487e+01 8.024616e+01 6.493557e+01
      vertex   5.628810e+01 8.024616e+01 6.171876e+01
      vertex   5.626953e+01 8.024616e+01 6.201983e+01
    endloop
  endfacet
  facet normal 0.000000e+00 1.000000e+00 0.000000e+00
    outer loop
      vertex   5.698487e+01 8.024616e+01 6.493557e+01
      vertex   5.626953e+01 8.024616e+01 6.201983e+01
      vertex   5.621411e+01 8.024616e+01 6.231634e+01
    endloop
  endfacet
  facet normal 0.000000e+00 1.000000e+00 0.000000e+00
    outer loop
      vertex   5.698487e+01 8.024616e+01 6.493557e+01
      vertex   5.621411e+01 8.024616e+01 6.231634e+01
      vertex   5.668187e+01 8.024616e+01 6.520630e+01
    endloop
  endfacet
  facet normal 0.000000e+00 1.000000e+00 0.000000e+00
    outer loop
      vertex   5.668187e+01 8.024616e+01 6.520630e+01
      vertex   5.621411e+01 8.024616e+01 6.231634e+01
      vertex   5.612266e+01 8.024616e+01 6.260380e+01
    endloop
  endfacet
  facet normal 0.000000e+00 1.000000e+00 0.000000e+00
    outer loop
      vertex   5.668187e+01 8.024616e+01 6.520630e+01
      vertex   5.612266e+01 8.024616e+01 6.260380e+01
      vertex   5.635569e+01 8.024616e+01 6.544860e+01
    endloop
  endfacet
  facet normal 0.000000e+00 1.000000e+00 0.000000e+00
    outer loop
      vertex   5.635569e+01 8.024616e+01 6.544860e+01
      vertex   5.612266e+01 8.024616e+01 6.260380e+01
      vertex   5.599658e+01 8.024616e+01 6.287784e+01
    endloop
  endfacet
  facet normal 0.000000e+00 1.000000e+00 0.000000e+00
    outer loop
      vertex   5.635569e+01 8.024616e+01 6.544860e+01
      vertex   5.599658e+01 8.024616e+01 6.287784e+01
      vertex   5.583779e+01 8.024616e+01 6.313430e+01
    endloop
  endfacet
  facet normal 0.000000e+00 1.000000e+00 0.000000e+00
    outer loop
      vertex   5.635569e+01 8.024616e+01 6.544860e+01
      vertex   5.583779e+01 8.024616e+01 6.313430e+01
      vertex   5.600898e+01 8.024616e+01 6.566049e+01
    endloop
  endfacet
  facet normal 0.000000e+00 1.000000e+00 0.000000e+00
    outer loop
      vertex   5.600898e+01 8.024616e+01 6.566049e+01
      vertex   5.583779e+01 8.024616e+01 6.313430e+01
      vertex   5.564868e+01 8.024616e+01 6.336931e+01
    endloop
  endfacet
  facet normal 0.000000e+00 1.000000e+00 0.000000e+00
    outer loop
      vertex   5.600898e+01 8.024616e+01 6.566049e+01
      vertex   5.564868e+01 8.024616e+01 6.336931e+01
      vertex   5.564457e+01 8.024616e+01 6.584025e+01
    endloop
  endfacet
  facet normal 0.000000e+00 1.000000e+00 0.000000e+00
    outer loop
      vertex   5.564457e+01 8.024616e+01 6.584025e+01
      vertex   5.564868e+01 8.024616e+01 6.336931e+01
      vertex   5.543212e+01 8.024616e+01 6.357930e+01
    endloop
  endfacet
  facet normal 0.000000e+00 1.000000e+00 0.000000e+00
    outer loop
      vertex   5.564457e+01 8.024616e+01 6.584025e+01
      vertex   5.543212e+01 8.024616e+01 6.357930e+01
      vertex   5.526543e+01 8.024616e+01 6.598639e+01
    endloop
  endfacet
  facet normal 0.000000e+00 1.000000e+00 0.000000e+00
    outer loop
      vertex   5.526543e+01 8.024616e+01 6.598639e+01
      vertex   5.543212e+01 8.024616e+01 6.357930e+01
      vertex   5.519140e+01 8.024616e+01 6.376108e+01
    endloop
  endfacet
  facet normal 0.000000e+00 1.000000e+00 0.000000e+00
    outer loop
      vertex   5.526543e+01 8.024616e+01 6.598639e+01
      vertex   5.519140e+01 8.024616e+01 6.376108e+01
      vertex   5.493016e+01 8.024616e+01 6.391191e+01
    endloop
  endfacet
  facet normal 0.000000e+00 1.000000e+00 0.000000e+00
    outer loop
      vertex   5.526543e+01 8.024616e+01 6.598639e+01
      vertex   5.493016e+01 8.024616e+01 6.391191e+01
      vertex   5.487466e+01 8.024616e+01 6.609775e+01
    endloop
  endfacet
  facet normal 0.000000e+00 1.000000e+00 0.000000e+00
    outer loop
      vertex   5.487466e+01 8.024616e+01 6.609775e+01
      vertex   5.493016e+01 8.024616e+01 6.391191e+01
      vertex   5.465237e+01 8.024616e+01 6.402948e+01
    endloop
  endfacet
  facet normal 0.000000e+00 1.000000e+00 0.000000e+00
    outer loop
      vertex   5.487466e+01 8.024616e+01 6.609775e+01
      vertex   5.465237e+01 8.024616e+01 6.402948e+01
      vertex   5.447543e+01 8.024616e+01 6.617340e+01
    endloop
  endfacet
  facet normal 0.000000e+00 1.000000e+00 0.000000e+00
    outer loop
      vertex   5.447543e+01 8.024616e+01 6.617340e+01
      vertex   5.465237e+01 8.024616e+01 6.402948e+01
      vertex   5.436224e+01 8.024616e+01 6.411203e+01
    endloop
  endfacet
  facet normal 0.000000e+00 1.000000e+00 0.000000e+00
    outer loop
      vertex   5.447543e+01 8.024616e+01 6.617340e+01
      vertex   5.436224e+01 8.024616e+01 6.411203e+01
      vertex   5.407100e+01 8.024616e+01 6.621272e+01
    endloop
  endfacet
  facet normal 0.000000e+00 1.000000e+00 0.000000e+00
    outer loop
      vertex   5.407100e+01 8.024616e+01 6.621272e+01
      vertex   5.436224e+01 8.024616e+01 6.411203e+01
      vertex   5.406416e+01 8.024616e+01 6.415830e+01
    endloop
  endfacet
  facet normal 0.000000e+00 1.000000e+00 0.000000e+00
    outer loop
      vertex   5.407100e+01 8.024616e+01 6.621272e+01
      vertex   5.406416e+01 8.024616e+01 6.415830e+01
      vertex   5.376266e+01 8.024616e+01 6.416759e+01
    endloop
  endfacet
  facet normal 0.000000e+00 1.000000e+00 0.000000e+00
    outer loop
      vertex   5.407100e+01 8.024616e+01 6.621272e+01
      vertex   5.376266e+01 8.024616e+01 6.416759e+01
      vertex   5.366468e+01 8.024616e+01 6.621541e+01
    endloop
  endfacet
  facet normal 0.000000e+00 1.000000e+00 0.000000e+00
    outer loop
      vertex   5.366468e+01 8.024616e+01 6.621541e+01
      vertex   5.376266e+01 8.024616e+01 6.416759e+01
      vertex   5.346229e+01 8.024616e+01 6.413976e+01
    endloop
  endfacet
  facet normal 0.000000e+00 1.000000e+00 0.000000e+00
    outer loop
      vertex   5.366468e+01 8.024616e+01 6.621541e+01
      vertex   5.346229e+01 8.024616e+01 6.413976e+01
      vertex   5.325977e+01 8.024616e+01 6.618144e+01
    endloop
  endfacet
  facet normal 0.000000e+00 1.000000e+00 0.000000e+00
    outer loop
      vertex   5.325977e+01 8.024616e+01 6.618144e+01
      vertex   5.346229e+01 8.024616e+01 6.413976e+01
      vertex   5.316763e+01 8.024616e+01 6.407523e+01
    endloop
  endfacet
  facet normal 0.000000e+00 1.000000e+00 0.000000e+00
    outer loop
      vertex   5.325977e+01 8.024616e+01 6.618144e+01
      vertex   5.316763e+01 8.024616e+01 6.407523e+01
      vertex   5.285958e+01 8.024616e+01 6.611108e+01
    endloop
  endfacet
  facet normal 0.000000e+00 1.000000e+00 0.000000e+00
    outer loop
      vertex   5.285958e+01 8.024616e+01 6.611108e+01
      vertex   5.316763e+01 8.024616e+01 6.407523e+01
      vertex   5.288313e+01 8.024616e+01 6.397497e+01
    endloop
  endfacet
  facet normal 0.000000e+00 1.000000e+00 0.000000e+00
    outer loop
      vertex   5.285958e+01 8.024616e+01 6.611108e+01
      vertex   5.288313e+01 8.024616e+01 6.397497e+01
      vertex   5.261310e+01 8.024616e+01 6.384052e+01
    endloop
  endfacet
  facet normal 0.000000e+00 1.000000e+00 0.000000e+00
    outer loop
      vertex   5.285958e+01 8.024616e+01 6.611108e+01
      vertex   5.261310e+01 8.024616e+01 6.384052e+01
      vertex   5.246736e+01 8.024616e+01 6.600490e+01
    endloop
  endfacet
  facet normal 0.000000e+00 1.000000e+00 0.000000e+00
    outer loop
      vertex   5.246736e+01 8.024616e+01 6.600490e+01
      vertex   5.261310e+01 8.024616e+01 6.384052e+01
      vertex   5.236165e+01 8.024616e+01 6.367390e+01
    endloop
  endfacet
  facet normal 0.000000e+00 1.000000e+00 0.000000e+00
    outer loop
      vertex   5.246736e+01 8.024616e+01 6.600490e+01
      vertex   5.236165e+01 8.024616e+01 6.367390e+01
      vertex   5.208633e+01 8.024616e+01 6.586379e+01
    endloop
  endfacet
  facet normal 0.000000e+00 1.000000e+00 0.000000e+00
    outer loop
      vertex   5.208633e+01 8.024616e+01 6.586379e+01
      vertex   5.236165e+01 8.024616e+01 6.367390e+01
      vertex   5.213258e+01 8.024616e+01 6.347764e+01
    endloop
  endfacet
  facet normal 0.000000e+00 1.000000e+00 0.000000e+00
    outer loop
      vertex   5.208633e+01 8.024616e+01 6.586379e+01
      vertex   5.213258e+01 8.024616e+01 6.347764e+01
      vertex   5.171957e+01 8.024616e+01 6.568887e+01
    endloop
  endfacet
  facet normal 0.000000e+00 1.000000e+00 0.000000e+00
    outer loop
      vertex   5.171957e+01 8.024616e+01 6.568887e+01
      vertex   5.213258e+01 8.024616e+01 6.347764e+01
      vertex   5.192936e+01 8.024616e+01 6.325472e+01
    endloop
  endfacet
  facet normal 0.000000e+00 1.000000e+00 0.000000e+00
    outer loop
      vertex   5.171957e+01 8.024616e+01 6.568887e+01
      vertex   5.192936e+01 8.024616e+01 6.325472e+01
      vertex   5.175507e+01 8.024616e+01 6.300851e+01
    endloop
  endfacet
  facet normal 0.000000e+00 1.000000e+00 0.000000e+00
    outer loop
      vertex   5.171957e+01 8.024616e+01 6.568887e+01
      vertex   5.175507e+01 8.024616e+01 6.300851e+01
      vertex   5.137009e+01 8.024616e+01 6.548159e+01
    endloop
  endfacet
  facet normal 0.000000e+00 1.000000e+00 0.000000e+00
    outer loop
      vertex   5.137009e+01 8.024616e+01 6.548159e+01
      vertex   5.175507e+01 8.024616e+01 6.300851e+01
      vertex   5.161236e+01 8.024616e+01 6.274276e+01
    endloop
  endfacet
  facet normal 0.000000e+00 1.000000e+00 0.000000e+00
    outer loop
      vertex   5.137009e+01 8.024616e+01 6.548159e+01
      vertex   5.161236e+01 8.024616e+01 6.274276e+01
      vertex   5.104073e+01 8.024616e+01 6.524362e+01
    endloop
  endfacet
  facet normal 0.000000e+00 1.000000e+00 0.000000e+00
    outer loop
      vertex   5.104073e+01 8.024616e+01 6.524362e+01
      vertex   5.161236e+01 8.024616e+01 6.274276e+01
      vertex   5.150340e+01 8.024616e+01 6.246148e+01
    endloop
  endfacet
  facet normal 0.000000e+00 1.000000e+00 0.000000e+00
    outer loop
      vertex   5.104073e+01 8.024616e+01 6.524362e+01
      vertex   5.150340e+01 8.024616e+01 6.246148e+01
      vertex   5.142982e+01 8.024616e+01 6.216894e+01
    endloop
  endfacet
  facet normal 0.000000e+00 1.000000e+00 -0.000000e+00
    outer loop
      vertex   5.139275e+01 8.024616e+01 6.186958e+01
      vertex   5.045293e+01 8.024616e+01 6.468365e+01
      vertex   5.142982e+01 8.024616e+01 6.216894e+01
    endloop
  endfacet
  facet normal 0.000000e+00 1.000000e+00 0.000000e+00
    outer loop
      vertex   5.142982e+01 8.024616e+01 6.216894e+01
      vertex   5.045293e+01 8.024616e+01 6.468365e+01
      vertex   5.073417e+01 8.024616e+01 6.497692e+01
    endloop
  endfacet
  facet normal 0.000000e+00 1.000000e+00 0.000000e+00
    outer loop
      vertex   5.142982e+01 8.024616e+01 6.216894e+01
      vertex   5.073417e+01 8.024616e+01 6.497692e+01
      vertex   5.104073e+01 8.024616e+01 6.524362e+01
    endloop
  endfacet
  facet normal 0.000000e+00 1.000000e+00 0.000000e+00
    outer loop
      vertex   5.045293e+01 8.024616e+01 6.468365e+01
      vertex   5.139275e+01 8.024616e+01 6.186958e+01
      vertex   5.019928e+01 8.024616e+01 6.436621e+01
    endloop
  endfacet
  facet normal 0.000000e+00 1.000000e+00 0.000000e+00
    outer loop
      vertex   5.019928e+01 8.024616e+01 6.436621e+01
      vertex   5.139275e+01 8.024616e+01 6.186958e+01
      vertex   5.139275e+01 8.024616e+01 6.156793e+01
    endloop
  endfacet
  facet normal 0.000000e+00 1.000000e+00 0.000000e+00
    outer loop
      vertex   5.019928e+01 8.024616e+01 6.436621e+01
      vertex   5.139275e+01 8.024616e+01 6.156793e+01
      vertex   5.021686e+01 8.024616e+01 5.904732e+01
    endloop
  endfacet
  facet normal 0.000000e+00 1.000000e+00 0.000000e+00
    outer loop
      vertex   5.021686e+01 8.024616e+01 5.904732e+01
      vertex   5.139275e+01 8.024616e+01 6.156793e+01
      vertex   5.142982e+01 8.024616e+01 6.126857e+01
    endloop
  endfacet
  facet normal 0.000000e+00 1.000000e+00 0.000000e+00
    outer loop
      vertex   5.021686e+01 8.024616e+01 5.904732e+01
      vertex   5.142982e+01 8.024616e+01 6.126857e+01
      vertex   5.150340e+01 8.024616e+01 6.097603e+01
    endloop
  endfacet
  facet normal 0.000000e+00 1.000000e+00 0.000000e+00
    outer loop
      vertex   5.150340e+01 8.024616e+01 6.097603e+01
      vertex   5.161236e+01 8.024616e+01 6.069475e+01
      vertex   5.021686e+01 8.024616e+01 5.904732e+01
    endloop
  endfacet
  facet normal 0.000000e+00 1.000000e+00 0.000000e+00
    outer loop
      vertex   5.021686e+01 8.024616e+01 5.904732e+01
      vertex   5.161236e+01 8.024616e+01 6.069475e+01
      vertex   5.175507e+01 8.024616e+01 6.042900e+01
    endloop
  endfacet
  facet normal 0.000000e+00 1.000000e+00 0.000000e+00
    outer loop
      vertex   5.021686e+01 8.024616e+01 5.904732e+01
      vertex   5.175507e+01 8.024616e+01 6.042900e+01
      vertex   5.192936e+01 8.024616e+01 6.018279e+01
    endloop
  endfacet
  facet normal 0.000000e+00 1.000000e+00 0.000000e+00
    outer loop
      vertex   5.192936e+01 8.024616e+01 6.018279e+01
      vertex   5.213258e+01 8.024616e+01 5.995987e+01
      vertex   5.021686e+01 8.024616e+01 5.904732e+01
    endloop
  endfacet
  facet normal 0.000000e+00 1.000000e+00 0.000000e+00
    outer loop
      vertex   5.021686e+01 8.024616e+01 5.904732e+01
      vertex   5.213258e+01 8.024616e+01 5.995987e+01
      vertex   5.236165e+01 8.024616e+01 5.976361e+01
    endloop
  endfacet
  facet normal 0.000000e+00 1.000000e+00 0.000000e+00
    outer loop
      vertex   5.021686e+01 8.024616e+01 5.904732e+01
      vertex   5.236165e+01 8.024616e+01 5.976361e+01
      vertex   5.261310e+01 8.024616e+01 5.959699e+01
    endloop
  endfacet
  facet normal 0.000000e+00 1.000000e+00 0.000000e+00
    outer loop
      vertex   5.261310e+01 8.024616e+01 5.959699e+01
      vertex   5.288313e+01 8.024616e+01 5.946254e+01
      vertex   5.021686e+01 8.024616e+01 5.904732e+01
    endloop
  endfacet
  facet normal 0.000000e+00 1.000000e+00 0.000000e+00
    outer loop
      vertex   5.021686e+01 8.024616e+01 5.904732e+01
      vertex   5.288313e+01 8.024616e+01 5.946254e+01
      vertex   5.316763e+01 8.024616e+01 5.936228e+01
    endloop
  endfacet
  facet normal -0.000000e+00 1.000000e+00 0.000000e+00
    outer loop
      vertex   5.021686e+01 8.024616e+01 5.904732e+01
      vertex   5.316763e+01 8.024616e+01 5.936228e+01
      vertex   6.315379e+01 8.024616e+01 4.151076e+01
    endloop
  endfacet
  facet normal 0.000000e+00 1.000000e+00 0.000000e+00
    outer loop
      vertex   6.315379e+01 8.024616e+01 4.151076e+01
      vertex   5.316763e+01 8.024616e+01 5.936228e+01
      vertex   5.346229e+01 8.024616e+01 5.929775e+01
    endloop
  endfacet
  facet normal 0.000000e+00 1.000000e+00 0.000000e+00
    outer loop
      vertex   6.315379e+01 8.024616e+01 4.151076e+01
      vertex   5.346229e+01 8.024616e+01 5.929775e+01
      vertex   5.376266e+01 8.024616e+01 5.926992e+01
    endloop
  endfacet
  facet normal -0.000000e+00 1.000000e+00 0.000000e+00
    outer loop
      vertex   5.376266e+01 8.024616e+01 5.926992e+01
      vertex   5.406416e+01 8.024616e+01 5.927921e+01
      vertex   6.315379e+01 8.024616e+01 4.151076e+01
    endloop
  endfacet
  facet normal 0.000000e+00 1.000000e+00 0.000000e+00
    outer loop
      vertex   6.315379e+01 8.024616e+01 4.151076e+01
      vertex   5.406416e+01 8.024616e+01 5.927921e+01
      vertex   5.436224e+01 8.024616e+01 5.932548e+01
    endloop
  endfacet
  facet normal 0.000000e+00 1.000000e+00 0.000000e+00
    outer loop
      vertex   6.315379e+01 8.024616e+01 4.151076e+01
      vertex   5.436224e+01 8.024616e+01 5.932548e+01
      vertex   5.465237e+01 8.024616e+01 5.940803e+01
    endloop
  endfacet
  facet normal -0.000000e+00 1.000000e+00 0.000000e+00
    outer loop
      vertex   5.465237e+01 8.024616e+01 5.940803e+01
      vertex   5.493016e+01 8.024616e+01 5.952561e+01
      vertex   6.315379e+01 8.024616e+01 4.151076e+01
    endloop
  endfacet
  facet normal 0.000000e+00 1.000000e+00 0.000000e+00
    outer loop
      vertex   6.315379e+01 8.024616e+01 4.151076e+01
      vertex   5.493016e+01 8.024616e+01 5.952561e+01
      vertex   5.519140e+01 8.024616e+01 5.967643e+01
    endloop
  endfacet
  facet normal 0.000000e+00 1.000000e+00 0.000000e+00
    outer loop
      vertex   6.315379e+01 8.024616e+01 4.151076e+01
      vertex   5.519140e+01 8.024616e+01 5.967643e+01
      vertex   5.543212e+01 8.024616e+01 5.985821e+01
    endloop
  endfacet
  facet normal -0.000000e+00 1.000000e+00 0.000000e+00
    outer loop
      vertex   5.543212e+01 8.024616e+01 5.985821e+01
      vertex   5.564868e+01 8.024616e+01 6.006820e+01
      vertex   6.315379e+01 8.024616e+01 4.151076e+01
    endloop
  endfacet
  facet normal 0.000000e+00 1.000000e+00 0.000000e+00
    outer loop
      vertex   6.315379e+01 8.024616e+01 4.151076e+01
      vertex   5.564868e+01 8.024616e+01 6.006820e+01
      vertex   5.583779e+01 8.024616e+01 6.030321e+01
    endloop
  endfacet
  facet normal 0.000000e+00 1.000000e+00 0.000000e+00
    outer loop
      vertex   6.315379e+01 8.024616e+01 4.151076e+01
      vertex   5.583779e+01 8.024616e+01 6.030321e+01
      vertex   5.599658e+01 8.024616e+01 6.055968e+01
    endloop
  endfacet
  facet normal -0.000000e+00 1.000000e+00 0.000000e+00
    outer loop
      vertex   5.599658e+01 8.024616e+01 6.055968e+01
      vertex   5.612266e+01 8.024616e+01 6.083371e+01
      vertex   6.315379e+01 8.024616e+01 4.151076e+01
    endloop
  endfacet
  facet normal 0.000000e+00 1.000000e+00 0.000000e+00
    outer loop
      vertex   6.315379e+01 8.024616e+01 4.151076e+01
      vertex   5.612266e+01 8.024616e+01 6.083371e+01
      vertex   5.621411e+01 8.024616e+01 6.112117e+01
    endloop
  endfacet
  facet normal 0.000000e+00 1.000000e+00 0.000000e+00
    outer loop
      vertex   6.315379e+01 8.024616e+01 4.151076e+01
      vertex   5.621411e+01 8.024616e+01 6.112117e+01
      vertex   5.626953e+01 8.024616e+01 6.141768e+01
    endloop
  endfacet
  facet normal 0.000000e+00 1.000000e+00 0.000000e+00
    outer loop
      vertex   6.315379e+01 8.024616e+01 4.151076e+01
      vertex   5.626953e+01 8.024616e+01 6.141768e+01
      vertex   5.698487e+01 8.024616e+01 6.493557e+01
    endloop
  endfacet
  facet normal 0.000000e+00 1.000000e+00 0.000000e+00
    outer loop
      vertex   6.715846e+01 8.024616e+01 2.849126e+01
      vertex   7.017365e+01 8.024616e+01 2.793611e+01
      vertex   7.044500e+01 8.024616e+01 -2.441605e+00
    endloop
  endfacet
  facet normal 0.000000e+00 1.000000e+00 0.000000e+00
    outer loop
      vertex   7.044500e+01 8.024616e+01 -2.441605e+00
      vertex   7.017365e+01 8.024616e+01 2.793611e+01
      vertex   7.037687e+01 8.024616e+01 2.771319e+01
    endloop
  endfacet
  facet normal 0.000000e+00 1.000000e+00 -0.000000e+00
    outer loop
      vertex   7.044500e+01 8.024616e+01 -2.441605e+00
      vertex   7.037687e+01 8.024616e+01 2.771319e+01
      vertex   7.060594e+01 8.024616e+01 2.751694e+01
    endloop
  endfacet
  facet normal 0.000000e+00 1.000000e+00 0.000000e+00
    outer loop
      vertex   6.353945e+01 8.024616e+01 4.073526e+01
      vertex   6.985666e+01 8.024616e+01 3.049608e+01
      vertex   6.715846e+01 8.024616e+01 2.849126e+01
    endloop
  endfacet
  facet normal 0.000000e+00 1.000000e+00 0.000000e+00
    outer loop
      vertex   6.715846e+01 8.024616e+01 2.849126e+01
      vertex   6.985666e+01 8.024616e+01 3.049608e+01
      vertex   6.974769e+01 8.024616e+01 3.021480e+01
    endloop
  endfacet
  facet normal 0.000000e+00 1.000000e+00 0.000000e+00
    outer loop
      vertex   6.715846e+01 8.024616e+01 2.849126e+01
      vertex   6.974769e+01 8.024616e+01 3.021480e+01
      vertex   6.967411e+01 8.024616e+01 2.992226e+01
    endloop
  endfacet
  facet normal -0.000000e+00 1.000000e+00 0.000000e+00
    outer loop
      vertex   6.344126e+01 8.024616e+01 4.100813e+01
      vertex   7.160474e+01 8.024616e+01 5.063403e+01
      vertex   6.353945e+01 8.024616e+01 4.073526e+01
    endloop
  endfacet
  facet normal -0.000000e+00 1.000000e+00 0.000000e+00
    outer loop
      vertex   6.353945e+01 8.024616e+01 4.073526e+01
      vertex   7.160474e+01 8.024616e+01 5.063403e+01
      vertex   6.999937e+01 8.024616e+01 3.076184e+01
    endloop
  endfacet
  facet normal 0.000000e+00 1.000000e+00 0.000000e+00
    outer loop
      vertex   6.353945e+01 8.024616e+01 4.073526e+01
      vertex   6.999937e+01 8.024616e+01 3.076184e+01
      vertex   6.985666e+01 8.024616e+01 3.049608e+01
    endloop
  endfacet
  facet normal 0.000000e+00 1.000000e+00 -0.000000e+00
    outer loop
      vertex   6.344126e+01 8.024616e+01 4.100813e+01
      vertex   6.331212e+01 8.024616e+01 4.126780e+01
      vertex   7.160474e+01 8.024616e+01 5.063403e+01
    endloop
  endfacet
  facet normal 0.000000e+00 1.000000e+00 0.000000e+00
    outer loop
      vertex   7.160474e+01 8.024616e+01 5.063403e+01
      vertex   6.331212e+01 8.024616e+01 4.126780e+01
      vertex   6.315379e+01 8.024616e+01 4.151076e+01
    endloop
  endfacet
  facet normal 0.000000e+00 1.000000e+00 0.000000e+00
    outer loop
      vertex   7.160474e+01 8.024616e+01 5.063403e+01
      vertex   6.315379e+01 8.024616e+01 4.151076e+01
      vertex   5.698487e+01 8.024616e+01 6.493557e+01
    endloop
  endfacet
  facet normal 0.000000e+00 1.000000e+00 0.000000e+00
    outer loop
      vertex   5.021686e+01 8.024616e+01 5.904732e+01
      vertex   4.999065e+01 8.024616e+01 5.938486e+01
      vertex   5.019928e+01 8.024616e+01 6.436621e+01
    endloop
  endfacet
  facet normal 0.000000e+00 1.000000e+00 0.000000e+00
    outer loop
      vertex   5.019928e+01 8.024616e+01 6.436621e+01
      vertex   4.999065e+01 8.024616e+01 5.938486e+01
      vertex   4.997531e+01 8.024616e+01 6.402718e+01
    endloop
  endfacet
  facet normal 0.000000e+00 1.000000e+00 0.000000e+00
    outer loop
      vertex   4.997531e+01 8.024616e+01 6.402718e+01
      vertex   4.999065e+01 8.024616e+01 5.938486e+01
      vertex   4.979581e+01 8.024616e+01 5.974143e+01
    endloop
  endfacet
  facet normal 0.000000e+00 1.000000e+00 0.000000e+00
    outer loop
      vertex   4.997531e+01 8.024616e+01 6.402718e+01
      vertex   4.979581e+01 8.024616e+01 5.974143e+01
      vertex   4.978283e+01 8.024616e+01 6.366933e+01
    endloop
  endfacet
  facet normal 0.000000e+00 1.000000e+00 0.000000e+00
    outer loop
      vertex   4.978283e+01 8.024616e+01 6.366933e+01
      vertex   4.979581e+01 8.024616e+01 5.974143e+01
      vertex   4.963392e+01 8.024616e+01 6.011412e+01
    endloop
  endfacet
  facet normal 0.000000e+00 1.000000e+00 0.000000e+00
    outer loop
      vertex   4.978283e+01 8.024616e+01 6.366933e+01
      vertex   4.963392e+01 8.024616e+01 6.011412e+01
      vertex   4.962341e+01 8.024616e+01 6.329557e+01
    endloop
  endfacet
  facet normal 0.000000e+00 1.000000e+00 0.000000e+00
    outer loop
      vertex   4.962341e+01 8.024616e+01 6.329557e+01
      vertex   4.963392e+01 8.024616e+01 6.011412e+01
      vertex   4.950632e+01 8.024616e+01 6.049990e+01
    endloop
  endfacet
  facet normal 0.000000e+00 1.000000e+00 0.000000e+00
    outer loop
      vertex   4.962341e+01 8.024616e+01 6.329557e+01
      vertex   4.950632e+01 8.024616e+01 6.049990e+01
      vertex   4.949836e+01 8.024616e+01 6.290896e+01
    endloop
  endfacet
  facet normal 0.000000e+00 1.000000e+00 0.000000e+00
    outer loop
      vertex   4.949836e+01 8.024616e+01 6.290896e+01
      vertex   4.950632e+01 8.024616e+01 6.049990e+01
      vertex   4.941403e+01 8.024616e+01 6.089561e+01
    endloop
  endfacet
  facet normal 0.000000e+00 1.000000e+00 0.000000e+00
    outer loop
      vertex   4.949836e+01 8.024616e+01 6.290896e+01
      vertex   4.941403e+01 8.024616e+01 6.089561e+01
      vertex   4.940869e+01 8.024616e+01 6.251265e+01
    endloop
  endfacet
  facet normal 0.000000e+00 1.000000e+00 0.000000e+00
    outer loop
      vertex   4.940869e+01 8.024616e+01 6.251265e+01
      vertex   4.941403e+01 8.024616e+01 6.089561e+01
      vertex   4.935781e+01 8.024616e+01 6.129803e+01
    endloop
  endfacet
  facet normal 0.000000e+00 1.000000e+00 0.000000e+00
    outer loop
      vertex   4.940869e+01 8.024616e+01 6.251265e+01
      vertex   4.935781e+01 8.024616e+01 6.129803e+01
      vertex   4.935513e+01 8.024616e+01 6.210986e+01
    endloop
  endfacet
  facet normal 0.000000e+00 1.000000e+00 0.000000e+00
    outer loop
      vertex   4.935513e+01 8.024616e+01 6.210986e+01
      vertex   4.935781e+01 8.024616e+01 6.129803e+01
      vertex   4.933813e+01 8.024616e+01 6.170389e+01
    endloop
  endfacet
  facet normal 0.000000e+00 1.000000e+00 0.000000e+00
    outer loop
      vertex   7.174089e+01 8.024616e+01 5.048133e+01
      vertex   7.200902e+01 8.024616e+01 4.993351e+01
      vertex   7.160474e+01 8.024616e+01 5.063403e+01
    endloop
  endfacet
  facet normal 0.000000e+00 1.000000e+00 0.000000e+00
    outer loop
      vertex   7.160474e+01 8.024616e+01 5.063403e+01
      vertex   7.200902e+01 8.024616e+01 4.993351e+01
      vertex   7.085740e+01 8.024616e+01 3.159384e+01
    endloop
  endfacet
  facet normal 0.000000e+00 1.000000e+00 0.000000e+00
    outer loop
      vertex   7.160474e+01 8.024616e+01 5.063403e+01
      vertex   7.085740e+01 8.024616e+01 3.159384e+01
      vertex   7.060594e+01 8.024616e+01 3.142722e+01
    endloop
  endfacet
  facet normal 0.000000e+00 1.000000e+00 0.000000e+00
    outer loop
      vertex   7.174089e+01 8.024616e+01 5.048133e+01
      vertex   7.185499e+01 8.024616e+01 5.031153e+01
      vertex   7.200902e+01 8.024616e+01 4.993351e+01
    endloop
  endfacet
  facet normal 0.000000e+00 1.000000e+00 0.000000e+00
    outer loop
      vertex   7.200902e+01 8.024616e+01 4.993351e+01
      vertex   7.185499e+01 8.024616e+01 5.031153e+01
      vertex   7.194492e+01 8.024616e+01 5.012779e+01
    endloop
  endfacet
  facet normal 0.000000e+00 1.000000e+00 0.000000e+00
    outer loop
      vertex   7.692641e+01 8.024616e+01 3.071126e+01
      vertex   7.408208e+01 8.024616e+01 3.088762e+01
      vertex   7.200902e+01 8.024616e+01 4.993351e+01
    endloop
  endfacet
  facet normal 0.000000e+00 1.000000e+00 0.000000e+00
    outer loop
      vertex   7.200902e+01 8.024616e+01 4.993351e+01
      vertex   7.408208e+01 8.024616e+01 3.088762e+01
      vertex   7.389297e+01 8.024616e+01 3.112263e+01
    endloop
  endfacet
  facet normal 0.000000e+00 1.000000e+00 0.000000e+00
    outer loop
      vertex   7.200902e+01 8.024616e+01 4.993351e+01
      vertex   7.389297e+01 8.024616e+01 3.112263e+01
      vertex   7.367641e+01 8.024616e+01 3.133262e+01
    endloop
  endfacet
  facet normal 0.000000e+00 1.000000e+00 0.000000e+00
    outer loop
      vertex   7.700766e+01 8.024616e+01 3.033336e+01
      vertex   7.707374e+01 8.024616e+01 2.917796e+01
      vertex   7.692641e+01 8.024616e+01 3.071126e+01
    endloop
  endfacet
  facet normal 0.000000e+00 1.000000e+00 0.000000e+00
    outer loop
      vertex   7.692641e+01 8.024616e+01 3.071126e+01
      vertex   7.707374e+01 8.024616e+01 2.917796e+01
      vertex   7.453240e+01 8.024616e+01 2.947208e+01
    endloop
  endfacet
  facet normal 0.000000e+00 1.000000e+00 0.000000e+00
    outer loop
      vertex   7.692641e+01 8.024616e+01 3.071126e+01
      vertex   7.453240e+01 8.024616e+01 2.947208e+01
      vertex   7.451383e+01 8.024616e+01 2.977315e+01
    endloop
  endfacet
  facet normal 0.000000e+00 1.000000e+00 0.000000e+00
    outer loop
      vertex   7.700766e+01 8.024616e+01 3.033336e+01
      vertex   7.705947e+01 8.024616e+01 2.995032e+01
      vertex   7.707374e+01 8.024616e+01 2.917796e+01
    endloop
  endfacet
  facet normal 0.000000e+00 1.000000e+00 -0.000000e+00
    outer loop
      vertex   7.707374e+01 8.024616e+01 2.917796e+01
      vertex   7.705947e+01 8.024616e+01 2.995032e+01
      vertex   7.708154e+01 8.024616e+01 2.956441e+01
    endloop
  endfacet
  facet normal 0.000000e+00 1.000000e+00 -0.000000e+00
    outer loop
      vertex   7.407893e+01 8.024616e+01 -2.164557e+01
      vertex   7.045896e+01 8.024616e+01 -2.693829e+00
      vertex   7.707374e+01 8.024616e+01 2.917796e+01
    endloop
  endfacet
  facet normal 0.000000e+00 1.000000e+00 0.000000e+00
    outer loop
      vertex   7.707374e+01 8.024616e+01 2.917796e+01
      vertex   7.045896e+01 8.024616e+01 -2.693829e+00
      vertex   7.044500e+01 8.024616e+01 -2.441605e+00
    endloop
  endfacet
  facet normal 0.000000e+00 1.000000e+00 0.000000e+00
    outer loop
      vertex   7.707374e+01 8.024616e+01 2.917796e+01
      vertex   7.044500e+01 8.024616e+01 -2.441605e+00
      vertex   7.389297e+01 8.024616e+01 2.782152e+01
    endloop
  endfacet
  facet normal 0.000000e+00 1.000000e+00 0.000000e+00
    outer loop
      vertex   7.389297e+01 8.024616e+01 2.782152e+01
      vertex   7.044500e+01 8.024616e+01 -2.441605e+00
      vertex   7.367641e+01 8.024616e+01 2.761154e+01
    endloop
  endfacet
  facet normal 0.000000e+00 1.000000e+00 0.000000e+00
    outer loop
      vertex   7.367641e+01 8.024616e+01 2.761154e+01
      vertex   7.044500e+01 8.024616e+01 -2.441605e+00
      vertex   7.343569e+01 8.024616e+01 2.742975e+01
    endloop
  endfacet
  facet normal 0.000000e+00 1.000000e+00 0.000000e+00
    outer loop
      vertex   7.343569e+01 8.024616e+01 2.742975e+01
      vertex   7.044500e+01 8.024616e+01 -2.441605e+00
      vertex   7.317446e+01 8.024616e+01 2.727893e+01
    endloop
  endfacet
  facet normal 0.000000e+00 1.000000e+00 0.000000e+00
    outer loop
      vertex   7.317446e+01 8.024616e+01 2.727893e+01
      vertex   7.044500e+01 8.024616e+01 -2.441605e+00
      vertex   7.289667e+01 8.024616e+01 2.716135e+01
    endloop
  endfacet
  facet normal 0.000000e+00 1.000000e+00 0.000000e+00
    outer loop
      vertex   7.289667e+01 8.024616e+01 2.716135e+01
      vertex   7.044500e+01 8.024616e+01 -2.441605e+00
      vertex   7.260653e+01 8.024616e+01 2.707880e+01
    endloop
  endfacet
  facet normal 0.000000e+00 1.000000e+00 0.000000e+00
    outer loop
      vertex   7.260653e+01 8.024616e+01 2.707880e+01
      vertex   7.044500e+01 8.024616e+01 -2.441605e+00
      vertex   7.230845e+01 8.024616e+01 2.703253e+01
    endloop
  endfacet
  facet normal 0.000000e+00 1.000000e+00 0.000000e+00
    outer loop
      vertex   7.230845e+01 8.024616e+01 2.703253e+01
      vertex   7.044500e+01 8.024616e+01 -2.441605e+00
      vertex   7.200695e+01 8.024616e+01 2.702324e+01
    endloop
  endfacet
  facet normal 0.000000e+00 1.000000e+00 0.000000e+00
    outer loop
      vertex   7.200695e+01 8.024616e+01 2.702324e+01
      vertex   7.044500e+01 8.024616e+01 -2.441605e+00
      vertex   7.170659e+01 8.024616e+01 2.705107e+01
    endloop
  endfacet
  facet normal 0.000000e+00 1.000000e+00 0.000000e+00
    outer loop
      vertex   7.170659e+01 8.024616e+01 2.705107e+01
      vertex   7.044500e+01 8.024616e+01 -2.441605e+00
      vertex   7.141192e+01 8.024616e+01 2.711560e+01
    endloop
  endfacet
  facet normal 0.000000e+00 1.000000e+00 0.000000e+00
    outer loop
      vertex   7.141192e+01 8.024616e+01 2.711560e+01
      vertex   7.044500e+01 8.024616e+01 -2.441605e+00
      vertex   7.112742e+01 8.024616e+01 2.721586e+01
    endloop
  endfacet
  facet normal 0.000000e+00 1.000000e+00 0.000000e+00
    outer loop
      vertex   7.112742e+01 8.024616e+01 2.721586e+01
      vertex   7.044500e+01 8.024616e+01 -2.441605e+00
      vertex   7.085740e+01 8.024616e+01 2.735032e+01
    endloop
  endfacet
  facet normal 0.000000e+00 1.000000e+00 0.000000e+00
    outer loop
      vertex   7.085740e+01 8.024616e+01 2.735032e+01
      vertex   7.044500e+01 8.024616e+01 -2.441605e+00
      vertex   7.060594e+01 8.024616e+01 2.751694e+01
    endloop
  endfacet
  facet normal 0.000000e+00 1.000000e+00 -0.000000e+00
    outer loop
      vertex   7.404470e+01 8.024616e+01 -2.191442e+01
      vertex   7.397443e+01 8.024616e+01 -2.217617e+01
      vertex   7.407893e+01 8.024616e+01 -2.164557e+01
    endloop
  endfacet
  facet normal 0.000000e+00 1.000000e+00 0.000000e+00
    outer loop
      vertex   7.407893e+01 8.024616e+01 -2.164557e+01
      vertex   7.397443e+01 8.024616e+01 -2.217617e+01
      vertex   7.386941e+01 8.024616e+01 -2.242602e+01
    endloop
  endfacet
  facet normal 0.000000e+00 1.000000e+00 0.000000e+00
    outer loop
      vertex   7.407893e+01 8.024616e+01 -2.164557e+01
      vertex   7.386941e+01 8.024616e+01 -2.242602e+01
      vertex   7.373158e+01 8.024616e+01 -2.265938e+01
    endloop
  endfacet
  facet normal 0.000000e+00 1.000000e+00 -0.000000e+00
    outer loop
      vertex   7.373158e+01 8.024616e+01 -2.265938e+01
      vertex   7.356347e+01 8.024616e+01 -2.287196e+01
      vertex   7.407893e+01 8.024616e+01 -2.164557e+01
    endloop
  endfacet
  facet normal 0.000000e+00 1.000000e+00 0.000000e+00
    outer loop
      vertex   7.407893e+01 8.024616e+01 -2.164557e+01
      vertex   7.356347e+01 8.024616e+01 -2.287196e+01
      vertex   7.336815e+01 8.024616e+01 -2.305986e+01
    endloop
  endfacet
  facet normal 0.000000e+00 1.000000e+00 0.000000e+00
    outer loop
      vertex   7.407893e+01 8.024616e+01 -2.164557e+01
      vertex   7.336815e+01 8.024616e+01 -2.305986e+01
      vertex   7.314923e+01 8.024616e+01 -2.321963e+01
    endloop
  endfacet
  facet normal 0.000000e+00 1.000000e+00 -0.000000e+00
    outer loop
      vertex   7.314923e+01 8.024616e+01 -2.321963e+01
      vertex   7.291072e+01 8.024616e+01 -2.334833e+01
      vertex   7.407893e+01 8.024616e+01 -2.164557e+01
    endloop
  endfacet
  facet normal 0.000000e+00 1.000000e+00 0.000000e+00
    outer loop
      vertex   7.407893e+01 8.024616e+01 -2.164557e+01
      vertex   7.291072e+01 8.024616e+01 -2.334833e+01
      vertex   7.265699e+01 8.024616e+01 -2.344360e+01
    endloop
  endfacet
  facet normal 0.000000e+00 1.000000e+00 0.000000e+00
    outer loop
      vertex   7.407893e+01 8.024616e+01 -2.164557e+01
      vertex   7.265699e+01 8.024616e+01 -2.344360e+01
      vertex   7.239272e+01 8.024616e+01 -2.350370e+01
    endloop
  endfacet
  facet normal 0.000000e+00 1.000000e+00 0.000000e+00
    outer loop
      vertex   7.407893e+01 8.024616e+01 -2.164557e+01
      vertex   7.239272e+01 8.024616e+01 -2.350370e+01
      vertex   7.034844e+01 8.024616e+01 -3.440951e+00
    endloop
  endfacet
  facet normal 0.000000e+00 1.000000e+00 0.000000e+00
    outer loop
      vertex   7.034844e+01 8.024616e+01 -3.440951e+00
      vertex   7.239272e+01 8.024616e+01 -2.350370e+01
      vertex   7.212275e+01 8.024616e+01 -2.352752e+01
    endloop
  endfacet
  facet normal 0.000000e+00 1.000000e+00 0.000000e+00
    outer loop
      vertex   7.034844e+01 8.024616e+01 -3.440951e+00
      vertex   7.212275e+01 8.024616e+01 -2.352752e+01
      vertex   7.185203e+01 8.024616e+01 -2.351461e+01
    endloop
  endfacet
  facet normal 0.000000e+00 1.000000e+00 0.000000e+00
    outer loop
      vertex   7.185203e+01 8.024616e+01 -2.351461e+01
      vertex   7.158555e+01 8.024616e+01 -2.346522e+01
      vertex   7.034844e+01 8.024616e+01 -3.440951e+00
    endloop
  endfacet
  facet normal 0.000000e+00 1.000000e+00 0.000000e+00
    outer loop
      vertex   7.034844e+01 8.024616e+01 -3.440951e+00
      vertex   7.158555e+01 8.024616e+01 -2.346522e+01
      vertex   7.009223e+01 8.024616e+01 -2.172601e+01
    endloop
  endfacet
  facet normal 0.000000e+00 1.000000e+00 0.000000e+00
    outer loop
      vertex   7.034844e+01 8.024616e+01 -3.440951e+00
      vertex   7.009223e+01 8.024616e+01 -2.172601e+01
      vertex   6.880963e+01 8.024616e+01 -8.840169e+00
    endloop
  endfacet
  facet normal 0.000000e+00 1.000000e+00 0.000000e+00
    outer loop
      vertex   7.158555e+01 8.024616e+01 -2.346522e+01
      vertex   7.132819e+01 8.024616e+01 -2.338026e+01
      vertex   7.009223e+01 8.024616e+01 -2.172601e+01
    endloop
  endfacet
  facet normal 0.000000e+00 1.000000e+00 0.000000e+00
    outer loop
      vertex   7.009223e+01 8.024616e+01 -2.172601e+01
      vertex   7.132819e+01 8.024616e+01 -2.338026e+01
      vertex   7.108468e+01 8.024616e+01 -2.326129e+01
    endloop
  endfacet
  facet normal 0.000000e+00 1.000000e+00 0.000000e+00
    outer loop
      vertex   7.009223e+01 8.024616e+01 -2.172601e+01
      vertex   7.108468e+01 8.024616e+01 -2.326129e+01
      vertex   7.085949e+01 8.024616e+01 -2.311048e+01
    endloop
  endfacet
  facet normal 0.000000e+00 1.000000e+00 0.000000e+00
    outer loop
      vertex   7.085949e+01 8.024616e+01 -2.311048e+01
      vertex   7.065675e+01 8.024616e+01 -2.293061e+01
      vertex   7.009223e+01 8.024616e+01 -2.172601e+01
    endloop
  endfacet
  facet normal 0.000000e+00 1.000000e+00 0.000000e+00
    outer loop
      vertex   7.009223e+01 8.024616e+01 -2.172601e+01
      vertex   7.065675e+01 8.024616e+01 -2.293061e+01
      vertex   7.048020e+01 8.024616e+01 -2.272499e+01
    endloop
  endfacet
  facet normal 0.000000e+00 1.000000e+00 0.000000e+00
    outer loop
      vertex   7.009223e+01 8.024616e+01 -2.172601e+01
      vertex   7.048020e+01 8.024616e+01 -2.272499e+01
      vertex   7.033307e+01 8.024616e+01 -2.249738e+01
    endloop
  endfacet
  facet normal 0.000000e+00 1.000000e+00 0.000000e+00
    outer loop
      vertex   7.033307e+01 8.024616e+01 -2.249738e+01
      vertex   7.021806e+01 8.024616e+01 -2.225197e+01
      vertex   7.009223e+01 8.024616e+01 -2.172601e+01
    endloop
  endfacet
  facet normal 0.000000e+00 1.000000e+00 0.000000e+00
    outer loop
      vertex   7.009223e+01 8.024616e+01 -2.172601e+01
      vertex   7.021806e+01 8.024616e+01 -2.225197e+01
      vertex   7.013729e+01 8.024616e+01 -2.199327e+01
    endloop
  endfacet
  facet normal -0.000000e+00 1.000000e+00 0.000000e+00
    outer loop
      vertex   6.880309e+01 8.024616e+01 -8.641568e+00
      vertex   6.882286e+01 8.024616e+01 -8.443846e+00
      vertex   6.880963e+01 8.024616e+01 -8.840169e+00
    endloop
  endfacet
  facet normal 0.000000e+00 1.000000e+00 0.000000e+00
    outer loop
      vertex   6.880963e+01 8.024616e+01 -8.840169e+00
      vertex   6.882286e+01 8.024616e+01 -8.443846e+00
      vertex   6.886859e+01 8.024616e+01 -8.250471e+00
    endloop
  endfacet
  facet normal 0.000000e+00 1.000000e+00 0.000000e+00
    outer loop
      vertex   6.880963e+01 8.024616e+01 -8.840169e+00
      vertex   6.886859e+01 8.024616e+01 -8.250471e+00
      vertex   7.034844e+01 8.024616e+01 -3.440951e+00
    endloop
  endfacet
  facet normal -0.000000e+00 1.000000e+00 0.000000e+00
    outer loop
      vertex   7.034844e+01 8.024616e+01 -3.440951e+00
      vertex   7.041044e+01 8.024616e+01 -3.196067e+00
      vertex   7.407893e+01 8.024616e+01 -2.164557e+01
    endloop
  endfacet
  facet normal 0.000000e+00 1.000000e+00 0.000000e+00
    outer loop
      vertex   7.407893e+01 8.024616e+01 -2.164557e+01
      vertex   7.041044e+01 8.024616e+01 -3.196067e+00
      vertex   7.044740e+01 8.024616e+01 -2.946175e+00
    endloop
  endfacet
  facet normal 0.000000e+00 1.000000e+00 0.000000e+00
    outer loop
      vertex   7.407893e+01 8.024616e+01 -2.164557e+01
      vertex   7.044740e+01 8.024616e+01 -2.946175e+00
      vertex   7.045896e+01 8.024616e+01 -2.693829e+00
    endloop
  endfacet
  facet normal 0.000000e+00 1.000000e+00 -0.000000e+00
    outer loop
      vertex   7.451383e+01 8.024616e+01 2.977315e+01
      vertex   7.445840e+01 8.024616e+01 3.006967e+01
      vertex   7.692641e+01 8.024616e+01 3.071126e+01
    endloop
  endfacet
  facet normal 0.000000e+00 1.000000e+00 0.000000e+00
    outer loop
      vertex   7.692641e+01 8.024616e+01 3.071126e+01
      vertex   7.445840e+01 8.024616e+01 3.006967e+01
      vertex   7.436695e+01 8.024616e+01 3.035712e+01
    endloop
  endfacet
  facet normal 0.000000e+00 1.000000e+00 0.000000e+00
    outer loop
      vertex   7.692641e+01 8.024616e+01 3.071126e+01
      vertex   7.436695e+01 8.024616e+01 3.035712e+01
      vertex   7.424088e+01 8.024616e+01 3.063116e+01
    endloop
  endfacet
  facet normal 0.000000e+00 1.000000e+00 -0.000000e+00
    outer loop
      vertex   7.424088e+01 8.024616e+01 3.063116e+01
      vertex   7.408208e+01 8.024616e+01 3.088762e+01
      vertex   7.692641e+01 8.024616e+01 3.071126e+01
    endloop
  endfacet
  facet normal 0.000000e+00 1.000000e+00 0.000000e+00
    outer loop
      vertex   7.367641e+01 8.024616e+01 3.133262e+01
      vertex   7.343569e+01 8.024616e+01 3.151440e+01
      vertex   7.200902e+01 8.024616e+01 4.993351e+01
    endloop
  endfacet
  facet normal 0.000000e+00 1.000000e+00 0.000000e+00
    outer loop
      vertex   7.200902e+01 8.024616e+01 4.993351e+01
      vertex   7.343569e+01 8.024616e+01 3.151440e+01
      vertex   7.317446e+01 8.024616e+01 3.166523e+01
    endloop
  endfacet
  facet normal 0.000000e+00 1.000000e+00 0.000000e+00
    outer loop
      vertex   7.200902e+01 8.024616e+01 4.993351e+01
      vertex   7.317446e+01 8.024616e+01 3.166523e+01
      vertex   7.289667e+01 8.024616e+01 3.178281e+01
    endloop
  endfacet
  facet normal 0.000000e+00 1.000000e+00 0.000000e+00
    outer loop
      vertex   7.289667e+01 8.024616e+01 3.178281e+01
      vertex   7.260653e+01 8.024616e+01 3.186536e+01
      vertex   7.200902e+01 8.024616e+01 4.993351e+01
    endloop
  endfacet
  facet normal 0.000000e+00 1.000000e+00 0.000000e+00
    outer loop
      vertex   7.200902e+01 8.024616e+01 4.993351e+01
      vertex   7.260653e+01 8.024616e+01 3.186536e+01
      vertex   7.230845e+01 8.024616e+01 3.191163e+01
    endloop
  endfacet
  facet normal 0.000000e+00 1.000000e+00 0.000000e+00
    outer loop
      vertex   7.200902e+01 8.024616e+01 4.993351e+01
      vertex   7.230845e+01 8.024616e+01 3.191163e+01
      vertex   7.200695e+01 8.024616e+01 3.192092e+01
    endloop
  endfacet
  facet normal 0.000000e+00 1.000000e+00 -0.000000e+00
    outer loop
      vertex   7.200695e+01 8.024616e+01 3.192092e+01
      vertex   7.170659e+01 8.024616e+01 3.189308e+01
      vertex   7.200902e+01 8.024616e+01 4.993351e+01
    endloop
  endfacet
  facet normal 0.000000e+00 1.000000e+00 0.000000e+00
    outer loop
      vertex   7.200902e+01 8.024616e+01 4.993351e+01
      vertex   7.170659e+01 8.024616e+01 3.189308e+01
      vertex   7.141192e+01 8.024616e+01 3.182855e+01
    endloop
  endfacet
  facet normal 0.000000e+00 1.000000e+00 0.000000e+00
    outer loop
      vertex   7.200902e+01 8.024616e+01 4.993351e+01
      vertex   7.141192e+01 8.024616e+01 3.182855e+01
      vertex   7.112742e+01 8.024616e+01 3.172830e+01
    endloop
  endfacet
  facet normal 0.000000e+00 1.000000e+00 -0.000000e+00
    outer loop
      vertex   7.112742e+01 8.024616e+01 3.172830e+01
      vertex   7.085740e+01 8.024616e+01 3.159384e+01
      vertex   7.200902e+01 8.024616e+01 4.993351e+01
    endloop
  endfacet
  facet normal 0.000000e+00 1.000000e+00 -0.000000e+00
    outer loop
      vertex   7.060594e+01 8.024616e+01 3.142722e+01
      vertex   7.037687e+01 8.024616e+01 3.123096e+01
      vertex   7.160474e+01 8.024616e+01 5.063403e+01
    endloop
  endfacet
  facet normal 0.000000e+00 1.000000e+00 0.000000e+00
    outer loop
      vertex   7.160474e+01 8.024616e+01 5.063403e+01
      vertex   7.037687e+01 8.024616e+01 3.123096e+01
      vertex   7.017365e+01 8.024616e+01 3.100804e+01
    endloop
  endfacet
  facet normal 0.000000e+00 1.000000e+00 0.000000e+00
    outer loop
      vertex   7.160474e+01 8.024616e+01 5.063403e+01
      vertex   7.017365e+01 8.024616e+01 3.100804e+01
      vertex   6.999937e+01 8.024616e+01 3.076184e+01
    endloop
  endfacet
  facet normal 0.000000e+00 1.000000e+00 0.000000e+00
    outer loop
      vertex   6.967411e+01 8.024616e+01 2.992226e+01
      vertex   6.963704e+01 8.024616e+01 2.962290e+01
      vertex   6.715846e+01 8.024616e+01 2.849126e+01
    endloop
  endfacet
  facet normal 0.000000e+00 1.000000e+00 0.000000e+00
    outer loop
      vertex   6.715846e+01 8.024616e+01 2.849126e+01
      vertex   6.963704e+01 8.024616e+01 2.962290e+01
      vertex   6.963704e+01 8.024616e+01 2.932125e+01
    endloop
  endfacet
  facet normal 0.000000e+00 1.000000e+00 0.000000e+00
    outer loop
      vertex   6.715846e+01 8.024616e+01 2.849126e+01
      vertex   6.963704e+01 8.024616e+01 2.932125e+01
      vertex   6.967411e+01 8.024616e+01 2.902189e+01
    endloop
  endfacet
  facet normal 0.000000e+00 1.000000e+00 0.000000e+00
    outer loop
      vertex   6.967411e+01 8.024616e+01 2.902189e+01
      vertex   6.974769e+01 8.024616e+01 2.872935e+01
      vertex   6.715846e+01 8.024616e+01 2.849126e+01
    endloop
  endfacet
  facet normal -0.000000e+00 1.000000e+00 0.000000e+00
    outer loop
      vertex   6.715846e+01 8.024616e+01 2.849126e+01
      vertex   6.974769e+01 8.024616e+01 2.872935e+01
      vertex   6.985666e+01 8.024616e+01 2.844807e+01
    endloop
  endfacet
  facet normal 0.000000e+00 1.000000e+00 0.000000e+00
    outer loop
      vertex   6.715846e+01 8.024616e+01 2.849126e+01
      vertex   6.985666e+01 8.024616e+01 2.844807e+01
      vertex   6.999937e+01 8.024616e+01 2.818232e+01
    endloop
  endfacet
  facet normal 0.000000e+00 1.000000e+00 0.000000e+00
    outer loop
      vertex   6.999937e+01 8.024616e+01 2.818232e+01
      vertex   7.017365e+01 8.024616e+01 2.793611e+01
      vertex   6.715846e+01 8.024616e+01 2.849126e+01
    endloop
  endfacet
  facet normal 0.000000e+00 1.000000e+00 0.000000e+00
    outer loop
      vertex   7.389297e+01 8.024616e+01 2.782152e+01
      vertex   7.408208e+01 8.024616e+01 2.805653e+01
      vertex   7.707374e+01 8.024616e+01 2.917796e+01
    endloop
  endfacet
  facet normal 0.000000e+00 1.000000e+00 0.000000e+00
    outer loop
      vertex   7.707374e+01 8.024616e+01 2.917796e+01
      vertex   7.408208e+01 8.024616e+01 2.805653e+01
      vertex   7.424088e+01 8.024616e+01 2.831300e+01
    endloop
  endfacet
  facet normal 0.000000e+00 1.000000e+00 0.000000e+00
    outer loop
      vertex   7.707374e+01 8.024616e+01 2.917796e+01
      vertex   7.424088e+01 8.024616e+01 2.831300e+01
      vertex   7.436695e+01 8.024616e+01 2.858704e+01
    endloop
  endfacet
  facet normal 0.000000e+00 1.000000e+00 0.000000e+00
    outer loop
      vertex   7.436695e+01 8.024616e+01 2.858704e+01
      vertex   7.445840e+01 8.024616e+01 2.887449e+01
      vertex   7.707374e+01 8.024616e+01 2.917796e+01
    endloop
  endfacet
  facet normal 0.000000e+00 1.000000e+00 0.000000e+00
    outer loop
      vertex   7.707374e+01 8.024616e+01 2.917796e+01
      vertex   7.445840e+01 8.024616e+01 2.887449e+01
      vertex   7.451383e+01 8.024616e+01 2.917100e+01
    endloop
  endfacet
  facet normal 0.000000e+00 1.000000e+00 0.000000e+00
    outer loop
      vertex   7.707374e+01 8.024616e+01 2.917796e+01
      vertex   7.451383e+01 8.024616e+01 2.917100e+01
      vertex   7.453240e+01 8.024616e+01 2.947208e+01
    endloop
  endfacet
  facet normal -7.042443e-01 -7.079935e-01 5.277581e-02
    outer loop
      vertex   7.376341e+01 7.499616e+01 2.921871e+01
      vertex   7.451383e+01 7.424616e+01 2.917100e+01
      vertex   7.378240e+01 7.499616e+01 2.947208e+01
    endloop
  endfacet
  facet normal -7.064353e-01 -7.064353e-01 4.357143e-02
    outer loop
      vertex   7.378240e+01 7.499616e+01 2.947208e+01
      vertex   7.451383e+01 7.424616e+01 2.917100e+01
      vertex   7.453240e+01 7.424616e+01 2.947208e+01
    endloop
  endfacet
  facet normal -7.064353e-01 -7.064353e-01 -4.357143e-02
    outer loop
      vertex   7.378240e+01 7.499616e+01 2.947208e+01
      vertex   7.453240e+01 7.424616e+01 2.947208e+01
      vertex   7.451383e+01 7.424616e+01 2.977315e+01
    endloop
  endfacet
  facet normal -6.967342e-01 -7.054066e-01 1.302422e-01
    outer loop
      vertex   7.451383e+01 7.424616e+01 2.917100e+01
      vertex   7.376341e+01 7.499616e+01 2.921871e+01
      vertex   7.445840e+01 7.424616e+01 2.887449e+01
    endloop
  endfacet
  facet normal -6.874686e-01 -7.090600e-01 1.569102e-01
    outer loop
      vertex   7.445840e+01 7.424616e+01 2.887449e+01
      vertex   7.376341e+01 7.499616e+01 2.921871e+01
      vertex   7.370687e+01 7.499616e+01 2.897099e+01
    endloop
  endfacet
  facet normal -6.758928e-01 -7.049373e-01 2.150170e-01
    outer loop
      vertex   7.445840e+01 7.424616e+01 2.887449e+01
      vertex   7.370687e+01 7.499616e+01 2.897099e+01
      vertex   7.436695e+01 7.424616e+01 2.858704e+01
    endloop
  endfacet
  facet normal -6.561549e-01 -7.093259e-01 2.575218e-01
    outer loop
      vertex   7.436695e+01 7.424616e+01 2.858704e+01
      vertex   7.370687e+01 7.499616e+01 2.897099e+01
      vertex   7.361404e+01 7.499616e+01 2.873447e+01
    endloop
  endfacet
  facet normal -6.442620e-01 -7.050313e-01 2.964075e-01
    outer loop
      vertex   7.436695e+01 7.424616e+01 2.858704e+01
      vertex   7.361404e+01 7.499616e+01 2.873447e+01
      vertex   7.424088e+01 7.424616e+01 2.831300e+01
    endloop
  endfacet
  facet normal -6.109079e-01 -7.087938e-01 3.527079e-01
    outer loop
      vertex   7.424088e+01 7.424616e+01 2.831300e+01
      vertex   7.361404e+01 7.499616e+01 2.873447e+01
      vertex   7.348700e+01 7.499616e+01 2.851443e+01
    endloop
  endfacet
  facet normal -6.023985e-01 -7.056876e-01 3.729894e-01
    outer loop
      vertex   7.424088e+01 7.424616e+01 2.831300e+01
      vertex   7.348700e+01 7.499616e+01 2.851443e+01
      vertex   7.408208e+01 7.424616e+01 2.805653e+01
    endloop
  endfacet
  facet normal -5.525632e-01 -7.074585e-01 4.406545e-01
    outer loop
      vertex   7.408208e+01 7.424616e+01 2.805653e+01
      vertex   7.348700e+01 7.499616e+01 2.851443e+01
      vertex   7.332859e+01 7.499616e+01 2.831578e+01
    endloop
  endfacet
  facet normal -5.510533e-01 -7.069012e-01 4.434309e-01
    outer loop
      vertex   7.408208e+01 7.424616e+01 2.805653e+01
      vertex   7.332859e+01 7.499616e+01 2.831578e+01
      vertex   7.389297e+01 7.424616e+01 2.782152e+01
    endloop
  endfacet
  facet normal -4.929891e-01 -7.060306e-01 5.084118e-01
    outer loop
      vertex   7.389297e+01 7.424616e+01 2.782152e+01
      vertex   7.332859e+01 7.499616e+01 2.831578e+01
      vertex   7.367641e+01 7.424616e+01 2.761154e+01
    endloop
  endfacet
  facet normal -4.800473e-01 -7.084384e-01 5.173680e-01
    outer loop
      vertex   7.367641e+01 7.424616e+01 2.761154e+01
      vertex   7.332859e+01 7.499616e+01 2.831578e+01
      vertex   7.314233e+01 7.499616e+01 2.814296e+01
    endloop
  endfacet
  facet normal -4.272804e-01 -7.051877e-01 5.658107e-01
    outer loop
      vertex   7.367641e+01 7.424616e+01 2.761154e+01
      vertex   7.314233e+01 7.499616e+01 2.814296e+01
      vertex   7.343569e+01 7.424616e+01 2.742975e+01
    endloop
  endfacet
  facet normal -3.971236e-01 -7.092373e-01 5.824734e-01
    outer loop
      vertex   7.343569e+01 7.424616e+01 2.742975e+01
      vertex   7.314233e+01 7.499616e+01 2.814296e+01
      vertex   7.293240e+01 7.499616e+01 2.799983e+01
    endloop
  endfacet
  facet normal -3.546504e-01 -7.049060e-01 6.142724e-01
    outer loop
      vertex   7.343569e+01 7.424616e+01 2.742975e+01
      vertex   7.293240e+01 7.499616e+01 2.799983e+01
      vertex   7.317446e+01 7.424616e+01 2.727893e+01
    endloop
  endfacet
  facet normal -3.058749e-01 -7.092373e-01 6.351558e-01
    outer loop
      vertex   7.317446e+01 7.424616e+01 2.727893e+01
      vertex   7.293240e+01 7.499616e+01 2.799983e+01
      vertex   7.270348e+01 7.499616e+01 2.788959e+01
    endloop
  endfacet
  facet normal -2.763662e-01 -7.051877e-01 6.529410e-01
    outer loop
      vertex   7.317446e+01 7.424616e+01 2.727893e+01
      vertex   7.270348e+01 7.499616e+01 2.788959e+01
      vertex   7.289667e+01 7.424616e+01 2.716135e+01
    endloop
  endfacet
  facet normal -2.080301e-01 -7.084384e-01 6.744171e-01
    outer loop
      vertex   7.289667e+01 7.424616e+01 2.716135e+01
      vertex   7.270348e+01 7.499616e+01 2.788959e+01
      vertex   7.246068e+01 7.499616e+01 2.781470e+01
    endloop
  endfacet
  facet normal -1.938030e-01 -7.060306e-01 6.811470e-01
    outer loop
      vertex   7.289667e+01 7.424616e+01 2.716135e+01
      vertex   7.246068e+01 7.499616e+01 2.781470e+01
      vertex   7.260653e+01 7.424616e+01 2.707880e+01
    endloop
  endfacet
  facet normal -1.084958e-01 -7.069012e-01 6.989416e-01
    outer loop
      vertex   7.260653e+01 7.424616e+01 2.707880e+01
      vertex   7.246068e+01 7.499616e+01 2.781470e+01
      vertex   7.230845e+01 7.424616e+01 2.703253e+01
    endloop
  endfacet
  facet normal -1.053364e-01 -7.074585e-01 6.988610e-01
    outer loop
      vertex   7.230845e+01 7.424616e+01 2.703253e+01
      vertex   7.246068e+01 7.499616e+01 2.781470e+01
      vertex   7.220944e+01 7.499616e+01 2.777683e+01
    endloop
  endfacet
  facet normal -2.181901e-02 -7.056876e-01 7.081871e-01
    outer loop
      vertex   7.230845e+01 7.424616e+01 2.703253e+01
      vertex   7.220944e+01 7.499616e+01 2.777683e+01
      vertex   7.200695e+01 7.424616e+01 2.702324e+01
    endloop
  endfacet
  facet normal 0.000000e+00 -7.087938e-01 7.054157e-01
    outer loop
      vertex   7.200695e+01 7.424616e+01 2.702324e+01
      vertex   7.220944e+01 7.499616e+01 2.777683e+01
      vertex   7.195536e+01 7.499616e+01 2.777683e+01
    endloop
  endfacet
  facet normal 6.543453e-02 -7.050313e-01 7.061510e-01
    outer loop
      vertex   7.200695e+01 7.424616e+01 2.702324e+01
      vertex   7.195536e+01 7.499616e+01 2.777683e+01
      vertex   7.170659e+01 7.424616e+01 2.705107e+01
    endloop
  endfacet
  facet normal 1.050570e-01 -7.093259e-01 6.970077e-01
    outer loop
      vertex   7.170659e+01 7.424616e+01 2.705107e+01
      vertex   7.195536e+01 7.499616e+01 2.777683e+01
      vertex   7.170411e+01 7.499616e+01 2.781470e+01
    endloop
  endfacet
  facet normal 1.517362e-01 -7.049373e-01 6.928488e-01
    outer loop
      vertex   7.170659e+01 7.424616e+01 2.705107e+01
      vertex   7.170411e+01 7.499616e+01 2.781470e+01
      vertex   7.141192e+01 7.424616e+01 2.711560e+01
    endloop
  endfacet
  facet normal 2.078461e-01 -7.090600e-01 6.738204e-01
    outer loop
      vertex   7.141192e+01 7.424616e+01 2.711560e+01
      vertex   7.170411e+01 7.499616e+01 2.781470e+01
      vertex   7.146132e+01 7.499616e+01 2.788959e+01
    endloop
  endfacet
  facet normal 2.355741e-01 -7.054066e-01 6.685106e-01
    outer loop
      vertex   7.141192e+01 7.424616e+01 2.711560e+01
      vertex   7.146132e+01 7.499616e+01 2.788959e+01
      vertex   7.112742e+01 7.424616e+01 2.721586e+01
    endloop
  endfacet
  facet normal 3.064169e-01 -7.079935e-01 6.362813e-01
    outer loop
      vertex   7.112742e+01 7.424616e+01 2.721586e+01
      vertex   7.146132e+01 7.499616e+01 2.788959e+01
      vertex   7.123240e+01 7.499616e+01 2.799983e+01
    endloop
  endfacet
  facet normal 3.154837e-01 -7.064353e-01 6.335766e-01
    outer loop
      vertex   7.112742e+01 7.424616e+01 2.721586e+01
      vertex   7.123240e+01 7.499616e+01 2.799983e+01
      vertex   7.085740e+01 7.424616e+01 2.735032e+01
    endloop
  endfacet
  facet normal 3.909516e-01 -7.064353e-01 5.900052e-01
    outer loop
      vertex   7.085740e+01 7.424616e+01 2.735032e+01
      vertex   7.123240e+01 7.499616e+01 2.799983e+01
      vertex   7.060594e+01 7.424616e+01 2.751694e+01
    endloop
  endfacet
  facet normal 3.978273e-01 -7.079935e-01 5.835055e-01
    outer loop
      vertex   7.060594e+01 7.424616e+01 2.751694e+01
      vertex   7.123240e+01 7.499616e+01 2.799983e+01
      vertex   7.102246e+01 7.499616e+01 2.814296e+01
    endloop
  endfacet
  facet normal 4.611602e-01 -7.054066e-01 5.382684e-01
    outer loop
      vertex   7.060594e+01 7.424616e+01 2.751694e+01
      vertex   7.102246e+01 7.499616e+01 2.814296e+01
      vertex   7.037687e+01 7.424616e+01 2.771319e+01
    endloop
  endfacet
  facet normal 4.796225e-01 -7.090600e-01 5.169102e-01
    outer loop
      vertex   7.037687e+01 7.424616e+01 2.771319e+01
      vertex   7.102246e+01 7.499616e+01 2.814296e+01
      vertex   7.083621e+01 7.499616e+01 2.831578e+01
    endloop
  endfacet
  facet normal 5.241565e-01 -7.049373e-01 4.778318e-01
    outer loop
      vertex   7.037687e+01 7.424616e+01 2.771319e+01
      vertex   7.083621e+01 7.499616e+01 2.831578e+01
      vertex   7.017365e+01 7.424616e+01 2.793611e+01
    endloop
  endfacet
  facet normal 5.510979e-01 -7.093259e-01 4.394859e-01
    outer loop
      vertex   7.017365e+01 7.424616e+01 2.793611e+01
      vertex   7.083621e+01 7.499616e+01 2.831578e+01
      vertex   7.067779e+01 7.499616e+01 2.851443e+01
    endloop
  endfacet
  facet normal 5.788274e-01 -7.050313e-01 4.097435e-01
    outer loop
      vertex   7.017365e+01 7.424616e+01 2.793611e+01
      vertex   7.067779e+01 7.499616e+01 2.851443e+01
      vertex   6.999937e+01 7.424616e+01 2.818232e+01
    endloop
  endfacet
  facet normal 6.109079e-01 -7.087938e-01 3.527079e-01
    outer loop
      vertex   6.999937e+01 7.424616e+01 2.818232e+01
      vertex   7.067779e+01 7.499616e+01 2.851443e+01
      vertex   7.055075e+01 7.499616e+01 2.873447e+01
    endloop
  endfacet
  facet normal 6.242175e-01 -7.056876e-01 3.351977e-01
    outer loop
      vertex   6.999937e+01 7.424616e+01 2.818232e+01
      vertex   7.055075e+01 7.499616e+01 2.873447e+01
      vertex   6.985666e+01 7.424616e+01 2.844807e+01
    endloop
  endfacet
  facet normal 6.578996e-01 -7.074585e-01 2.582066e-01
    outer loop
      vertex   6.985666e+01 7.424616e+01 2.844807e+01
      vertex   7.055075e+01 7.499616e+01 2.873447e+01
      vertex   7.045792e+01 7.499616e+01 2.897099e+01
    endloop
  endfacet
  facet normal 6.595491e-01 -7.069012e-01 2.555107e-01
    outer loop
      vertex   6.985666e+01 7.424616e+01 2.844807e+01
      vertex   7.045792e+01 7.499616e+01 2.897099e+01
      vertex   6.974769e+01 7.424616e+01 2.872935e+01
    endloop
  endfacet
  facet normal 6.867921e-01 -7.060306e-01 1.727351e-01
    outer loop
      vertex   6.974769e+01 7.424616e+01 2.872935e+01
      vertex   7.045792e+01 7.499616e+01 2.897099e+01
      vertex   6.967411e+01 7.424616e+01 2.902189e+01
    endloop
  endfacet
  facet normal 6.880775e-01 -7.084384e-01 1.570492e-01
    outer loop
      vertex   6.967411e+01 7.424616e+01 2.902189e+01
      vertex   7.045792e+01 7.499616e+01 2.897099e+01
      vertex   7.040138e+01 7.499616e+01 2.921871e+01
    endloop
  endfacet
  facet normal 7.036466e-01 -7.051877e-01 8.713034e-02
    outer loop
      vertex   6.967411e+01 7.424616e+01 2.902189e+01
      vertex   7.040138e+01 7.499616e+01 2.921871e+01
      vertex   6.963704e+01 7.424616e+01 2.932125e+01
    endloop
  endfacet
  facet normal 7.029986e-01 -7.092373e-01 5.268246e-02
    outer loop
      vertex   6.963704e+01 7.424616e+01 2.932125e+01
      vertex   7.040138e+01 7.499616e+01 2.921871e+01
      vertex   7.038240e+01 7.499616e+01 2.947208e+01
    endloop
  endfacet
  facet normal 7.093007e-01 -7.049060e-01 0.000000e+00
    outer loop
      vertex   6.963704e+01 7.424616e+01 2.932125e+01
      vertex   7.038240e+01 7.499616e+01 2.947208e+01
      vertex   6.963704e+01 7.424616e+01 2.962290e+01
    endloop
  endfacet
  facet normal 7.029986e-01 -7.092373e-01 -5.268246e-02
    outer loop
      vertex   6.963704e+01 7.424616e+01 2.962290e+01
      vertex   7.038240e+01 7.499616e+01 2.947208e+01
      vertex   7.040138e+01 7.499616e+01 2.972545e+01
    endloop
  endfacet
  facet normal 7.036466e-01 -7.051877e-01 -8.713034e-02
    outer loop
      vertex   6.963704e+01 7.424616e+01 2.962290e+01
      vertex   7.040138e+01 7.499616e+01 2.972545e+01
      vertex   6.967411e+01 7.424616e+01 2.992226e+01
    endloop
  endfacet
  facet normal 6.880775e-01 -7.084384e-01 -1.570492e-01
    outer loop
      vertex   6.967411e+01 7.424616e+01 2.992226e+01
      vertex   7.040138e+01 7.499616e+01 2.972545e+01
      vertex   7.045792e+01 7.499616e+01 2.997316e+01
    endloop
  endfacet
  facet normal 6.867921e-01 -7.060306e-01 -1.727351e-01
    outer loop
      vertex   6.967411e+01 7.424616e+01 2.992226e+01
      vertex   7.045792e+01 7.499616e+01 2.997316e+01
      vertex   6.974769e+01 7.424616e+01 3.021480e+01
    endloop
  endfacet
  facet normal 6.595491e-01 -7.069012e-01 -2.555107e-01
    outer loop
      vertex   6.974769e+01 7.424616e+01 3.021480e+01
      vertex   7.045792e+01 7.499616e+01 2.997316e+01
      vertex   6.985666e+01 7.424616e+01 3.049608e+01
    endloop
  endfacet
  facet normal 6.578996e-01 -7.074585e-01 -2.582066e-01
    outer loop
      vertex   6.985666e+01 7.424616e+01 3.049608e+01
      vertex   7.045792e+01 7.499616e+01 2.997316e+01
      vertex   7.055075e+01 7.499616e+01 3.020968e+01
    endloop
  endfacet
  facet normal 6.242175e-01 -7.056876e-01 -3.351977e-01
    outer loop
      vertex   6.985666e+01 7.424616e+01 3.049608e+01
      vertex   7.055075e+01 7.499616e+01 3.020968e+01
      vertex   6.999937e+01 7.424616e+01 3.076184e+01
    endloop
  endfacet
  facet normal 6.109079e-01 -7.087938e-01 -3.527079e-01
    outer loop
      vertex   6.999937e+01 7.424616e+01 3.076184e+01
      vertex   7.055075e+01 7.499616e+01 3.020968e+01
      vertex   7.067779e+01 7.499616e+01 3.042972e+01
    endloop
  endfacet
  facet normal 5.788274e-01 -7.050313e-01 -4.097435e-01
    outer loop
      vertex   6.999937e+01 7.424616e+01 3.076184e+01
      vertex   7.067779e+01 7.499616e+01 3.042972e+01
      vertex   7.017365e+01 7.424616e+01 3.100804e+01
    endloop
  endfacet
  facet normal 5.510979e-01 -7.093259e-01 -4.394859e-01
    outer loop
      vertex   7.017365e+01 7.424616e+01 3.100804e+01
      vertex   7.067779e+01 7.499616e+01 3.042972e+01
      vertex   7.083621e+01 7.499616e+01 3.062837e+01
    endloop
  endfacet
  facet normal 5.241565e-01 -7.049373e-01 -4.778318e-01
    outer loop
      vertex   7.017365e+01 7.424616e+01 3.100804e+01
      vertex   7.083621e+01 7.499616e+01 3.062837e+01
      vertex   7.037687e+01 7.424616e+01 3.123096e+01
    endloop
  endfacet
  facet normal 4.796225e-01 -7.090600e-01 -5.169102e-01
    outer loop
      vertex   7.037687e+01 7.424616e+01 3.123096e+01
      vertex   7.083621e+01 7.499616e+01 3.062837e+01
      vertex   7.102246e+01 7.499616e+01 3.080119e+01
    endloop
  endfacet
  facet normal 4.611602e-01 -7.054066e-01 -5.382684e-01
    outer loop
      vertex   7.037687e+01 7.424616e+01 3.123096e+01
      vertex   7.102246e+01 7.499616e+01 3.080119e+01
      vertex   7.060594e+01 7.424616e+01 3.142722e+01
    endloop
  endfacet
  facet normal 3.978273e-01 -7.079935e-01 -5.835055e-01
    outer loop
      vertex   7.060594e+01 7.424616e+01 3.142722e+01
      vertex   7.102246e+01 7.499616e+01 3.080119e+01
      vertex   7.123240e+01 7.499616e+01 3.094432e+01
    endloop
  endfacet
  facet normal 3.909516e-01 -7.064353e-01 -5.900052e-01
    outer loop
      vertex   7.060594e+01 7.424616e+01 3.142722e+01
      vertex   7.123240e+01 7.499616e+01 3.094432e+01
      vertex   7.085740e+01 7.424616e+01 3.159384e+01
    endloop
  endfacet
  facet normal 3.154837e-01 -7.064353e-01 -6.335766e-01
    outer loop
      vertex   7.085740e+01 7.424616e+01 3.159384e+01
      vertex   7.123240e+01 7.499616e+01 3.094432e+01
      vertex   7.112742e+01 7.424616e+01 3.172830e+01
    endloop
  endfacet
  facet normal 3.064169e-01 -7.079935e-01 -6.362813e-01
    outer loop
      vertex   7.112742e+01 7.424616e+01 3.172830e+01
      vertex   7.123240e+01 7.499616e+01 3.094432e+01
      vertex   7.146132e+01 7.499616e+01 3.105456e+01
    endloop
  endfacet
  facet normal 2.355741e-01 -7.054066e-01 -6.685106e-01
    outer loop
      vertex   7.112742e+01 7.424616e+01 3.172830e+01
      vertex   7.146132e+01 7.499616e+01 3.105456e+01
      vertex   7.141192e+01 7.424616e+01 3.182855e+01
    endloop
  endfacet
  facet normal 2.078461e-01 -7.090600e-01 -6.738204e-01
    outer loop
      vertex   7.141192e+01 7.424616e+01 3.182855e+01
      vertex   7.146132e+01 7.499616e+01 3.105456e+01
      vertex   7.170411e+01 7.499616e+01 3.112945e+01
    endloop
  endfacet
  facet normal 1.517362e-01 -7.049373e-01 -6.928488e-01
    outer loop
      vertex   7.141192e+01 7.424616e+01 3.182855e+01
      vertex   7.170411e+01 7.499616e+01 3.112945e+01
      vertex   7.170659e+01 7.424616e+01 3.189308e+01
    endloop
  endfacet
  facet normal 1.050570e-01 -7.093259e-01 -6.970077e-01
    outer loop
      vertex   7.170659e+01 7.424616e+01 3.189308e+01
      vertex   7.170411e+01 7.499616e+01 3.112945e+01
      vertex   7.195536e+01 7.499616e+01 3.116732e+01
    endloop
  endfacet
  facet normal 6.543453e-02 -7.050313e-01 -7.061510e-01
    outer loop
      vertex   7.170659e+01 7.424616e+01 3.189308e+01
      vertex   7.195536e+01 7.499616e+01 3.116732e+01
      vertex   7.200695e+01 7.424616e+01 3.192092e+01
    endloop
  endfacet
  facet normal 0.000000e+00 -7.087938e-01 -7.054157e-01
    outer loop
      vertex   7.200695e+01 7.424616e+01 3.192092e+01
      vertex   7.195536e+01 7.499616e+01 3.116732e+01
      vertex   7.220944e+01 7.499616e+01 3.116732e+01
    endloop
  endfacet
  facet normal -2.181901e-02 -7.056876e-01 -7.081871e-01
    outer loop
      vertex   7.200695e+01 7.424616e+01 3.192092e+01
      vertex   7.220944e+01 7.499616e+01 3.116732e+01
      vertex   7.230845e+01 7.424616e+01 3.191163e+01
    endloop
  endfacet
  facet normal -1.053364e-01 -7.074585e-01 -6.988610e-01
    outer loop
      vertex   7.230845e+01 7.424616e+01 3.191163e+01
      vertex   7.220944e+01 7.499616e+01 3.116732e+01
      vertex   7.246068e+01 7.499616e+01 3.112945e+01
    endloop
  endfacet
  facet normal -1.084958e-01 -7.069012e-01 -6.989416e-01
    outer loop
      vertex   7.230845e+01 7.424616e+01 3.191163e+01
      vertex   7.246068e+01 7.499616e+01 3.112945e+01
      vertex   7.260653e+01 7.424616e+01 3.186536e+01
    endloop
  endfacet
  facet normal -1.938030e-01 -7.060306e-01 -6.811470e-01
    outer loop
      vertex   7.260653e+01 7.424616e+01 3.186536e+01
      vertex   7.246068e+01 7.499616e+01 3.112945e+01
      vertex   7.289667e+01 7.424616e+01 3.178281e+01
    endloop
  endfacet
  facet normal -2.080301e-01 -7.084384e-01 -6.744171e-01
    outer loop
      vertex   7.289667e+01 7.424616e+01 3.178281e+01
      vertex   7.246068e+01 7.499616e+01 3.112945e+01
      vertex   7.270348e+01 7.499616e+01 3.105456e+01
    endloop
  endfacet
  facet normal -2.763662e-01 -7.051877e-01 -6.529410e-01
    outer loop
      vertex   7.289667e+01 7.424616e+01 3.178281e+01
      vertex   7.270348e+01 7.499616e+01 3.105456e+01
      vertex   7.317446e+01 7.424616e+01 3.166523e+01
    endloop
  endfacet
  facet normal -3.058749e-01 -7.092373e-01 -6.351558e-01
    outer loop
      vertex   7.317446e+01 7.424616e+01 3.166523e+01
      vertex   7.270348e+01 7.499616e+01 3.105456e+01
      vertex   7.293240e+01 7.499616e+01 3.094432e+01
    endloop
  endfacet
  facet normal -3.546504e-01 -7.049060e-01 -6.142724e-01
    outer loop
      vertex   7.317446e+01 7.424616e+01 3.166523e+01
      vertex   7.293240e+01 7.499616e+01 3.094432e+01
      vertex   7.343569e+01 7.424616e+01 3.151440e+01
    endloop
  endfacet
  facet normal -3.971236e-01 -7.092373e-01 -5.824734e-01
    outer loop
      vertex   7.343569e+01 7.424616e+01 3.151440e+01
      vertex   7.293240e+01 7.499616e+01 3.094432e+01
      vertex   7.314233e+01 7.499616e+01 3.080119e+01
    endloop
  endfacet
  facet normal -4.272804e-01 -7.051877e-01 -5.658107e-01
    outer loop
      vertex   7.343569e+01 7.424616e+01 3.151440e+01
      vertex   7.314233e+01 7.499616e+01 3.080119e+01
      vertex   7.367641e+01 7.424616e+01 3.133262e+01
    endloop
  endfacet
  facet normal -4.800473e-01 -7.084384e-01 -5.173680e-01
    outer loop
      vertex   7.367641e+01 7.424616e+01 3.133262e+01
      vertex   7.314233e+01 7.499616e+01 3.080119e+01
      vertex   7.332859e+01 7.499616e+01 3.062837e+01
    endloop
  endfacet
  facet normal -4.929891e-01 -7.060306e-01 -5.084118e-01
    outer loop
      vertex   7.367641e+01 7.424616e+01 3.133262e+01
      vertex   7.332859e+01 7.499616e+01 3.062837e+01
      vertex   7.389297e+01 7.424616e+01 3.112263e+01
    endloop
  endfacet
  facet normal -5.510533e-01 -7.069012e-01 -4.434309e-01
    outer loop
      vertex   7.389297e+01 7.424616e+01 3.112263e+01
      vertex   7.332859e+01 7.499616e+01 3.062837e+01
      vertex   7.408208e+01 7.424616e+01 3.088762e+01
    endloop
  endfacet
  facet normal -5.525632e-01 -7.074585e-01 -4.406545e-01
    outer loop
      vertex   7.408208e+01 7.424616e+01 3.088762e+01
      vertex   7.332859e+01 7.499616e+01 3.062837e+01
      vertex   7.348700e+01 7.499616e+01 3.042972e+01
    endloop
  endfacet
  facet normal -6.023985e-01 -7.056876e-01 -3.729894e-01
    outer loop
      vertex   7.408208e+01 7.424616e+01 3.088762e+01
      vertex   7.348700e+01 7.499616e+01 3.042972e+01
      vertex   7.424088e+01 7.424616e+01 3.063116e+01
    endloop
  endfacet
  facet normal -6.109079e-01 -7.087938e-01 -3.527079e-01
    outer loop
      vertex   7.424088e+01 7.424616e+01 3.063116e+01
      vertex   7.348700e+01 7.499616e+01 3.042972e+01
      vertex   7.361404e+01 7.499616e+01 3.020968e+01
    endloop
  endfacet
  facet normal -6.442620e-01 -7.050313e-01 -2.964075e-01
    outer loop
      vertex   7.424088e+01 7.424616e+01 3.063116e+01
      vertex   7.361404e+01 7.499616e+01 3.020968e+01
      vertex   7.436695e+01 7.424616e+01 3.035712e+01
    endloop
  endfacet
  facet normal -6.561549e-01 -7.093259e-01 -2.575218e-01
    outer loop
      vertex   7.436695e+01 7.424616e+01 3.035712e+01
      vertex   7.361404e+01 7.499616e+01 3.020968e+01
      vertex   7.370687e+01 7.499616e+01 2.997316e+01
    endloop
  endfacet
  facet normal -6.758928e-01 -7.049373e-01 -2.150170e-01
    outer loop
      vertex   7.436695e+01 7.424616e+01 3.035712e+01
      vertex   7.370687e+01 7.499616e+01 2.997316e+01
      vertex   7.445840e+01 7.424616e+01 3.006967e+01
    endloop
  endfacet
  facet normal -6.874686e-01 -7.090600e-01 -1.569102e-01
    outer loop
      vertex   7.445840e+01 7.424616e+01 3.006967e+01
      vertex   7.370687e+01 7.499616e+01 2.997316e+01
      vertex   7.376341e+01 7.499616e+01 2.972545e+01
    endloop
  endfacet
  facet normal -6.967342e-01 -7.054066e-01 -1.302422e-01
    outer loop
      vertex   7.445840e+01 7.424616e+01 3.006967e+01
      vertex   7.376341e+01 7.499616e+01 2.972545e+01
      vertex   7.451383e+01 7.424616e+01 2.977315e+01
    endloop
  endfacet
  facet normal -7.042443e-01 -7.079935e-01 -5.277581e-02
    outer loop
      vertex   7.451383e+01 7.424616e+01 2.977315e+01
      vertex   7.376341e+01 7.499616e+01 2.972545e+01
      vertex   7.378240e+01 7.499616e+01 2.947208e+01
    endloop
  endfacet
  facet normal 0.000000e+00 -1.000000e+00 0.000000e+00
    outer loop
      vertex   5.626953e+01 7.424616e+01 6.201983e+01
      vertex   5.628810e+01 7.424616e+01 6.171876e+01
      vertex   5.698487e+01 7.424616e+01 6.493557e+01
    endloop
  endfacet
  facet normal 0.000000e+00 -1.000000e+00 0.000000e+00
    outer loop
      vertex   5.698487e+01 7.424616e+01 6.493557e+01
      vertex   5.628810e+01 7.424616e+01 6.171876e+01
      vertex   5.626953e+01 7.424616e+01 6.141768e+01
    endloop
  endfacet
  facet normal 0.000000e+00 -1.000000e+00 -0.000000e+00
    outer loop
      vertex   5.698487e+01 7.424616e+01 6.493557e+01
      vertex   5.626953e+01 7.424616e+01 6.141768e+01
      vertex   6.315379e+01 7.424616e+01 4.151076e+01
    endloop
  endfacet
  facet normal 0.000000e+00 -1.000000e+00 0.000000e+00
    outer loop
      vertex   6.315379e+01 7.424616e+01 4.151076e+01
      vertex   5.626953e+01 7.424616e+01 6.141768e+01
      vertex   5.621411e+01 7.424616e+01 6.112117e+01
    endloop
  endfacet
  facet normal 0.000000e+00 -1.000000e+00 0.000000e+00
    outer loop
      vertex   6.315379e+01 7.424616e+01 4.151076e+01
      vertex   5.621411e+01 7.424616e+01 6.112117e+01
      vertex   5.612266e+01 7.424616e+01 6.083371e+01
    endloop
  endfacet
  facet normal 0.000000e+00 -1.000000e+00 -0.000000e+00
    outer loop
      vertex   5.612266e+01 7.424616e+01 6.083371e+01
      vertex   5.599658e+01 7.424616e+01 6.055968e+01
      vertex   6.315379e+01 7.424616e+01 4.151076e+01
    endloop
  endfacet
  facet normal 0.000000e+00 -1.000000e+00 0.000000e+00
    outer loop
      vertex   6.315379e+01 7.424616e+01 4.151076e+01
      vertex   5.599658e+01 7.424616e+01 6.055968e+01
      vertex   5.583779e+01 7.424616e+01 6.030321e+01
    endloop
  endfacet
  facet normal 0.000000e+00 -1.000000e+00 0.000000e+00
    outer loop
      vertex   6.315379e+01 7.424616e+01 4.151076e+01
      vertex   5.583779e+01 7.424616e+01 6.030321e+01
      vertex   5.564868e+01 7.424616e+01 6.006820e+01
    endloop
  endfacet
  facet normal 0.000000e+00 -1.000000e+00 -0.000000e+00
    outer loop
      vertex   5.564868e+01 7.424616e+01 6.006820e+01
      vertex   5.543212e+01 7.424616e+01 5.985821e+01
      vertex   6.315379e+01 7.424616e+01 4.151076e+01
    endloop
  endfacet
  facet normal 0.000000e+00 -1.000000e+00 0.000000e+00
    outer loop
      vertex   6.315379e+01 7.424616e+01 4.151076e+01
      vertex   5.543212e+01 7.424616e+01 5.985821e+01
      vertex   5.519140e+01 7.424616e+01 5.967643e+01
    endloop
  endfacet
  facet normal 0.000000e+00 -1.000000e+00 0.000000e+00
    outer loop
      vertex   6.315379e+01 7.424616e+01 4.151076e+01
      vertex   5.519140e+01 7.424616e+01 5.967643e+01
      vertex   5.493016e+01 7.424616e+01 5.952561e+01
    endloop
  endfacet
  facet normal 0.000000e+00 -1.000000e+00 -0.000000e+00
    outer loop
      vertex   5.493016e+01 7.424616e+01 5.952561e+01
      vertex   5.465237e+01 7.424616e+01 5.940803e+01
      vertex   6.315379e+01 7.424616e+01 4.151076e+01
    endloop
  endfacet
  facet normal 0.000000e+00 -1.000000e+00 0.000000e+00
    outer loop
      vertex   6.315379e+01 7.424616e+01 4.151076e+01
      vertex   5.465237e+01 7.424616e+01 5.940803e+01
      vertex   5.436224e+01 7.424616e+01 5.932548e+01
    endloop
  endfacet
  facet normal 0.000000e+00 -1.000000e+00 0.000000e+00
    outer loop
      vertex   6.315379e+01 7.424616e+01 4.151076e+01
      vertex   5.436224e+01 7.424616e+01 5.932548e+01
      vertex   5.406416e+01 7.424616e+01 5.927921e+01
    endloop
  endfacet
  facet normal 0.000000e+00 -1.000000e+00 -0.000000e+00
    outer loop
      vertex   5.406416e+01 7.424616e+01 5.927921e+01
      vertex   5.376266e+01 7.424616e+01 5.926992e+01
      vertex   6.315379e+01 7.424616e+01 4.151076e+01
    endloop
  endfacet
  facet normal 0.000000e+00 -1.000000e+00 0.000000e+00
    outer loop
      vertex   6.315379e+01 7.424616e+01 4.151076e+01
      vertex   5.376266e+01 7.424616e+01 5.926992e+01
      vertex   5.346229e+01 7.424616e+01 5.929775e+01
    endloop
  endfacet
  facet normal 0.000000e+00 -1.000000e+00 0.000000e+00
    outer loop
      vertex   6.315379e+01 7.424616e+01 4.151076e+01
      vertex   5.346229e+01 7.424616e+01 5.929775e+01
      vertex   5.316763e+01 7.424616e+01 5.936228e+01
    endloop
  endfacet
  facet normal 0.000000e+00 -1.000000e+00 0.000000e+00
    outer loop
      vertex   6.315379e+01 7.424616e+01 4.151076e+01
      vertex   5.316763e+01 7.424616e+01 5.936228e+01
      vertex   5.021686e+01 7.424616e+01 5.904732e+01
    endloop
  endfacet
  facet normal 0.000000e+00 -1.000000e+00 0.000000e+00
    outer loop
      vertex   5.021686e+01 7.424616e+01 5.904732e+01
      vertex   5.316763e+01 7.424616e+01 5.936228e+01
      vertex   5.288313e+01 7.424616e+01 5.946254e+01
    endloop
  endfacet
  facet normal 0.000000e+00 -1.000000e+00 0.000000e+00
    outer loop
      vertex   5.021686e+01 7.424616e+01 5.904732e+01
      vertex   5.288313e+01 7.424616e+01 5.946254e+01
      vertex   5.261310e+01 7.424616e+01 5.959699e+01
    endloop
  endfacet
  facet normal -0.000000e+00 -1.000000e+00 0.000000e+00
    outer loop
      vertex   5.261310e+01 7.424616e+01 5.959699e+01
      vertex   5.236165e+01 7.424616e+01 5.976361e+01
      vertex   5.021686e+01 7.424616e+01 5.904732e+01
    endloop
  endfacet
  facet normal 0.000000e+00 -1.000000e+00 0.000000e+00
    outer loop
      vertex   5.021686e+01 7.424616e+01 5.904732e+01
      vertex   5.236165e+01 7.424616e+01 5.976361e+01
      vertex   5.213258e+01 7.424616e+01 5.995987e+01
    endloop
  endfacet
  facet normal 0.000000e+00 -1.000000e+00 0.000000e+00
    outer loop
      vertex   5.021686e+01 7.424616e+01 5.904732e+01
      vertex   5.213258e+01 7.424616e+01 5.995987e+01
      vertex   5.192936e+01 7.424616e+01 6.018279e+01
    endloop
  endfacet
  facet normal -0.000000e+00 -1.000000e+00 0.000000e+00
    outer loop
      vertex   5.192936e+01 7.424616e+01 6.018279e+01
      vertex   5.175507e+01 7.424616e+01 6.042900e+01
      vertex   5.021686e+01 7.424616e+01 5.904732e+01
    endloop
  endfacet
  facet normal 0.000000e+00 -1.000000e+00 0.000000e+00
    outer loop
      vertex   5.021686e+01 7.424616e+01 5.904732e+01
      vertex   5.175507e+01 7.424616e+01 6.042900e+01
      vertex   5.161236e+01 7.424616e+01 6.069475e+01
    endloop
  endfacet
  facet normal 0.000000e+00 -1.000000e+00 0.000000e+00
    outer loop
      vertex   5.021686e+01 7.424616e+01 5.904732e+01
      vertex   5.161236e+01 7.424616e+01 6.069475e+01
      vertex   5.150340e+01 7.424616e+01 6.097603e+01
    endloop
  endfacet
  facet normal -0.000000e+00 -1.000000e+00 0.000000e+00
    outer loop
      vertex   5.150340e+01 7.424616e+01 6.097603e+01
      vertex   5.142982e+01 7.424616e+01 6.126857e+01
      vertex   5.021686e+01 7.424616e+01 5.904732e+01
    endloop
  endfacet
  facet normal 0.000000e+00 -1.000000e+00 0.000000e+00
    outer loop
      vertex   5.021686e+01 7.424616e+01 5.904732e+01
      vertex   5.142982e+01 7.424616e+01 6.126857e+01
      vertex   5.139275e+01 7.424616e+01 6.156793e+01
    endloop
  endfacet
  facet normal 0.000000e+00 -1.000000e+00 0.000000e+00
    outer loop
      vertex   5.021686e+01 7.424616e+01 5.904732e+01
      vertex   5.139275e+01 7.424616e+01 6.156793e+01
      vertex   5.019928e+01 7.424616e+01 6.436621e+01
    endloop
  endfacet
  facet normal 0.000000e+00 -1.000000e+00 0.000000e+00
    outer loop
      vertex   5.019928e+01 7.424616e+01 6.436621e+01
      vertex   5.139275e+01 7.424616e+01 6.156793e+01
      vertex   5.139275e+01 7.424616e+01 6.186958e+01
    endloop
  endfacet
  facet normal 0.000000e+00 -1.000000e+00 0.000000e+00
    outer loop
      vertex   5.019928e+01 7.424616e+01 6.436621e+01
      vertex   5.139275e+01 7.424616e+01 6.186958e+01
      vertex   5.045293e+01 7.424616e+01 6.468365e+01
    endloop
  endfacet
  facet normal 0.000000e+00 -1.000000e+00 0.000000e+00
    outer loop
      vertex   5.045293e+01 7.424616e+01 6.468365e+01
      vertex   5.139275e+01 7.424616e+01 6.186958e+01
      vertex   5.142982e+01 7.424616e+01 6.216894e+01
    endloop
  endfacet
  facet normal 0.000000e+00 -1.000000e+00 0.000000e+00
    outer loop
      vertex   5.045293e+01 7.424616e+01 6.468365e+01
      vertex   5.142982e+01 7.424616e+01 6.216894e+01
      vertex   5.073417e+01 7.424616e+01 6.497692e+01
    endloop
  endfacet
  facet normal 0.000000e+00 -1.000000e+00 0.000000e+00
    outer loop
      vertex   5.073417e+01 7.424616e+01 6.497692e+01
      vertex   5.142982e+01 7.424616e+01 6.216894e+01
      vertex   5.104073e+01 7.424616e+01 6.524362e+01
    endloop
  endfacet
  facet normal 0.000000e+00 -1.000000e+00 0.000000e+00
    outer loop
      vertex   5.104073e+01 7.424616e+01 6.524362e+01
      vertex   5.142982e+01 7.424616e+01 6.216894e+01
      vertex   5.150340e+01 7.424616e+01 6.246148e+01
    endloop
  endfacet
  facet normal 0.000000e+00 -1.000000e+00 0.000000e+00
    outer loop
      vertex   5.104073e+01 7.424616e+01 6.524362e+01
      vertex   5.150340e+01 7.424616e+01 6.246148e+01
      vertex   5.161236e+01 7.424616e+01 6.274276e+01
    endloop
  endfacet
  facet normal 0.000000e+00 -1.000000e+00 0.000000e+00
    outer loop
      vertex   5.104073e+01 7.424616e+01 6.524362e+01
      vertex   5.161236e+01 7.424616e+01 6.274276e+01
      vertex   5.137009e+01 7.424616e+01 6.548159e+01
    endloop
  endfacet
  facet normal 0.000000e+00 -1.000000e+00 0.000000e+00
    outer loop
      vertex   5.137009e+01 7.424616e+01 6.548159e+01
      vertex   5.161236e+01 7.424616e+01 6.274276e+01
      vertex   5.175507e+01 7.424616e+01 6.300851e+01
    endloop
  endfacet
  facet normal 0.000000e+00 -1.000000e+00 0.000000e+00
    outer loop
      vertex   5.137009e+01 7.424616e+01 6.548159e+01
      vertex   5.175507e+01 7.424616e+01 6.300851e+01
      vertex   5.171957e+01 7.424616e+01 6.568887e+01
    endloop
  endfacet
  facet normal 0.000000e+00 -1.000000e+00 0.000000e+00
    outer loop
      vertex   5.171957e+01 7.424616e+01 6.568887e+01
      vertex   5.175507e+01 7.424616e+01 6.300851e+01
      vertex   5.192936e+01 7.424616e+01 6.325472e+01
    endloop
  endfacet
  facet normal 0.000000e+00 -1.000000e+00 0.000000e+00
    outer loop
      vertex   5.171957e+01 7.424616e+01 6.568887e+01
      vertex   5.192936e+01 7.424616e+01 6.325472e+01
      vertex   5.213258e+01 7.424616e+01 6.347764e+01
    endloop
  endfacet
  facet normal 0.000000e+00 -1.000000e+00 0.000000e+00
    outer loop
      vertex   5.171957e+01 7.424616e+01 6.568887e+01
      vertex   5.213258e+01 7.424616e+01 6.347764e+01
      vertex   5.208633e+01 7.424616e+01 6.586379e+01
    endloop
  endfacet
  facet normal 0.000000e+00 -1.000000e+00 0.000000e+00
    outer loop
      vertex   5.208633e+01 7.424616e+01 6.586379e+01
      vertex   5.213258e+01 7.424616e+01 6.347764e+01
      vertex   5.236165e+01 7.424616e+01 6.367390e+01
    endloop
  endfacet
  facet normal 0.000000e+00 -1.000000e+00 0.000000e+00
    outer loop
      vertex   5.208633e+01 7.424616e+01 6.586379e+01
      vertex   5.236165e+01 7.424616e+01 6.367390e+01
      vertex   5.246736e+01 7.424616e+01 6.600490e+01
    endloop
  endfacet
  facet normal 0.000000e+00 -1.000000e+00 -0.000000e+00
    outer loop
      vertex   5.246736e+01 7.424616e+01 6.600490e+01
      vertex   5.236165e+01 7.424616e+01 6.367390e+01
      vertex   5.261310e+01 7.424616e+01 6.384052e+01
    endloop
  endfacet
  facet normal 0.000000e+00 -1.000000e+00 0.000000e+00
    outer loop
      vertex   5.246736e+01 7.424616e+01 6.600490e+01
      vertex   5.261310e+01 7.424616e+01 6.384052e+01
      vertex   5.285958e+01 7.424616e+01 6.611108e+01
    endloop
  endfacet
  facet normal 0.000000e+00 -1.000000e+00 -0.000000e+00
    outer loop
      vertex   5.285958e+01 7.424616e+01 6.611108e+01
      vertex   5.261310e+01 7.424616e+01 6.384052e+01
      vertex   5.288313e+01 7.424616e+01 6.397497e+01
    endloop
  endfacet
  facet normal 0.000000e+00 -1.000000e+00 0.000000e+00
    outer loop
      vertex   5.285958e+01 7.424616e+01 6.611108e+01
      vertex   5.288313e+01 7.424616e+01 6.397497e+01
      vertex   5.316763e+01 7.424616e+01 6.407523e+01
    endloop
  endfacet
  facet normal 0.000000e+00 -1.000000e+00 0.000000e+00
    outer loop
      vertex   5.285958e+01 7.424616e+01 6.611108e+01
      vertex   5.316763e+01 7.424616e+01 6.407523e+01
      vertex   5.325977e+01 7.424616e+01 6.618144e+01
    endloop
  endfacet
  facet normal 0.000000e+00 -1.000000e+00 -0.000000e+00
    outer loop
      vertex   5.325977e+01 7.424616e+01 6.618144e+01
      vertex   5.316763e+01 7.424616e+01 6.407523e+01
      vertex   5.346229e+01 7.424616e+01 6.413976e+01
    endloop
  endfacet
  facet normal 0.000000e+00 -1.000000e+00 0.000000e+00
    outer loop
      vertex   5.325977e+01 7.424616e+01 6.618144e+01
      vertex   5.346229e+01 7.424616e+01 6.413976e+01
      vertex   5.366468e+01 7.424616e+01 6.621541e+01
    endloop
  endfacet
  facet normal 0.000000e+00 -1.000000e+00 -0.000000e+00
    outer loop
      vertex   5.366468e+01 7.424616e+01 6.621541e+01
      vertex   5.346229e+01 7.424616e+01 6.413976e+01
      vertex   5.376266e+01 7.424616e+01 6.416759e+01
    endloop
  endfacet
  facet normal 0.000000e+00 -1.000000e+00 0.000000e+00
    outer loop
      vertex   5.366468e+01 7.424616e+01 6.621541e+01
      vertex   5.376266e+01 7.424616e+01 6.416759e+01
      vertex   5.407100e+01 7.424616e+01 6.621272e+01
    endloop
  endfacet
  facet normal 0.000000e+00 -1.000000e+00 0.000000e+00
    outer loop
      vertex   5.407100e+01 7.424616e+01 6.621272e+01
      vertex   5.376266e+01 7.424616e+01 6.416759e+01
      vertex   5.406416e+01 7.424616e+01 6.415830e+01
    endloop
  endfacet
  facet normal 0.000000e+00 -1.000000e+00 -0.000000e+00
    outer loop
      vertex   5.407100e+01 7.424616e+01 6.621272e+01
      vertex   5.406416e+01 7.424616e+01 6.415830e+01
      vertex   5.436224e+01 7.424616e+01 6.411203e+01
    endloop
  endfacet
  facet normal 0.000000e+00 -1.000000e+00 0.000000e+00
    outer loop
      vertex   5.407100e+01 7.424616e+01 6.621272e+01
      vertex   5.436224e+01 7.424616e+01 6.411203e+01
      vertex   5.447543e+01 7.424616e+01 6.617340e+01
    endloop
  endfacet
  facet normal 0.000000e+00 -1.000000e+00 -0.000000e+00
    outer loop
      vertex   5.447543e+01 7.424616e+01 6.617340e+01
      vertex   5.436224e+01 7.424616e+01 6.411203e+01
      vertex   5.465237e+01 7.424616e+01 6.402948e+01
    endloop
  endfacet
  facet normal 0.000000e+00 -1.000000e+00 0.000000e+00
    outer loop
      vertex   5.447543e+01 7.424616e+01 6.617340e+01
      vertex   5.465237e+01 7.424616e+01 6.402948e+01
      vertex   5.487466e+01 7.424616e+01 6.609775e+01
    endloop
  endfacet
  facet normal 0.000000e+00 -1.000000e+00 -0.000000e+00
    outer loop
      vertex   5.487466e+01 7.424616e+01 6.609775e+01
      vertex   5.465237e+01 7.424616e+01 6.402948e+01
      vertex   5.493016e+01 7.424616e+01 6.391191e+01
    endloop
  endfacet
  facet normal 0.000000e+00 -1.000000e+00 0.000000e+00
    outer loop
      vertex   5.487466e+01 7.424616e+01 6.609775e+01
      vertex   5.493016e+01 7.424616e+01 6.391191e+01
      vertex   5.526543e+01 7.424616e+01 6.598639e+01
    endloop
  endfacet
  facet normal 0.000000e+00 -1.000000e+00 0.000000e+00
    outer loop
      vertex   5.526543e+01 7.424616e+01 6.598639e+01
      vertex   5.493016e+01 7.424616e+01 6.391191e+01
      vertex   5.519140e+01 7.424616e+01 6.376108e+01
    endloop
  endfacet
  facet normal 0.000000e+00 -1.000000e+00 -0.000000e+00
    outer loop
      vertex   5.526543e+01 7.424616e+01 6.598639e+01
      vertex   5.519140e+01 7.424616e+01 6.376108e+01
      vertex   5.543212e+01 7.424616e+01 6.357930e+01
    endloop
  endfacet
  facet normal 0.000000e+00 -1.000000e+00 0.000000e+00
    outer loop
      vertex   5.526543e+01 7.424616e+01 6.598639e+01
      vertex   5.543212e+01 7.424616e+01 6.357930e+01
      vertex   5.564457e+01 7.424616e+01 6.584025e+01
    endloop
  endfacet
  facet normal 0.000000e+00 -1.000000e+00 -0.000000e+00
    outer loop
      vertex   5.564457e+01 7.424616e+01 6.584025e+01
      vertex   5.543212e+01 7.424616e+01 6.357930e+01
      vertex   5.564868e+01 7.424616e+01 6.336931e+01
    endloop
  endfacet
  facet normal 0.000000e+00 -1.000000e+00 0.000000e+00
    outer loop
      vertex   5.564457e+01 7.424616e+01 6.584025e+01
      vertex   5.564868e+01 7.424616e+01 6.336931e+01
      vertex   5.600898e+01 7.424616e+01 6.566049e+01
    endloop
  endfacet
  facet normal 0.000000e+00 -1.000000e+00 0.000000e+00
    outer loop
      vertex   5.600898e+01 7.424616e+01 6.566049e+01
      vertex   5.564868e+01 7.424616e+01 6.336931e+01
      vertex   5.583779e+01 7.424616e+01 6.313430e+01
    endloop
  endfacet
  facet normal 0.000000e+00 -1.000000e+00 -0.000000e+00
    outer loop
      vertex   5.600898e+01 7.424616e+01 6.566049e+01
      vertex   5.583779e+01 7.424616e+01 6.313430e+01
      vertex   5.635569e+01 7.424616e+01 6.544860e+01
    endloop
  endfacet
  facet normal 0.000000e+00 -1.000000e+00 0.000000e+00
    outer loop
      vertex   5.635569e+01 7.424616e+01 6.544860e+01
      vertex   5.583779e+01 7.424616e+01 6.313430e+01
      vertex   5.599658e+01 7.424616e+01 6.287784e+01
    endloop
  endfacet
  facet normal 0.000000e+00 -1.000000e+00 0.000000e+00
    outer loop
      vertex   5.635569e+01 7.424616e+01 6.544860e+01
      vertex   5.599658e+01 7.424616e+01 6.287784e+01
      vertex   5.612266e+01 7.424616e+01 6.260380e+01
    endloop
  endfacet
  facet normal 0.000000e+00 -1.000000e+00 -0.000000e+00
    outer loop
      vertex   5.635569e+01 7.424616e+01 6.544860e+01
      vertex   5.612266e+01 7.424616e+01 6.260380e+01
      vertex   5.668187e+01 7.424616e+01 6.520630e+01
    endloop
  endfacet
  facet normal 0.000000e+00 -1.000000e+00 0.000000e+00
    outer loop
      vertex   5.668187e+01 7.424616e+01 6.520630e+01
      vertex   5.612266e+01 7.424616e+01 6.260380e+01
      vertex   5.621411e+01 7.424616e+01 6.231634e+01
    endloop
  endfacet
  facet normal 0.000000e+00 -1.000000e+00 -0.000000e+00
    outer loop
      vertex   5.668187e+01 7.424616e+01 6.520630e+01
      vertex   5.621411e+01 7.424616e+01 6.231634e+01
      vertex   5.698487e+01 7.424616e+01 6.493557e+01
    endloop
  endfacet
  facet normal 0.000000e+00 -1.000000e+00 0.000000e+00
    outer loop
      vertex   5.698487e+01 7.424616e+01 6.493557e+01
      vertex   5.621411e+01 7.424616e+01 6.231634e+01
      vertex   5.626953e+01 7.424616e+01 6.201983e+01
    endloop
  endfacet
  facet normal 0.000000e+00 -1.000000e+00 0.000000e+00
    outer loop
      vertex   7.044500e+01 7.424616e+01 -2.441605e+00
      vertex   7.017365e+01 7.424616e+01 2.793611e+01
      vertex   6.715846e+01 7.424616e+01 2.849126e+01
    endloop
  endfacet
  facet normal 0.000000e+00 -1.000000e+00 0.000000e+00
    outer loop
      vertex   6.715846e+01 7.424616e+01 2.849126e+01
      vertex   7.017365e+01 7.424616e+01 2.793611e+01
      vertex   6.999937e+01 7.424616e+01 2.818232e+01
    endloop
  endfacet
  facet normal 0.000000e+00 -1.000000e+00 0.000000e+00
    outer loop
      vertex   6.715846e+01 7.424616e+01 2.849126e+01
      vertex   6.999937e+01 7.424616e+01 2.818232e+01
      vertex   6.985666e+01 7.424616e+01 2.844807e+01
    endloop
  endfacet
  facet normal 0.000000e+00 -1.000000e+00 0.000000e+00
    outer loop
      vertex   7.045896e+01 7.424616e+01 -2.693829e+00
      vertex   7.707374e+01 7.424616e+01 2.917796e+01
      vertex   7.044500e+01 7.424616e+01 -2.441605e+00
    endloop
  endfacet
  facet normal 0.000000e+00 -1.000000e+00 0.000000e+00
    outer loop
      vertex   7.044500e+01 7.424616e+01 -2.441605e+00
      vertex   7.707374e+01 7.424616e+01 2.917796e+01
      vertex   7.389297e+01 7.424616e+01 2.782152e+01
    endloop
  endfacet
  facet normal 0.000000e+00 -1.000000e+00 0.000000e+00
    outer loop
      vertex   7.044500e+01 7.424616e+01 -2.441605e+00
      vertex   7.389297e+01 7.424616e+01 2.782152e+01
      vertex   7.367641e+01 7.424616e+01 2.761154e+01
    endloop
  endfacet
  facet normal 0.000000e+00 -1.000000e+00 0.000000e+00
    outer loop
      vertex   7.707374e+01 7.424616e+01 2.917796e+01
      vertex   7.045896e+01 7.424616e+01 -2.693829e+00
      vertex   7.407893e+01 7.424616e+01 -2.164557e+01
    endloop
  endfacet
  facet normal 0.000000e+00 -1.000000e+00 0.000000e+00
    outer loop
      vertex   7.407893e+01 7.424616e+01 -2.164557e+01
      vertex   7.045896e+01 7.424616e+01 -2.693829e+00
      vertex   7.044740e+01 7.424616e+01 -2.946175e+00
    endloop
  endfacet
  facet normal 0.000000e+00 -1.000000e+00 0.000000e+00
    outer loop
      vertex   7.407893e+01 7.424616e+01 -2.164557e+01
      vertex   7.044740e+01 7.424616e+01 -2.946175e+00
      vertex   7.041044e+01 7.424616e+01 -3.196067e+00
    endloop
  endfacet
  facet normal 0.000000e+00 -1.000000e+00 -0.000000e+00
    outer loop
      vertex   7.041044e+01 7.424616e+01 -3.196067e+00
      vertex   7.034844e+01 7.424616e+01 -3.440951e+00
      vertex   7.407893e+01 7.424616e+01 -2.164557e+01
    endloop
  endfacet
  facet normal -0.000000e+00 -1.000000e+00 0.000000e+00
    outer loop
      vertex   7.407893e+01 7.424616e+01 -2.164557e+01
      vertex   7.034844e+01 7.424616e+01 -3.440951e+00
      vertex   7.239272e+01 7.424616e+01 -2.350370e+01
    endloop
  endfacet
  facet normal 0.000000e+00 -1.000000e+00 0.000000e+00
    outer loop
      vertex   7.407893e+01 7.424616e+01 -2.164557e+01
      vertex   7.239272e+01 7.424616e+01 -2.350370e+01
      vertex   7.265699e+01 7.424616e+01 -2.344360e+01
    endloop
  endfacet
  facet normal 0.000000e+00 -1.000000e+00 -0.000000e+00
    outer loop
      vertex   6.886859e+01 7.424616e+01 -8.250471e+00
      vertex   6.880963e+01 7.424616e+01 -8.840169e+00
      vertex   7.034844e+01 7.424616e+01 -3.440951e+00
    endloop
  endfacet
  facet normal 0.000000e+00 -1.000000e+00 0.000000e+00
    outer loop
      vertex   7.034844e+01 7.424616e+01 -3.440951e+00
      vertex   6.880963e+01 7.424616e+01 -8.840169e+00
      vertex   7.009223e+01 7.424616e+01 -2.172601e+01
    endloop
  endfacet
  facet normal 0.000000e+00 -1.000000e+00 -0.000000e+00
    outer loop
      vertex   7.034844e+01 7.424616e+01 -3.440951e+00
      vertex   7.009223e+01 7.424616e+01 -2.172601e+01
      vertex   7.158555e+01 7.424616e+01 -2.346522e+01
    endloop
  endfacet
  facet normal 0.000000e+00 -1.000000e+00 0.000000e+00
    outer loop
      vertex   7.158555e+01 7.424616e+01 -2.346522e+01
      vertex   7.009223e+01 7.424616e+01 -2.172601e+01
      vertex   7.132819e+01 7.424616e+01 -2.338026e+01
    endloop
  endfacet
  facet normal 0.000000e+00 -1.000000e+00 0.000000e+00
    outer loop
      vertex   7.132819e+01 7.424616e+01 -2.338026e+01
      vertex   7.009223e+01 7.424616e+01 -2.172601e+01
      vertex   7.108468e+01 7.424616e+01 -2.326129e+01
    endloop
  endfacet
  facet normal 0.000000e+00 -1.000000e+00 0.000000e+00
    outer loop
      vertex   7.108468e+01 7.424616e+01 -2.326129e+01
      vertex   7.009223e+01 7.424616e+01 -2.172601e+01
      vertex   7.085949e+01 7.424616e+01 -2.311048e+01
    endloop
  endfacet
  facet normal 0.000000e+00 -1.000000e+00 0.000000e+00
    outer loop
      vertex   7.085949e+01 7.424616e+01 -2.311048e+01
      vertex   7.009223e+01 7.424616e+01 -2.172601e+01
      vertex   7.065675e+01 7.424616e+01 -2.293061e+01
    endloop
  endfacet
  facet normal 0.000000e+00 -1.000000e+00 0.000000e+00
    outer loop
      vertex   7.065675e+01 7.424616e+01 -2.293061e+01
      vertex   7.009223e+01 7.424616e+01 -2.172601e+01
      vertex   7.048020e+01 7.424616e+01 -2.272499e+01
    endloop
  endfacet
  facet normal 0.000000e+00 -1.000000e+00 0.000000e+00
    outer loop
      vertex   7.048020e+01 7.424616e+01 -2.272499e+01
      vertex   7.009223e+01 7.424616e+01 -2.172601e+01
      vertex   7.033307e+01 7.424616e+01 -2.249738e+01
    endloop
  endfacet
  facet normal 0.000000e+00 -1.000000e+00 0.000000e+00
    outer loop
      vertex   7.033307e+01 7.424616e+01 -2.249738e+01
      vertex   7.009223e+01 7.424616e+01 -2.172601e+01
      vertex   7.021806e+01 7.424616e+01 -2.225197e+01
    endloop
  endfacet
  facet normal 0.000000e+00 -1.000000e+00 0.000000e+00
    outer loop
      vertex   7.021806e+01 7.424616e+01 -2.225197e+01
      vertex   7.009223e+01 7.424616e+01 -2.172601e+01
      vertex   7.013729e+01 7.424616e+01 -2.199327e+01
    endloop
  endfacet
  facet normal 0.000000e+00 -1.000000e+00 0.000000e+00
    outer loop
      vertex   6.886859e+01 7.424616e+01 -8.250471e+00
      vertex   6.882286e+01 7.424616e+01 -8.443846e+00
      vertex   6.880963e+01 7.424616e+01 -8.840169e+00
    endloop
  endfacet
  facet normal 0.000000e+00 -1.000000e+00 0.000000e+00
    outer loop
      vertex   6.880963e+01 7.424616e+01 -8.840169e+00
      vertex   6.882286e+01 7.424616e+01 -8.443846e+00
      vertex   6.880309e+01 7.424616e+01 -8.641568e+00
    endloop
  endfacet
  facet normal 0.000000e+00 -1.000000e+00 0.000000e+00
    outer loop
      vertex   7.158555e+01 7.424616e+01 -2.346522e+01
      vertex   7.185203e+01 7.424616e+01 -2.351461e+01
      vertex   7.034844e+01 7.424616e+01 -3.440951e+00
    endloop
  endfacet
  facet normal 0.000000e+00 -1.000000e+00 0.000000e+00
    outer loop
      vertex   7.034844e+01 7.424616e+01 -3.440951e+00
      vertex   7.185203e+01 7.424616e+01 -2.351461e+01
      vertex   7.212275e+01 7.424616e+01 -2.352752e+01
    endloop
  endfacet
  facet normal 0.000000e+00 -1.000000e+00 0.000000e+00
    outer loop
      vertex   7.034844e+01 7.424616e+01 -3.440951e+00
      vertex   7.212275e+01 7.424616e+01 -2.352752e+01
      vertex   7.239272e+01 7.424616e+01 -2.350370e+01
    endloop
  endfacet
  facet normal 0.000000e+00 -1.000000e+00 0.000000e+00
    outer loop
      vertex   7.265699e+01 7.424616e+01 -2.344360e+01
      vertex   7.291072e+01 7.424616e+01 -2.334833e+01
      vertex   7.407893e+01 7.424616e+01 -2.164557e+01
    endloop
  endfacet
  facet normal 0.000000e+00 -1.000000e+00 0.000000e+00
    outer loop
      vertex   7.407893e+01 7.424616e+01 -2.164557e+01
      vertex   7.291072e+01 7.424616e+01 -2.334833e+01
      vertex   7.314923e+01 7.424616e+01 -2.321963e+01
    endloop
  endfacet
  facet normal 0.000000e+00 -1.000000e+00 0.000000e+00
    outer loop
      vertex   7.407893e+01 7.424616e+01 -2.164557e+01
      vertex   7.314923e+01 7.424616e+01 -2.321963e+01
      vertex   7.336815e+01 7.424616e+01 -2.305986e+01
    endloop
  endfacet
  facet normal 0.000000e+00 -1.000000e+00 0.000000e+00
    outer loop
      vertex   7.336815e+01 7.424616e+01 -2.305986e+01
      vertex   7.356347e+01 7.424616e+01 -2.287196e+01
      vertex   7.407893e+01 7.424616e+01 -2.164557e+01
    endloop
  endfacet
  facet normal 0.000000e+00 -1.000000e+00 0.000000e+00
    outer loop
      vertex   7.407893e+01 7.424616e+01 -2.164557e+01
      vertex   7.356347e+01 7.424616e+01 -2.287196e+01
      vertex   7.373158e+01 7.424616e+01 -2.265938e+01
    endloop
  endfacet
  facet normal 0.000000e+00 -1.000000e+00 0.000000e+00
    outer loop
      vertex   7.407893e+01 7.424616e+01 -2.164557e+01
      vertex   7.373158e+01 7.424616e+01 -2.265938e+01
      vertex   7.386941e+01 7.424616e+01 -2.242602e+01
    endloop
  endfacet
  facet normal 0.000000e+00 -1.000000e+00 0.000000e+00
    outer loop
      vertex   7.386941e+01 7.424616e+01 -2.242602e+01
      vertex   7.397443e+01 7.424616e+01 -2.217617e+01
      vertex   7.407893e+01 7.424616e+01 -2.164557e+01
    endloop
  endfacet
  facet normal 0.000000e+00 -1.000000e+00 0.000000e+00
    outer loop
      vertex   7.407893e+01 7.424616e+01 -2.164557e+01
      vertex   7.397443e+01 7.424616e+01 -2.217617e+01
      vertex   7.404470e+01 7.424616e+01 -2.191442e+01
    endloop
  endfacet
  facet normal -0.000000e+00 -1.000000e+00 0.000000e+00
    outer loop
      vertex   7.708154e+01 7.424616e+01 2.956441e+01
      vertex   7.705947e+01 7.424616e+01 2.995032e+01
      vertex   7.707374e+01 7.424616e+01 2.917796e+01
    endloop
  endfacet
  facet normal 0.000000e+00 -1.000000e+00 0.000000e+00
    outer loop
      vertex   7.707374e+01 7.424616e+01 2.917796e+01
      vertex   7.705947e+01 7.424616e+01 2.995032e+01
      vertex   7.700766e+01 7.424616e+01 3.033336e+01
    endloop
  endfacet
  facet normal 0.000000e+00 -1.000000e+00 0.000000e+00
    outer loop
      vertex   7.707374e+01 7.424616e+01 2.917796e+01
      vertex   7.700766e+01 7.424616e+01 3.033336e+01
      vertex   7.692641e+01 7.424616e+01 3.071126e+01
    endloop
  endfacet
  facet normal 0.000000e+00 -1.000000e+00 0.000000e+00
    outer loop
      vertex   7.200902e+01 7.424616e+01 4.993351e+01
      vertex   7.408208e+01 7.424616e+01 3.088762e+01
      vertex   7.692641e+01 7.424616e+01 3.071126e+01
    endloop
  endfacet
  facet normal -0.000000e+00 -1.000000e+00 0.000000e+00
    outer loop
      vertex   7.692641e+01 7.424616e+01 3.071126e+01
      vertex   7.408208e+01 7.424616e+01 3.088762e+01
      vertex   7.424088e+01 7.424616e+01 3.063116e+01
    endloop
  endfacet
  facet normal 0.000000e+00 -1.000000e+00 0.000000e+00
    outer loop
      vertex   7.692641e+01 7.424616e+01 3.071126e+01
      vertex   7.424088e+01 7.424616e+01 3.063116e+01
      vertex   7.436695e+01 7.424616e+01 3.035712e+01
    endloop
  endfacet
  facet normal -0.000000e+00 -1.000000e+00 -0.000000e+00
    outer loop
      vertex   7.194492e+01 7.424616e+01 5.012779e+01
      vertex   7.185499e+01 7.424616e+01 5.031153e+01
      vertex   7.200902e+01 7.424616e+01 4.993351e+01
    endloop
  endfacet
  facet normal 0.000000e+00 -1.000000e+00 0.000000e+00
    outer loop
      vertex   7.200902e+01 7.424616e+01 4.993351e+01
      vertex   7.185499e+01 7.424616e+01 5.031153e+01
      vertex   7.174089e+01 7.424616e+01 5.048133e+01
    endloop
  endfacet
  facet normal 0.000000e+00 -1.000000e+00 0.000000e+00
    outer loop
      vertex   7.200902e+01 7.424616e+01 4.993351e+01
      vertex   7.174089e+01 7.424616e+01 5.048133e+01
      vertex   7.160474e+01 7.424616e+01 5.063403e+01
    endloop
  endfacet
  facet normal 0.000000e+00 -1.000000e+00 0.000000e+00
    outer loop
      vertex   5.698487e+01 7.424616e+01 6.493557e+01
      vertex   6.315379e+01 7.424616e+01 4.151076e+01
      vertex   7.160474e+01 7.424616e+01 5.063403e+01
    endloop
  endfacet
  facet normal 0.000000e+00 -1.000000e+00 0.000000e+00
    outer loop
      vertex   7.160474e+01 7.424616e+01 5.063403e+01
      vertex   6.315379e+01 7.424616e+01 4.151076e+01
      vertex   6.331212e+01 7.424616e+01 4.126780e+01
    endloop
  endfacet
  facet normal 0.000000e+00 -1.000000e+00 0.000000e+00
    outer loop
      vertex   7.160474e+01 7.424616e+01 5.063403e+01
      vertex   6.331212e+01 7.424616e+01 4.126780e+01
      vertex   6.344126e+01 7.424616e+01 4.100813e+01
    endloop
  endfacet
  facet normal 0.000000e+00 -1.000000e+00 0.000000e+00
    outer loop
      vertex   5.021686e+01 7.424616e+01 5.904732e+01
      vertex   5.019928e+01 7.424616e+01 6.436621e+01
      vertex   4.999065e+01 7.424616e+01 5.938486e+01
    endloop
  endfacet
  facet normal 0.000000e+00 -1.000000e+00 0.000000e+00
    outer loop
      vertex   4.999065e+01 7.424616e+01 5.938486e+01
      vertex   5.019928e+01 7.424616e+01 6.436621e+01
      vertex   4.997531e+01 7.424616e+01 6.402718e+01
    endloop
  endfacet
  facet normal 0.000000e+00 -1.000000e+00 0.000000e+00
    outer loop
      vertex   4.999065e+01 7.424616e+01 5.938486e+01
      vertex   4.997531e+01 7.424616e+01 6.402718e+01
      vertex   4.979581e+01 7.424616e+01 5.974143e+01
    endloop
  endfacet
  facet normal 0.000000e+00 -1.000000e+00 0.000000e+00
    outer loop
      vertex   4.979581e+01 7.424616e+01 5.974143e+01
      vertex   4.997531e+01 7.424616e+01 6.402718e+01
      vertex   4.978283e+01 7.424616e+01 6.366933e+01
    endloop
  endfacet
  facet normal 0.000000e+00 -1.000000e+00 0.000000e+00
    outer loop
      vertex   4.979581e+01 7.424616e+01 5.974143e+01
      vertex   4.978283e+01 7.424616e+01 6.366933e+01
      vertex   4.963392e+01 7.424616e+01 6.011412e+01
    endloop
  endfacet
  facet normal 0.000000e+00 -1.000000e+00 0.000000e+00
    outer loop
      vertex   4.963392e+01 7.424616e+01 6.011412e+01
      vertex   4.978283e+01 7.424616e+01 6.366933e+01
      vertex   4.962341e+01 7.424616e+01 6.329557e+01
    endloop
  endfacet
  facet normal 0.000000e+00 -1.000000e+00 0.000000e+00
    outer loop
      vertex   4.963392e+01 7.424616e+01 6.011412e+01
      vertex   4.962341e+01 7.424616e+01 6.329557e+01
      vertex   4.950632e+01 7.424616e+01 6.049990e+01
    endloop
  endfacet
  facet normal 0.000000e+00 -1.000000e+00 0.000000e+00
    outer loop
      vertex   4.950632e+01 7.424616e+01 6.049990e+01
      vertex   4.962341e+01 7.424616e+01 6.329557e+01
      vertex   4.949836e+01 7.424616e+01 6.290896e+01
    endloop
  endfacet
  facet normal 0.000000e+00 -1.000000e+00 0.000000e+00
    outer loop
      vertex   4.950632e+01 7.424616e+01 6.049990e+01
      vertex   4.949836e+01 7.424616e+01 6.290896e+01
      vertex   4.941403e+01 7.424616e+01 6.089561e+01
    endloop
  endfacet
  facet normal 0.000000e+00 -1.000000e+00 0.000000e+00
    outer loop
      vertex   4.941403e+01 7.424616e+01 6.089561e+01
      vertex   4.949836e+01 7.424616e+01 6.290896e+01
      vertex   4.940869e+01 7.424616e+01 6.251265e+01
    endloop
  endfacet
  facet normal 0.000000e+00 -1.000000e+00 0.000000e+00
    outer loop
      vertex   4.941403e+01 7.424616e+01 6.089561e+01
      vertex   4.940869e+01 7.424616e+01 6.251265e+01
      vertex   4.935781e+01 7.424616e+01 6.129803e+01
    endloop
  endfacet
  facet normal 0.000000e+00 -1.000000e+00 0.000000e+00
    outer loop
      vertex   4.935781e+01 7.424616e+01 6.129803e+01
      vertex   4.940869e+01 7.424616e+01 6.251265e+01
      vertex   4.935513e+01 7.424616e+01 6.210986e+01
    endloop
  endfacet
  facet normal 0.000000e+00 -1.000000e+00 0.000000e+00
    outer loop
      vertex   4.935781e+01 7.424616e+01 6.129803e+01
      vertex   4.935513e+01 7.424616e+01 6.210986e+01
      vertex   4.933813e+01 7.424616e+01 6.170389e+01
    endloop
  endfacet
  facet normal 0.000000e+00 -1.000000e+00 0.000000e+00
    outer loop
      vertex   6.344126e+01 7.424616e+01 4.100813e+01
      vertex   6.353945e+01 7.424616e+01 4.073526e+01
      vertex   7.160474e+01 7.424616e+01 5.063403e+01
    endloop
  endfacet
  facet normal 0.000000e+00 -1.000000e+00 0.000000e+00
    outer loop
      vertex   7.160474e+01 7.424616e+01 5.063403e+01
      vertex   6.353945e+01 7.424616e+01 4.073526e+01
      vertex   6.999937e+01 7.424616e+01 3.076184e+01
    endloop
  endfacet
  facet normal 0.000000e+00 -1.000000e+00 0.000000e+00
    outer loop
      vertex   7.160474e+01 7.424616e+01 5.063403e+01
      vertex   6.999937e+01 7.424616e+01 3.076184e+01
      vertex   7.017365e+01 7.424616e+01 3.100804e+01
    endloop
  endfacet
  facet normal -0.000000e+00 -1.000000e+00 0.000000e+00
    outer loop
      vertex   6.999937e+01 7.424616e+01 3.076184e+01
      vertex   6.353945e+01 7.424616e+01 4.073526e+01
      vertex   6.985666e+01 7.424616e+01 3.049608e+01
    endloop
  endfacet
  facet normal -0.000000e+00 -1.000000e+00 0.000000e+00
    outer loop
      vertex   6.985666e+01 7.424616e+01 3.049608e+01
      vertex   6.353945e+01 7.424616e+01 4.073526e+01
      vertex   6.715846e+01 7.424616e+01 2.849126e+01
    endloop
  endfacet
  facet normal 0.000000e+00 -1.000000e+00 0.000000e+00
    outer loop
      vertex   6.985666e+01 7.424616e+01 3.049608e+01
      vertex   6.715846e+01 7.424616e+01 2.849126e+01
      vertex   6.974769e+01 7.424616e+01 3.021480e+01
    endloop
  endfacet
  facet normal 0.000000e+00 -1.000000e+00 0.000000e+00
    outer loop
      vertex   6.974769e+01 7.424616e+01 3.021480e+01
      vertex   6.715846e+01 7.424616e+01 2.849126e+01
      vertex   6.967411e+01 7.424616e+01 2.992226e+01
    endloop
  endfacet
  facet normal 0.000000e+00 -1.000000e+00 0.000000e+00
    outer loop
      vertex   6.967411e+01 7.424616e+01 2.992226e+01
      vertex   6.715846e+01 7.424616e+01 2.849126e+01
      vertex   6.963704e+01 7.424616e+01 2.962290e+01
    endloop
  endfacet
  facet normal 0.000000e+00 -1.000000e+00 -0.000000e+00
    outer loop
      vertex   6.963704e+01 7.424616e+01 2.962290e+01
      vertex   6.715846e+01 7.424616e+01 2.849126e+01
      vertex   6.963704e+01 7.424616e+01 2.932125e+01
    endloop
  endfacet
  facet normal 0.000000e+00 -1.000000e+00 -0.000000e+00
    outer loop
      vertex   6.963704e+01 7.424616e+01 2.932125e+01
      vertex   6.715846e+01 7.424616e+01 2.849126e+01
      vertex   6.967411e+01 7.424616e+01 2.902189e+01
    endloop
  endfacet
  facet normal 0.000000e+00 -1.000000e+00 -0.000000e+00
    outer loop
      vertex   6.967411e+01 7.424616e+01 2.902189e+01
      vertex   6.715846e+01 7.424616e+01 2.849126e+01
      vertex   6.974769e+01 7.424616e+01 2.872935e+01
    endloop
  endfacet
  facet normal 0.000000e+00 -1.000000e+00 -0.000000e+00
    outer loop
      vertex   6.974769e+01 7.424616e+01 2.872935e+01
      vertex   6.715846e+01 7.424616e+01 2.849126e+01
      vertex   6.985666e+01 7.424616e+01 2.844807e+01
    endloop
  endfacet
  facet normal 0.000000e+00 -1.000000e+00 0.000000e+00
    outer loop
      vertex   7.451383e+01 7.424616e+01 2.917100e+01
      vertex   7.707374e+01 7.424616e+01 2.917796e+01
      vertex   7.453240e+01 7.424616e+01 2.947208e+01
    endloop
  endfacet
  facet normal 0.000000e+00 -1.000000e+00 0.000000e+00
    outer loop
      vertex   7.453240e+01 7.424616e+01 2.947208e+01
      vertex   7.707374e+01 7.424616e+01 2.917796e+01
      vertex   7.692641e+01 7.424616e+01 3.071126e+01
    endloop
  endfacet
  facet normal 0.000000e+00 -1.000000e+00 0.000000e+00
    outer loop
      vertex   7.453240e+01 7.424616e+01 2.947208e+01
      vertex   7.692641e+01 7.424616e+01 3.071126e+01
      vertex   7.451383e+01 7.424616e+01 2.977315e+01
    endloop
  endfacet
  facet normal 0.000000e+00 -1.000000e+00 0.000000e+00
    outer loop
      vertex   7.451383e+01 7.424616e+01 2.977315e+01
      vertex   7.692641e+01 7.424616e+01 3.071126e+01
      vertex   7.445840e+01 7.424616e+01 3.006967e+01
    endloop
  endfacet
  facet normal 0.000000e+00 -1.000000e+00 0.000000e+00
    outer loop
      vertex   7.445840e+01 7.424616e+01 3.006967e+01
      vertex   7.692641e+01 7.424616e+01 3.071126e+01
      vertex   7.436695e+01 7.424616e+01 3.035712e+01
    endloop
  endfacet
  facet normal 0.000000e+00 -1.000000e+00 -0.000000e+00
    outer loop
      vertex   7.451383e+01 7.424616e+01 2.917100e+01
      vertex   7.445840e+01 7.424616e+01 2.887449e+01
      vertex   7.707374e+01 7.424616e+01 2.917796e+01
    endloop
  endfacet
  facet normal 0.000000e+00 -1.000000e+00 0.000000e+00
    outer loop
      vertex   7.707374e+01 7.424616e+01 2.917796e+01
      vertex   7.445840e+01 7.424616e+01 2.887449e+01
      vertex   7.436695e+01 7.424616e+01 2.858704e+01
    endloop
  endfacet
  facet normal 0.000000e+00 -1.000000e+00 0.000000e+00
    outer loop
      vertex   7.707374e+01 7.424616e+01 2.917796e+01
      vertex   7.436695e+01 7.424616e+01 2.858704e+01
      vertex   7.424088e+01 7.424616e+01 2.831300e+01
    endloop
  endfacet
  facet normal 0.000000e+00 -1.000000e+00 -0.000000e+00
    outer loop
      vertex   7.424088e+01 7.424616e+01 2.831300e+01
      vertex   7.408208e+01 7.424616e+01 2.805653e+01
      vertex   7.707374e+01 7.424616e+01 2.917796e+01
    endloop
  endfacet
  facet normal 0.000000e+00 -1.000000e+00 0.000000e+00
    outer loop
      vertex   7.707374e+01 7.424616e+01 2.917796e+01
      vertex   7.408208e+01 7.424616e+01 2.805653e+01
      vertex   7.389297e+01 7.424616e+01 2.782152e+01
    endloop
  endfacet
  facet normal 0.000000e+00 -1.000000e+00 0.000000e+00
    outer loop
      vertex   7.367641e+01 7.424616e+01 2.761154e+01
      vertex   7.343569e+01 7.424616e+01 2.742975e+01
      vertex   7.044500e+01 7.424616e+01 -2.441605e+00
    endloop
  endfacet
  facet normal 0.000000e+00 -1.000000e+00 0.000000e+00
    outer loop
      vertex   7.044500e+01 7.424616e+01 -2.441605e+00
      vertex   7.343569e+01 7.424616e+01 2.742975e+01
      vertex   7.317446e+01 7.424616e+01 2.727893e+01
    endloop
  endfacet
  facet normal 0.000000e+00 -1.000000e+00 0.000000e+00
    outer loop
      vertex   7.044500e+01 7.424616e+01 -2.441605e+00
      vertex   7.317446e+01 7.424616e+01 2.727893e+01
      vertex   7.289667e+01 7.424616e+01 2.716135e+01
    endloop
  endfacet
  facet normal 0.000000e+00 -1.000000e+00 0.000000e+00
    outer loop
      vertex   7.289667e+01 7.424616e+01 2.716135e+01
      vertex   7.260653e+01 7.424616e+01 2.707880e+01
      vertex   7.044500e+01 7.424616e+01 -2.441605e+00
    endloop
  endfacet
  facet normal 0.000000e+00 -1.000000e+00 0.000000e+00
    outer loop
      vertex   7.044500e+01 7.424616e+01 -2.441605e+00
      vertex   7.260653e+01 7.424616e+01 2.707880e+01
      vertex   7.230845e+01 7.424616e+01 2.703253e+01
    endloop
  endfacet
  facet normal 0.000000e+00 -1.000000e+00 0.000000e+00
    outer loop
      vertex   7.044500e+01 7.424616e+01 -2.441605e+00
      vertex   7.230845e+01 7.424616e+01 2.703253e+01
      vertex   7.200695e+01 7.424616e+01 2.702324e+01
    endloop
  endfacet
  facet normal -0.000000e+00 -1.000000e+00 0.000000e+00
    outer loop
      vertex   7.200695e+01 7.424616e+01 2.702324e+01
      vertex   7.170659e+01 7.424616e+01 2.705107e+01
      vertex   7.044500e+01 7.424616e+01 -2.441605e+00
    endloop
  endfacet
  facet normal 0.000000e+00 -1.000000e+00 0.000000e+00
    outer loop
      vertex   7.044500e+01 7.424616e+01 -2.441605e+00
      vertex   7.170659e+01 7.424616e+01 2.705107e+01
      vertex   7.141192e+01 7.424616e+01 2.711560e+01
    endloop
  endfacet
  facet normal 0.000000e+00 -1.000000e+00 0.000000e+00
    outer loop
      vertex   7.044500e+01 7.424616e+01 -2.441605e+00
      vertex   7.141192e+01 7.424616e+01 2.711560e+01
      vertex   7.112742e+01 7.424616e+01 2.721586e+01
    endloop
  endfacet
  facet normal -0.000000e+00 -1.000000e+00 0.000000e+00
    outer loop
      vertex   7.112742e+01 7.424616e+01 2.721586e+01
      vertex   7.085740e+01 7.424616e+01 2.735032e+01
      vertex   7.044500e+01 7.424616e+01 -2.441605e+00
    endloop
  endfacet
  facet normal 0.000000e+00 -1.000000e+00 0.000000e+00
    outer loop
      vertex   7.044500e+01 7.424616e+01 -2.441605e+00
      vertex   7.085740e+01 7.424616e+01 2.735032e+01
      vertex   7.060594e+01 7.424616e+01 2.751694e+01
    endloop
  endfacet
  facet normal 0.000000e+00 -1.000000e+00 0.000000e+00
    outer loop
      vertex   7.044500e+01 7.424616e+01 -2.441605e+00
      vertex   7.060594e+01 7.424616e+01 2.751694e+01
      vertex   7.037687e+01 7.424616e+01 2.771319e+01
    endloop
  endfacet
  facet normal -0.000000e+00 -1.000000e+00 -0.000000e+00
    outer loop
      vertex   7.037687e+01 7.424616e+01 2.771319e+01
      vertex   7.017365e+01 7.424616e+01 2.793611e+01
      vertex   7.044500e+01 7.424616e+01 -2.441605e+00
    endloop
  endfacet
  facet normal 0.000000e+00 -1.000000e+00 0.000000e+00
    outer loop
      vertex   7.017365e+01 7.424616e+01 3.100804e+01
      vertex   7.037687e+01 7.424616e+01 3.123096e+01
      vertex   7.160474e+01 7.424616e+01 5.063403e+01
    endloop
  endfacet
  facet normal 0.000000e+00 -1.000000e+00 0.000000e+00
    outer loop
      vertex   7.160474e+01 7.424616e+01 5.063403e+01
      vertex   7.037687e+01 7.424616e+01 3.123096e+01
      vertex   7.060594e+01 7.424616e+01 3.142722e+01
    endloop
  endfacet
  facet normal 0.000000e+00 -1.000000e+00 0.000000e+00
    outer loop
      vertex   7.160474e+01 7.424616e+01 5.063403e+01
      vertex   7.060594e+01 7.424616e+01 3.142722e+01
      vertex   7.085740e+01 7.424616e+01 3.159384e+01
    endloop
  endfacet
  facet normal 0.000000e+00 -1.000000e+00 -0.000000e+00
    outer loop
      vertex   7.160474e+01 7.424616e+01 5.063403e+01
      vertex   7.085740e+01 7.424616e+01 3.159384e+01
      vertex   7.200902e+01 7.424616e+01 4.993351e+01
    endloop
  endfacet
  facet normal 0.000000e+00 -1.000000e+00 0.000000e+00
    outer loop
      vertex   7.200902e+01 7.424616e+01 4.993351e+01
      vertex   7.085740e+01 7.424616e+01 3.159384e+01
      vertex   7.112742e+01 7.424616e+01 3.172830e+01
    endloop
  endfacet
  facet normal 0.000000e+00 -1.000000e+00 0.000000e+00
    outer loop
      vertex   7.200902e+01 7.424616e+01 4.993351e+01
      vertex   7.112742e+01 7.424616e+01 3.172830e+01
      vertex   7.141192e+01 7.424616e+01 3.182855e+01
    endloop
  endfacet
  facet normal 0.000000e+00 -1.000000e+00 0.000000e+00
    outer loop
      vertex   7.141192e+01 7.424616e+01 3.182855e+01
      vertex   7.170659e+01 7.424616e+01 3.189308e+01
      vertex   7.200902e+01 7.424616e+01 4.993351e+01
    endloop
  endfacet
  facet normal 0.000000e+00 -1.000000e+00 0.000000e+00
    outer loop
      vertex   7.200902e+01 7.424616e+01 4.993351e+01
      vertex   7.170659e+01 7.424616e+01 3.189308e+01
      vertex   7.200695e+01 7.424616e+01 3.192092e+01
    endloop
  endfacet
  facet normal 0.000000e+00 -1.000000e+00 -0.000000e+00
    outer loop
      vertex   7.200902e+01 7.424616e+01 4.993351e+01
      vertex   7.200695e+01 7.424616e+01 3.192092e+01
      vertex   7.230845e+01 7.424616e+01 3.191163e+01
    endloop
  endfacet
  facet normal 0.000000e+00 -1.000000e+00 0.000000e+00
    outer loop
      vertex   7.230845e+01 7.424616e+01 3.191163e+01
      vertex   7.260653e+01 7.424616e+01 3.186536e+01
      vertex   7.200902e+01 7.424616e+01 4.993351e+01
    endloop
  endfacet
  facet normal 0.000000e+00 -1.000000e+00 0.000000e+00
    outer loop
      vertex   7.200902e+01 7.424616e+01 4.993351e+01
      vertex   7.260653e+01 7.424616e+01 3.186536e+01
      vertex   7.289667e+01 7.424616e+01 3.178281e+01
    endloop
  endfacet
  facet normal 0.000000e+00 -1.000000e+00 0.000000e+00
    outer loop
      vertex   7.200902e+01 7.424616e+01 4.993351e+01
      vertex   7.289667e+01 7.424616e+01 3.178281e+01
      vertex   7.317446e+01 7.424616e+01 3.166523e+01
    endloop
  endfacet
  facet normal 0.000000e+00 -1.000000e+00 0.000000e+00
    outer loop
      vertex   7.317446e+01 7.424616e+01 3.166523e+01
      vertex   7.343569e+01 7.424616e+01 3.151440e+01
      vertex   7.200902e+01 7.424616e+01 4.993351e+01
    endloop
  endfacet
  facet normal 0.000000e+00 -1.000000e+00 0.000000e+00
    outer loop
      vertex   7.200902e+01 7.424616e+01 4.993351e+01
      vertex   7.343569e+01 7.424616e+01 3.151440e+01
      vertex   7.367641e+01 7.424616e+01 3.133262e+01
    endloop
  endfacet
  facet normal 0.000000e+00 -1.000000e+00 0.000000e+00
    outer loop
      vertex   7.200902e+01 7.424616e+01 4.993351e+01
      vertex   7.367641e+01 7.424616e+01 3.133262e+01
      vertex   7.389297e+01 7.424616e+01 3.112263e+01
    endloop
  endfacet
  facet normal 0.000000e+00 -1.000000e+00 0.000000e+00
    outer loop
      vertex   7.389297e+01 7.424616e+01 3.112263e+01
      vertex   7.408208e+01 7.424616e+01 3.088762e+01
      vertex   7.200902e+01 7.424616e+01 4.993351e+01
    endloop
  endfacet
  facet normal -7.064353e-01 7.064353e-01 -4.357143e-02
    outer loop
      vertex   5.626953e+01 8.024616e+01 6.201983e+01
      vertex   5.628810e+01 8.024616e+01 6.171876e+01
      vertex   5.553810e+01 7.949616e+01 6.171876e+01
    endloop
  endfacet
  facet normal -7.064353e-01 7.064353e-01 4.357143e-02
    outer loop
      vertex   5.553810e+01 7.949616e+01 6.171876e+01
      vertex   5.628810e+01 8.024616e+01 6.171876e+01
      vertex   5.626953e+01 8.024616e+01 6.141768e+01
    endloop
  endfacet
  facet normal -7.042443e-01 7.079935e-01 5.277581e-02
    outer loop
      vertex   5.553810e+01 7.949616e+01 6.171876e+01
      vertex   5.626953e+01 8.024616e+01 6.141768e+01
      vertex   5.551912e+01 7.949616e+01 6.146538e+01
    endloop
  endfacet
  facet normal -6.967342e-01 7.054066e-01 1.302422e-01
    outer loop
      vertex   5.551912e+01 7.949616e+01 6.146538e+01
      vertex   5.626953e+01 8.024616e+01 6.141768e+01
      vertex   5.621411e+01 8.024616e+01 6.112117e+01
    endloop
  endfacet
  facet normal -6.874686e-01 7.090600e-01 1.569102e-01
    outer loop
      vertex   5.551912e+01 7.949616e+01 6.146538e+01
      vertex   5.621411e+01 8.024616e+01 6.112117e+01
      vertex   5.546258e+01 7.949616e+01 6.121767e+01
    endloop
  endfacet
  facet normal -6.758928e-01 7.049373e-01 2.150170e-01
    outer loop
      vertex   5.546258e+01 7.949616e+01 6.121767e+01
      vertex   5.621411e+01 8.024616e+01 6.112117e+01
      vertex   5.612266e+01 8.024616e+01 6.083371e+01
    endloop
  endfacet
  facet normal -6.561549e-01 7.093259e-01 2.575218e-01
    outer loop
      vertex   5.546258e+01 7.949616e+01 6.121767e+01
      vertex   5.612266e+01 8.024616e+01 6.083371e+01
      vertex   5.536975e+01 7.949616e+01 6.098115e+01
    endloop
  endfacet
  facet normal -6.442620e-01 7.050313e-01 2.964075e-01
    outer loop
      vertex   5.536975e+01 7.949616e+01 6.098115e+01
      vertex   5.612266e+01 8.024616e+01 6.083371e+01
      vertex   5.599658e+01 8.024616e+01 6.055968e+01
    endloop
  endfacet
  facet normal -6.109079e-01 7.087938e-01 3.527079e-01
    outer loop
      vertex   5.536975e+01 7.949616e+01 6.098115e+01
      vertex   5.599658e+01 8.024616e+01 6.055968e+01
      vertex   5.524271e+01 7.949616e+01 6.076111e+01
    endloop
  endfacet
  facet normal -6.023985e-01 7.056876e-01 3.729894e-01
    outer loop
      vertex   5.524271e+01 7.949616e+01 6.076111e+01
      vertex   5.599658e+01 8.024616e+01 6.055968e+01
      vertex   5.583779e+01 8.024616e+01 6.030321e+01
    endloop
  endfacet
  facet normal -5.525632e-01 7.074585e-01 4.406545e-01
    outer loop
      vertex   5.524271e+01 7.949616e+01 6.076111e+01
      vertex   5.583779e+01 8.024616e+01 6.030321e+01
      vertex   5.508429e+01 7.949616e+01 6.056246e+01
    endloop
  endfacet
  facet normal -5.510533e-01 7.069012e-01 4.434309e-01
    outer loop
      vertex   5.508429e+01 7.949616e+01 6.056246e+01
      vertex   5.583779e+01 8.024616e+01 6.030321e+01
      vertex   5.564868e+01 8.024616e+01 6.006820e+01
    endloop
  endfacet
  facet normal -4.929891e-01 7.060306e-01 5.084118e-01
    outer loop
      vertex   5.508429e+01 7.949616e+01 6.056246e+01
      vertex   5.564868e+01 8.024616e+01 6.006820e+01
      vertex   5.543212e+01 8.024616e+01 5.985821e+01
    endloop
  endfacet
  facet normal -4.800473e-01 7.084384e-01 5.173680e-01
    outer loop
      vertex   5.508429e+01 7.949616e+01 6.056246e+01
      vertex   5.543212e+01 8.024616e+01 5.985821e+01
      vertex   5.489804e+01 7.949616e+01 6.038964e+01
    endloop
  endfacet
  facet normal -4.272804e-01 7.051877e-01 5.658107e-01
    outer loop
      vertex   5.489804e+01 7.949616e+01 6.038964e+01
      vertex   5.543212e+01 8.024616e+01 5.985821e+01
      vertex   5.519140e+01 8.024616e+01 5.967643e+01
    endloop
  endfacet
  facet normal -3.971236e-01 7.092373e-01 5.824734e-01
    outer loop
      vertex   5.489804e+01 7.949616e+01 6.038964e+01
      vertex   5.519140e+01 8.024616e+01 5.967643e+01
      vertex   5.468810e+01 7.949616e+01 6.024651e+01
    endloop
  endfacet
  facet normal -3.546504e-01 7.049060e-01 6.142724e-01
    outer loop
      vertex   5.468810e+01 7.949616e+01 6.024651e+01
      vertex   5.519140e+01 8.024616e+01 5.967643e+01
      vertex   5.493016e+01 8.024616e+01 5.952561e+01
    endloop
  endfacet
  facet normal -3.058749e-01 7.092373e-01 6.351558e-01
    outer loop
      vertex   5.468810e+01 7.949616e+01 6.024651e+01
      vertex   5.493016e+01 8.024616e+01 5.952561e+01
      vertex   5.445918e+01 7.949616e+01 6.013627e+01
    endloop
  endfacet
  facet normal -2.763662e-01 7.051877e-01 6.529410e-01
    outer loop
      vertex   5.445918e+01 7.949616e+01 6.013627e+01
      vertex   5.493016e+01 8.024616e+01 5.952561e+01
      vertex   5.465237e+01 8.024616e+01 5.940803e+01
    endloop
  endfacet
  facet normal -2.080301e-01 7.084384e-01 6.744171e-01
    outer loop
      vertex   5.445918e+01 7.949616e+01 6.013627e+01
      vertex   5.465237e+01 8.024616e+01 5.940803e+01
      vertex   5.421639e+01 7.949616e+01 6.006138e+01
    endloop
  endfacet
  facet normal -1.938030e-01 7.060306e-01 6.811470e-01
    outer loop
      vertex   5.421639e+01 7.949616e+01 6.006138e+01
      vertex   5.465237e+01 8.024616e+01 5.940803e+01
      vertex   5.436224e+01 8.024616e+01 5.932548e+01
    endloop
  endfacet
  facet normal -1.084958e-01 7.069012e-01 6.989416e-01
    outer loop
      vertex   5.421639e+01 7.949616e+01 6.006138e+01
      vertex   5.436224e+01 8.024616e+01 5.932548e+01
      vertex   5.406416e+01 8.024616e+01 5.927921e+01
    endloop
  endfacet
  facet normal -1.053364e-01 7.074585e-01 6.988610e-01
    outer loop
      vertex   5.421639e+01 7.949616e+01 6.006138e+01
      vertex   5.406416e+01 8.024616e+01 5.927921e+01
      vertex   5.396515e+01 7.949616e+01 6.002351e+01
    endloop
  endfacet
  facet normal -2.181901e-02 7.056876e-01 7.081871e-01
    outer loop
      vertex   5.396515e+01 7.949616e+01 6.002351e+01
      vertex   5.406416e+01 8.024616e+01 5.927921e+01
      vertex   5.376266e+01 8.024616e+01 5.926992e+01
    endloop
  endfacet
  facet normal 0.000000e+00 7.087938e-01 7.054157e-01
    outer loop
      vertex   5.396515e+01 7.949616e+01 6.002351e+01
      vertex   5.376266e+01 8.024616e+01 5.926992e+01
      vertex   5.371106e+01 7.949616e+01 6.002351e+01
    endloop
  endfacet
  facet normal 6.543453e-02 7.050313e-01 7.061510e-01
    outer loop
      vertex   5.371106e+01 7.949616e+01 6.002351e+01
      vertex   5.376266e+01 8.024616e+01 5.926992e+01
      vertex   5.346229e+01 8.024616e+01 5.929775e+01
    endloop
  endfacet
  facet normal 1.050570e-01 7.093259e-01 6.970077e-01
    outer loop
      vertex   5.371106e+01 7.949616e+01 6.002351e+01
      vertex   5.346229e+01 8.024616e+01 5.929775e+01
      vertex   5.345982e+01 7.949616e+01 6.006138e+01
    endloop
  endfacet
  facet normal 1.517362e-01 7.049373e-01 6.928488e-01
    outer loop
      vertex   5.345982e+01 7.949616e+01 6.006138e+01
      vertex   5.346229e+01 8.024616e+01 5.929775e+01
      vertex   5.316763e+01 8.024616e+01 5.936228e+01
    endloop
  endfacet
  facet normal 2.078461e-01 7.090600e-01 6.738204e-01
    outer loop
      vertex   5.345982e+01 7.949616e+01 6.006138e+01
      vertex   5.316763e+01 8.024616e+01 5.936228e+01
      vertex   5.321702e+01 7.949616e+01 6.013627e+01
    endloop
  endfacet
  facet normal 2.355741e-01 7.054066e-01 6.685106e-01
    outer loop
      vertex   5.321702e+01 7.949616e+01 6.013627e+01
      vertex   5.316763e+01 8.024616e+01 5.936228e+01
      vertex   5.288313e+01 8.024616e+01 5.946254e+01
    endloop
  endfacet
  facet normal 3.064169e-01 7.079935e-01 6.362813e-01
    outer loop
      vertex   5.321702e+01 7.949616e+01 6.013627e+01
      vertex   5.288313e+01 8.024616e+01 5.946254e+01
      vertex   5.298810e+01 7.949616e+01 6.024651e+01
    endloop
  endfacet
  facet normal 3.154837e-01 7.064353e-01 6.335766e-01
    outer loop
      vertex   5.298810e+01 7.949616e+01 6.024651e+01
      vertex   5.288313e+01 8.024616e+01 5.946254e+01
      vertex   5.261310e+01 8.024616e+01 5.959699e+01
    endloop
  endfacet
  facet normal 3.909516e-01 7.064353e-01 5.900052e-01
    outer loop
      vertex   5.298810e+01 7.949616e+01 6.024651e+01
      vertex   5.261310e+01 8.024616e+01 5.959699e+01
      vertex   5.236165e+01 8.024616e+01 5.976361e+01
    endloop
  endfacet
  facet normal 3.978273e-01 7.079935e-01 5.835055e-01
    outer loop
      vertex   5.298810e+01 7.949616e+01 6.024651e+01
      vertex   5.236165e+01 8.024616e+01 5.976361e+01
      vertex   5.277817e+01 7.949616e+01 6.038964e+01
    endloop
  endfacet
  facet normal 4.611602e-01 7.054066e-01 5.382684e-01
    outer loop
      vertex   5.277817e+01 7.949616e+01 6.038964e+01
      vertex   5.236165e+01 8.024616e+01 5.976361e+01
      vertex   5.213258e+01 8.024616e+01 5.995987e+01
    endloop
  endfacet
  facet normal 4.796225e-01 7.090600e-01 5.169102e-01
    outer loop
      vertex   5.277817e+01 7.949616e+01 6.038964e+01
      vertex   5.213258e+01 8.024616e+01 5.995987e+01
      vertex   5.259192e+01 7.949616e+01 6.056246e+01
    endloop
  endfacet
  facet normal 5.241565e-01 7.049373e-01 4.778318e-01
    outer loop
      vertex   5.259192e+01 7.949616e+01 6.056246e+01
      vertex   5.213258e+01 8.024616e+01 5.995987e+01
      vertex   5.192936e+01 8.024616e+01 6.018279e+01
    endloop
  endfacet
  facet normal 5.510979e-01 7.093259e-01 4.394859e-01
    outer loop
      vertex   5.259192e+01 7.949616e+01 6.056246e+01
      vertex   5.192936e+01 8.024616e+01 6.018279e+01
      vertex   5.243350e+01 7.949616e+01 6.076111e+01
    endloop
  endfacet
  facet normal 5.788274e-01 7.050313e-01 4.097435e-01
    outer loop
      vertex   5.243350e+01 7.949616e+01 6.076111e+01
      vertex   5.192936e+01 8.024616e+01 6.018279e+01
      vertex   5.175507e+01 8.024616e+01 6.042900e+01
    endloop
  endfacet
  facet normal 6.109079e-01 7.087938e-01 3.527079e-01
    outer loop
      vertex   5.243350e+01 7.949616e+01 6.076111e+01
      vertex   5.175507e+01 8.024616e+01 6.042900e+01
      vertex   5.230646e+01 7.949616e+01 6.098115e+01
    endloop
  endfacet
  facet normal 6.242175e-01 7.056876e-01 3.351977e-01
    outer loop
      vertex   5.230646e+01 7.949616e+01 6.098115e+01
      vertex   5.175507e+01 8.024616e+01 6.042900e+01
      vertex   5.161236e+01 8.024616e+01 6.069475e+01
    endloop
  endfacet
  facet normal 6.578996e-01 7.074585e-01 2.582066e-01
    outer loop
      vertex   5.230646e+01 7.949616e+01 6.098115e+01
      vertex   5.161236e+01 8.024616e+01 6.069475e+01
      vertex   5.221363e+01 7.949616e+01 6.121767e+01
    endloop
  endfacet
  facet normal 6.595491e-01 7.069012e-01 2.555107e-01
    outer loop
      vertex   5.221363e+01 7.949616e+01 6.121767e+01
      vertex   5.161236e+01 8.024616e+01 6.069475e+01
      vertex   5.150340e+01 8.024616e+01 6.097603e+01
    endloop
  endfacet
  facet normal 6.867921e-01 7.060306e-01 1.727351e-01
    outer loop
      vertex   5.221363e+01 7.949616e+01 6.121767e+01
      vertex   5.150340e+01 8.024616e+01 6.097603e+01
      vertex   5.142982e+01 8.024616e+01 6.126857e+01
    endloop
  endfacet
  facet normal 6.880775e-01 7.084384e-01 1.570492e-01
    outer loop
      vertex   5.221363e+01 7.949616e+01 6.121767e+01
      vertex   5.142982e+01 8.024616e+01 6.126857e+01
      vertex   5.215709e+01 7.949616e+01 6.146538e+01
    endloop
  endfacet
  facet normal 7.036466e-01 7.051877e-01 8.713034e-02
    outer loop
      vertex   5.215709e+01 7.949616e+01 6.146538e+01
      vertex   5.142982e+01 8.024616e+01 6.126857e+01
      vertex   5.139275e+01 8.024616e+01 6.156793e+01
    endloop
  endfacet
  facet normal 7.029986e-01 7.092373e-01 5.268246e-02
    outer loop
      vertex   5.215709e+01 7.949616e+01 6.146538e+01
      vertex   5.139275e+01 8.024616e+01 6.156793e+01
      vertex   5.213810e+01 7.949616e+01 6.171876e+01
    endloop
  endfacet
  facet normal 7.093007e-01 7.049060e-01 0.000000e+00
    outer loop
      vertex   5.213810e+01 7.949616e+01 6.171876e+01
      vertex   5.139275e+01 8.024616e+01 6.156793e+01
      vertex   5.139275e+01 8.024616e+01 6.186958e+01
    endloop
  endfacet
  facet normal 7.029986e-01 7.092373e-01 -5.268246e-02
    outer loop
      vertex   5.213810e+01 7.949616e+01 6.171876e+01
      vertex   5.139275e+01 8.024616e+01 6.186958e+01
      vertex   5.215709e+01 7.949616e+01 6.197213e+01
    endloop
  endfacet
  facet normal 7.036466e-01 7.051877e-01 -8.713034e-02
    outer loop
      vertex   5.215709e+01 7.949616e+01 6.197213e+01
      vertex   5.139275e+01 8.024616e+01 6.186958e+01
      vertex   5.142982e+01 8.024616e+01 6.216894e+01
    endloop
  endfacet
  facet normal 6.880775e-01 7.084384e-01 -1.570492e-01
    outer loop
      vertex   5.215709e+01 7.949616e+01 6.197213e+01
      vertex   5.142982e+01 8.024616e+01 6.216894e+01
      vertex   5.221363e+01 7.949616e+01 6.221984e+01
    endloop
  endfacet
  facet normal 6.867921e-01 7.060306e-01 -1.727351e-01
    outer loop
      vertex   5.221363e+01 7.949616e+01 6.221984e+01
      vertex   5.142982e+01 8.024616e+01 6.216894e+01
      vertex   5.150340e+01 8.024616e+01 6.246148e+01
    endloop
  endfacet
  facet normal 6.595491e-01 7.069012e-01 -2.555107e-01
    outer loop
      vertex   5.221363e+01 7.949616e+01 6.221984e+01
      vertex   5.150340e+01 8.024616e+01 6.246148e+01
      vertex   5.161236e+01 8.024616e+01 6.274276e+01
    endloop
  endfacet
  facet normal 6.578996e-01 7.074585e-01 -2.582066e-01
    outer loop
      vertex   5.221363e+01 7.949616e+01 6.221984e+01
      vertex   5.161236e+01 8.024616e+01 6.274276e+01
      vertex   5.230646e+01 7.949616e+01 6.245636e+01
    endloop
  endfacet
  facet normal 6.242175e-01 7.056876e-01 -3.351977e-01
    outer loop
      vertex   5.230646e+01 7.949616e+01 6.245636e+01
      vertex   5.161236e+01 8.024616e+01 6.274276e+01
      vertex   5.175507e+01 8.024616e+01 6.300851e+01
    endloop
  endfacet
  facet normal 6.109079e-01 7.087938e-01 -3.527079e-01
    outer loop
      vertex   5.230646e+01 7.949616e+01 6.245636e+01
      vertex   5.175507e+01 8.024616e+01 6.300851e+01
      vertex   5.243350e+01 7.949616e+01 6.267640e+01
    endloop
  endfacet
  facet normal 5.788274e-01 7.050313e-01 -4.097435e-01
    outer loop
      vertex   5.243350e+01 7.949616e+01 6.267640e+01
      vertex   5.175507e+01 8.024616e+01 6.300851e+01
      vertex   5.192936e+01 8.024616e+01 6.325472e+01
    endloop
  endfacet
  facet normal 5.510979e-01 7.093259e-01 -4.394859e-01
    outer loop
      vertex   5.243350e+01 7.949616e+01 6.267640e+01
      vertex   5.192936e+01 8.024616e+01 6.325472e+01
      vertex   5.259192e+01 7.949616e+01 6.287505e+01
    endloop
  endfacet
  facet normal 5.241565e-01 7.049373e-01 -4.778318e-01
    outer loop
      vertex   5.259192e+01 7.949616e+01 6.287505e+01
      vertex   5.192936e+01 8.024616e+01 6.325472e+01
      vertex   5.213258e+01 8.024616e+01 6.347764e+01
    endloop
  endfacet
  facet normal 4.796225e-01 7.090600e-01 -5.169102e-01
    outer loop
      vertex   5.259192e+01 7.949616e+01 6.287505e+01
      vertex   5.213258e+01 8.024616e+01 6.347764e+01
      vertex   5.277817e+01 7.949616e+01 6.304787e+01
    endloop
  endfacet
  facet normal 4.611602e-01 7.054066e-01 -5.382684e-01
    outer loop
      vertex   5.277817e+01 7.949616e+01 6.304787e+01
      vertex   5.213258e+01 8.024616e+01 6.347764e+01
      vertex   5.236165e+01 8.024616e+01 6.367390e+01
    endloop
  endfacet
  facet normal 3.978273e-01 7.079935e-01 -5.835055e-01
    outer loop
      vertex   5.277817e+01 7.949616e+01 6.304787e+01
      vertex   5.236165e+01 8.024616e+01 6.367390e+01
      vertex   5.298810e+01 7.949616e+01 6.319100e+01
    endloop
  endfacet
  facet normal 3.909516e-01 7.064353e-01 -5.900052e-01
    outer loop
      vertex   5.298810e+01 7.949616e+01 6.319100e+01
      vertex   5.236165e+01 8.024616e+01 6.367390e+01
      vertex   5.261310e+01 8.024616e+01 6.384052e+01
    endloop
  endfacet
  facet normal 3.154837e-01 7.064353e-01 -6.335766e-01
    outer loop
      vertex   5.298810e+01 7.949616e+01 6.319100e+01
      vertex   5.261310e+01 8.024616e+01 6.384052e+01
      vertex   5.288313e+01 8.024616e+01 6.397497e+01
    endloop
  endfacet
  facet normal 3.064169e-01 7.079935e-01 -6.362813e-01
    outer loop
      vertex   5.298810e+01 7.949616e+01 6.319100e+01
      vertex   5.288313e+01 8.024616e+01 6.397497e+01
      vertex   5.321702e+01 7.949616e+01 6.330124e+01
    endloop
  endfacet
  facet normal 2.355741e-01 7.054066e-01 -6.685106e-01
    outer loop
      vertex   5.321702e+01 7.949616e+01 6.330124e+01
      vertex   5.288313e+01 8.024616e+01 6.397497e+01
      vertex   5.316763e+01 8.024616e+01 6.407523e+01
    endloop
  endfacet
  facet normal 2.078461e-01 7.090600e-01 -6.738204e-01
    outer loop
      vertex   5.321702e+01 7.949616e+01 6.330124e+01
      vertex   5.316763e+01 8.024616e+01 6.407523e+01
      vertex   5.345982e+01 7.949616e+01 6.337613e+01
    endloop
  endfacet
  facet normal 1.517362e-01 7.049373e-01 -6.928488e-01
    outer loop
      vertex   5.345982e+01 7.949616e+01 6.337613e+01
      vertex   5.316763e+01 8.024616e+01 6.407523e+01
      vertex   5.346229e+01 8.024616e+01 6.413976e+01
    endloop
  endfacet
  facet normal 1.050570e-01 7.093259e-01 -6.970077e-01
    outer loop
      vertex   5.345982e+01 7.949616e+01 6.337613e+01
      vertex   5.346229e+01 8.024616e+01 6.413976e+01
      vertex   5.371106e+01 7.949616e+01 6.341400e+01
    endloop
  endfacet
  facet normal 6.543453e-02 7.050313e-01 -7.061510e-01
    outer loop
      vertex   5.371106e+01 7.949616e+01 6.341400e+01
      vertex   5.346229e+01 8.024616e+01 6.413976e+01
      vertex   5.376266e+01 8.024616e+01 6.416759e+01
    endloop
  endfacet
  facet normal 0.000000e+00 7.087938e-01 -7.054157e-01
    outer loop
      vertex   5.371106e+01 7.949616e+01 6.341400e+01
      vertex   5.376266e+01 8.024616e+01 6.416759e+01
      vertex   5.396515e+01 7.949616e+01 6.341400e+01
    endloop
  endfacet
  facet normal -2.181901e-02 7.056876e-01 -7.081871e-01
    outer loop
      vertex   5.396515e+01 7.949616e+01 6.341400e+01
      vertex   5.376266e+01 8.024616e+01 6.416759e+01
      vertex   5.406416e+01 8.024616e+01 6.415830e+01
    endloop
  endfacet
  facet normal -1.053364e-01 7.074585e-01 -6.988610e-01
    outer loop
      vertex   5.396515e+01 7.949616e+01 6.341400e+01
      vertex   5.406416e+01 8.024616e+01 6.415830e+01
      vertex   5.421639e+01 7.949616e+01 6.337613e+01
    endloop
  endfacet
  facet normal -1.084958e-01 7.069012e-01 -6.989416e-01
    outer loop
      vertex   5.421639e+01 7.949616e+01 6.337613e+01
      vertex   5.406416e+01 8.024616e+01 6.415830e+01
      vertex   5.436224e+01 8.024616e+01 6.411203e+01
    endloop
  endfacet
  facet normal -1.938030e-01 7.060306e-01 -6.811470e-01
    outer loop
      vertex   5.421639e+01 7.949616e+01 6.337613e+01
      vertex   5.436224e+01 8.024616e+01 6.411203e+01
      vertex   5.465237e+01 8.024616e+01 6.402948e+01
    endloop
  endfacet
  facet normal -2.080301e-01 7.084384e-01 -6.744171e-01
    outer loop
      vertex   5.421639e+01 7.949616e+01 6.337613e+01
      vertex   5.465237e+01 8.024616e+01 6.402948e+01
      vertex   5.445918e+01 7.949616e+01 6.330124e+01
    endloop
  endfacet
  facet normal -2.763662e-01 7.051877e-01 -6.529410e-01
    outer loop
      vertex   5.445918e+01 7.949616e+01 6.330124e+01
      vertex   5.465237e+01 8.024616e+01 6.402948e+01
      vertex   5.493016e+01 8.024616e+01 6.391191e+01
    endloop
  endfacet
  facet normal -3.058749e-01 7.092373e-01 -6.351558e-01
    outer loop
      vertex   5.445918e+01 7.949616e+01 6.330124e+01
      vertex   5.493016e+01 8.024616e+01 6.391191e+01
      vertex   5.468810e+01 7.949616e+01 6.319100e+01
    endloop
  endfacet
  facet normal -3.546504e-01 7.049060e-01 -6.142724e-01
    outer loop
      vertex   5.468810e+01 7.949616e+01 6.319100e+01
      vertex   5.493016e+01 8.024616e+01 6.391191e+01
      vertex   5.519140e+01 8.024616e+01 6.376108e+01
    endloop
  endfacet
  facet normal -3.971236e-01 7.092373e-01 -5.824734e-01
    outer loop
      vertex   5.468810e+01 7.949616e+01 6.319100e+01
      vertex   5.519140e+01 8.024616e+01 6.376108e+01
      vertex   5.489804e+01 7.949616e+01 6.304787e+01
    endloop
  endfacet
  facet normal -4.272804e-01 7.051877e-01 -5.658107e-01
    outer loop
      vertex   5.489804e+01 7.949616e+01 6.304787e+01
      vertex   5.519140e+01 8.024616e+01 6.376108e+01
      vertex   5.543212e+01 8.024616e+01 6.357930e+01
    endloop
  endfacet
  facet normal -4.800473e-01 7.084384e-01 -5.173680e-01
    outer loop
      vertex   5.489804e+01 7.949616e+01 6.304787e+01
      vertex   5.543212e+01 8.024616e+01 6.357930e+01
      vertex   5.508429e+01 7.949616e+01 6.287505e+01
    endloop
  endfacet
  facet normal -4.929891e-01 7.060306e-01 -5.084118e-01
    outer loop
      vertex   5.508429e+01 7.949616e+01 6.287505e+01
      vertex   5.543212e+01 8.024616e+01 6.357930e+01
      vertex   5.564868e+01 8.024616e+01 6.336931e+01
    endloop
  endfacet
  facet normal -5.510533e-01 7.069012e-01 -4.434309e-01
    outer loop
      vertex   5.508429e+01 7.949616e+01 6.287505e+01
      vertex   5.564868e+01 8.024616e+01 6.336931e+01
      vertex   5.583779e+01 8.024616e+01 6.313430e+01
    endloop
  endfacet
  facet normal -5.525632e-01 7.074585e-01 -4.406545e-01
    outer loop
      vertex   5.508429e+01 7.949616e+01 6.287505e+01
      vertex   5.583779e+01 8.024616e+01 6.313430e+01
      vertex   5.524271e+01 7.949616e+01 6.267640e+01
    endloop
  endfacet
  facet normal -6.023985e-01 7.056876e-01 -3.729894e-01
    outer loop
      vertex   5.524271e+01 7.949616e+01 6.267640e+01
      vertex   5.583779e+01 8.024616e+01 6.313430e+01
      vertex   5.599658e+01 8.024616e+01 6.287784e+01
    endloop
  endfacet
  facet normal -6.109079e-01 7.087938e-01 -3.527079e-01
    outer loop
      vertex   5.524271e+01 7.949616e+01 6.267640e+01
      vertex   5.599658e+01 8.024616e+01 6.287784e+01
      vertex   5.536975e+01 7.949616e+01 6.245636e+01
    endloop
  endfacet
  facet normal -6.442620e-01 7.050313e-01 -2.964075e-01
    outer loop
      vertex   5.536975e+01 7.949616e+01 6.245636e+01
      vertex   5.599658e+01 8.024616e+01 6.287784e+01
      vertex   5.612266e+01 8.024616e+01 6.260380e+01
    endloop
  endfacet
  facet normal -6.561549e-01 7.093259e-01 -2.575218e-01
    outer loop
      vertex   5.536975e+01 7.949616e+01 6.245636e+01
      vertex   5.612266e+01 8.024616e+01 6.260380e+01
      vertex   5.546258e+01 7.949616e+01 6.221984e+01
    endloop
  endfacet
  facet normal -6.758928e-01 7.049373e-01 -2.150170e-01
    outer loop
      vertex   5.546258e+01 7.949616e+01 6.221984e+01
      vertex   5.612266e+01 8.024616e+01 6.260380e+01
      vertex   5.621411e+01 8.024616e+01 6.231634e+01
    endloop
  endfacet
  facet normal -6.874686e-01 7.090600e-01 -1.569102e-01
    outer loop
      vertex   5.546258e+01 7.949616e+01 6.221984e+01
      vertex   5.621411e+01 8.024616e+01 6.231634e+01
      vertex   5.551912e+01 7.949616e+01 6.197213e+01
    endloop
  endfacet
  facet normal -6.967342e-01 7.054066e-01 -1.302422e-01
    outer loop
      vertex   5.551912e+01 7.949616e+01 6.197213e+01
      vertex   5.621411e+01 8.024616e+01 6.231634e+01
      vertex   5.626953e+01 8.024616e+01 6.201983e+01
    endloop
  endfacet
  facet normal -7.042443e-01 7.079935e-01 -5.277581e-02
    outer loop
      vertex   5.551912e+01 7.949616e+01 6.197213e+01
      vertex   5.626953e+01 8.024616e+01 6.201983e+01
      vertex   5.553810e+01 7.949616e+01 6.171876e+01
    endloop
  endfacet
  facet normal -9.972038e-01 0.000000e+00 -7.473009e-02
    outer loop
      vertex   5.551912e+01 7.499616e+01 6.197213e+01
      vertex   5.551912e+01 7.949616e+01 6.197213e+01
      vertex   5.553810e+01 7.499616e+01 6.171876e+01
    endloop
  endfacet
  facet normal -9.972038e-01 0.000000e+00 -7.473009e-02
    outer loop
      vertex   5.553810e+01 7.499616e+01 6.171876e+01
      vertex   5.551912e+01 7.949616e+01 6.197213e+01
      vertex   5.553810e+01 7.949616e+01 6.171876e+01
    endloop
  endfacet
  facet normal -9.972038e-01 0.000000e+00 7.473009e-02
    outer loop
      vertex   5.553810e+01 7.499616e+01 6.171876e+01
      vertex   5.553810e+01 7.949616e+01 6.171876e+01
      vertex   5.551912e+01 7.499616e+01 6.146538e+01
    endloop
  endfacet
  facet normal -9.972038e-01 0.000000e+00 7.473009e-02
    outer loop
      vertex   5.551912e+01 7.499616e+01 6.146538e+01
      vertex   5.553810e+01 7.949616e+01 6.171876e+01
      vertex   5.551912e+01 7.949616e+01 6.146538e+01
    endloop
  endfacet
  facet normal -9.749279e-01 0.000000e+00 2.225209e-01
    outer loop
      vertex   5.551912e+01 7.499616e+01 6.146538e+01
      vertex   5.551912e+01 7.949616e+01 6.146538e+01
      vertex   5.546258e+01 7.499616e+01 6.121767e+01
    endloop
  endfacet
  facet normal -9.749279e-01 0.000000e+00 2.225209e-01
    outer loop
      vertex   5.546258e+01 7.499616e+01 6.121767e+01
      vertex   5.551912e+01 7.949616e+01 6.146538e+01
      vertex   5.546258e+01 7.949616e+01 6.121767e+01
    endloop
  endfacet
  facet normal -9.308737e-01 0.000000e+00 3.653410e-01
    outer loop
      vertex   5.546258e+01 7.499616e+01 6.121767e+01
      vertex   5.546258e+01 7.949616e+01 6.121767e+01
      vertex   5.536975e+01 7.499616e+01 6.098115e+01
    endloop
  endfacet
  facet normal -9.308737e-01 0.000000e+00 3.653410e-01
    outer loop
      vertex   5.536975e+01 7.499616e+01 6.098115e+01
      vertex   5.546258e+01 7.949616e+01 6.121767e+01
      vertex   5.536975e+01 7.949616e+01 6.098115e+01
    endloop
  endfacet
  facet normal -8.660254e-01 0.000000e+00 5.000000e-01
    outer loop
      vertex   5.536975e+01 7.499616e+01 6.098115e+01
      vertex   5.536975e+01 7.949616e+01 6.098115e+01
      vertex   5.524271e+01 7.499616e+01 6.076111e+01
    endloop
  endfacet
  facet normal -8.660254e-01 0.000000e+00 5.000000e-01
    outer loop
      vertex   5.524271e+01 7.499616e+01 6.076111e+01
      vertex   5.536975e+01 7.949616e+01 6.098115e+01
      vertex   5.524271e+01 7.949616e+01 6.076111e+01
    endloop
  endfacet
  facet normal -7.818315e-01 0.000000e+00 6.234898e-01
    outer loop
      vertex   5.524271e+01 7.499616e+01 6.076111e+01
      vertex   5.524271e+01 7.949616e+01 6.076111e+01
      vertex   5.508429e+01 7.499616e+01 6.056246e+01
    endloop
  endfacet
  facet normal -7.818315e-01 0.000000e+00 6.234898e-01
    outer loop
      vertex   5.508429e+01 7.499616e+01 6.056246e+01
      vertex   5.524271e+01 7.949616e+01 6.076111e+01
      vertex   5.508429e+01 7.949616e+01 6.056246e+01
    endloop
  endfacet
  facet normal -6.801727e-01 0.000000e+00 7.330519e-01
    outer loop
      vertex   5.508429e+01 7.499616e+01 6.056246e+01
      vertex   5.508429e+01 7.949616e+01 6.056246e+01
      vertex   5.489804e+01 7.499616e+01 6.038964e+01
    endloop
  endfacet
  facet normal -6.801727e-01 0.000000e+00 7.330519e-01
    outer loop
      vertex   5.489804e+01 7.499616e+01 6.038964e+01
      vertex   5.508429e+01 7.949616e+01 6.056246e+01
      vertex   5.489804e+01 7.949616e+01 6.038964e+01
    endloop
  endfacet
  facet normal -5.633201e-01 0.000000e+00 8.262388e-01
    outer loop
      vertex   5.489804e+01 7.499616e+01 6.038964e+01
      vertex   5.489804e+01 7.949616e+01 6.038964e+01
      vertex   5.468810e+01 7.499616e+01 6.024651e+01
    endloop
  endfacet
  facet normal -5.633201e-01 0.000000e+00 8.262388e-01
    outer loop
      vertex   5.468810e+01 7.499616e+01 6.024651e+01
      vertex   5.489804e+01 7.949616e+01 6.038964e+01
      vertex   5.468810e+01 7.949616e+01 6.024651e+01
    endloop
  endfacet
  facet normal -4.338837e-01 0.000000e+00 9.009689e-01
    outer loop
      vertex   5.468810e+01 7.499616e+01 6.024651e+01
      vertex   5.468810e+01 7.949616e+01 6.024651e+01
      vertex   5.445918e+01 7.499616e+01 6.013627e+01
    endloop
  endfacet
  facet normal -4.338837e-01 0.000000e+00 9.009689e-01
    outer loop
      vertex   5.445918e+01 7.499616e+01 6.013627e+01
      vertex   5.468810e+01 7.949616e+01 6.024651e+01
      vertex   5.445918e+01 7.949616e+01 6.013627e+01
    endloop
  endfacet
  facet normal -2.947552e-01 0.000000e+00 9.555728e-01
    outer loop
      vertex   5.445918e+01 7.499616e+01 6.013627e+01
      vertex   5.445918e+01 7.949616e+01 6.013627e+01
      vertex   5.421639e+01 7.499616e+01 6.006138e+01
    endloop
  endfacet
  facet normal -2.947552e-01 0.000000e+00 9.555728e-01
    outer loop
      vertex   5.421639e+01 7.499616e+01 6.006138e+01
      vertex   5.445918e+01 7.949616e+01 6.013627e+01
      vertex   5.421639e+01 7.949616e+01 6.006138e+01
    endloop
  endfacet
  facet normal -1.490423e-01 0.000000e+00 9.888308e-01
    outer loop
      vertex   5.421639e+01 7.499616e+01 6.006138e+01
      vertex   5.421639e+01 7.949616e+01 6.006138e+01
      vertex   5.396515e+01 7.499616e+01 6.002351e+01
    endloop
  endfacet
  facet normal -1.490423e-01 0.000000e+00 9.888308e-01
    outer loop
      vertex   5.396515e+01 7.499616e+01 6.002351e+01
      vertex   5.421639e+01 7.949616e+01 6.006138e+01
      vertex   5.396515e+01 7.949616e+01 6.002351e+01
    endloop
  endfacet
  facet normal 0.000000e+00 -0.000000e+00 1.000000e+00
    outer loop
      vertex   5.396515e+01 7.499616e+01 6.002351e+01
      vertex   5.396515e+01 7.949616e+01 6.002351e+01
      vertex   5.371106e+01 7.499616e+01 6.002351e+01
    endloop
  endfacet
  facet normal 0.000000e+00 0.000000e+00 1.000000e+00
    outer loop
      vertex   5.371106e+01 7.499616e+01 6.002351e+01
      vertex   5.396515e+01 7.949616e+01 6.002351e+01
      vertex   5.371106e+01 7.949616e+01 6.002351e+01
    endloop
  endfacet
  facet normal 1.490423e-01 -0.000000e+00 9.888308e-01
    outer loop
      vertex   5.371106e+01 7.499616e+01 6.002351e+01
      vertex   5.371106e+01 7.949616e+01 6.002351e+01
      vertex   5.345982e+01 7.499616e+01 6.006138e+01
    endloop
  endfacet
  facet normal 1.490423e-01 -0.000000e+00 9.888308e-01
    outer loop
      vertex   5.345982e+01 7.499616e+01 6.006138e+01
      vertex   5.371106e+01 7.949616e+01 6.002351e+01
      vertex   5.345982e+01 7.949616e+01 6.006138e+01
    endloop
  endfacet
  facet normal 2.947552e-01 -0.000000e+00 9.555728e-01
    outer loop
      vertex   5.345982e+01 7.499616e+01 6.006138e+01
      vertex   5.345982e+01 7.949616e+01 6.006138e+01
      vertex   5.321702e+01 7.499616e+01 6.013627e+01
    endloop
  endfacet
  facet normal 2.947552e-01 -0.000000e+00 9.555728e-01
    outer loop
      vertex   5.321702e+01 7.499616e+01 6.013627e+01
      vertex   5.345982e+01 7.949616e+01 6.006138e+01
      vertex   5.321702e+01 7.949616e+01 6.013627e+01
    endloop
  endfacet
  facet normal 4.338837e-01 -0.000000e+00 9.009689e-01
    outer loop
      vertex   5.321702e+01 7.499616e+01 6.013627e+01
      vertex   5.321702e+01 7.949616e+01 6.013627e+01
      vertex   5.298810e+01 7.499616e+01 6.024651e+01
    endloop
  endfacet
  facet normal 4.338837e-01 -0.000000e+00 9.009689e-01
    outer loop
      vertex   5.298810e+01 7.499616e+01 6.024651e+01
      vertex   5.321702e+01 7.949616e+01 6.013627e+01
      vertex   5.298810e+01 7.949616e+01 6.024651e+01
    endloop
  endfacet
  facet normal 5.633201e-01 -0.000000e+00 8.262388e-01
    outer loop
      vertex   5.298810e+01 7.499616e+01 6.024651e+01
      vertex   5.298810e+01 7.949616e+01 6.024651e+01
      vertex   5.277817e+01 7.499616e+01 6.038964e+01
    endloop
  endfacet
  facet normal 5.633201e-01 -0.000000e+00 8.262388e-01
    outer loop
      vertex   5.277817e+01 7.499616e+01 6.038964e+01
      vertex   5.298810e+01 7.949616e+01 6.024651e+01
      vertex   5.277817e+01 7.949616e+01 6.038964e+01
    endloop
  endfacet
  facet normal 6.801727e-01 -0.000000e+00 7.330519e-01
    outer loop
      vertex   5.277817e+01 7.499616e+01 6.038964e+01
      vertex   5.277817e+01 7.949616e+01 6.038964e+01
      vertex   5.259192e+01 7.499616e+01 6.056246e+01
    endloop
  endfacet
  facet normal 6.801727e-01 -0.000000e+00 7.330519e-01
    outer loop
      vertex   5.259192e+01 7.499616e+01 6.056246e+01
      vertex   5.277817e+01 7.949616e+01 6.038964e+01
      vertex   5.259192e+01 7.949616e+01 6.056246e+01
    endloop
  endfacet
  facet normal 7.818315e-01 -0.000000e+00 6.234898e-01
    outer loop
      vertex   5.259192e+01 7.499616e+01 6.056246e+01
      vertex   5.259192e+01 7.949616e+01 6.056246e+01
      vertex   5.243350e+01 7.499616e+01 6.076111e+01
    endloop
  endfacet
  facet normal 7.818315e-01 -0.000000e+00 6.234898e-01
    outer loop
      vertex   5.243350e+01 7.499616e+01 6.076111e+01
      vertex   5.259192e+01 7.949616e+01 6.056246e+01
      vertex   5.243350e+01 7.949616e+01 6.076111e+01
    endloop
  endfacet
  facet normal 8.660254e-01 -0.000000e+00 5.000000e-01
    outer loop
      vertex   5.243350e+01 7.499616e+01 6.076111e+01
      vertex   5.243350e+01 7.949616e+01 6.076111e+01
      vertex   5.230646e+01 7.499616e+01 6.098115e+01
    endloop
  endfacet
  facet normal 8.660254e-01 -0.000000e+00 5.000000e-01
    outer loop
      vertex   5.230646e+01 7.499616e+01 6.098115e+01
      vertex   5.243350e+01 7.949616e+01 6.076111e+01
      vertex   5.230646e+01 7.949616e+01 6.098115e+01
    endloop
  endfacet
  facet normal 9.308737e-01 -0.000000e+00 3.653410e-01
    outer loop
      vertex   5.230646e+01 7.499616e+01 6.098115e+01
      vertex   5.230646e+01 7.949616e+01 6.098115e+01
      vertex   5.221363e+01 7.499616e+01 6.121767e+01
    endloop
  endfacet
  facet normal 9.308737e-01 -0.000000e+00 3.653410e-01
    outer loop
      vertex   5.221363e+01 7.499616e+01 6.121767e+01
      vertex   5.230646e+01 7.949616e+01 6.098115e+01
      vertex   5.221363e+01 7.949616e+01 6.121767e+01
    endloop
  endfacet
  facet normal 9.749279e-01 -0.000000e+00 2.225209e-01
    outer loop
      vertex   5.221363e+01 7.499616e+01 6.121767e+01
      vertex   5.221363e+01 7.949616e+01 6.121767e+01
      vertex   5.215709e+01 7.499616e+01 6.146538e+01
    endloop
  endfacet
  facet normal 9.749279e-01 -0.000000e+00 2.225209e-01
    outer loop
      vertex   5.215709e+01 7.499616e+01 6.146538e+01
      vertex   5.221363e+01 7.949616e+01 6.121767e+01
      vertex   5.215709e+01 7.949616e+01 6.146538e+01
    endloop
  endfacet
  facet normal 9.972038e-01 -0.000000e+00 7.473009e-02
    outer loop
      vertex   5.215709e+01 7.499616e+01 6.146538e+01
      vertex   5.215709e+01 7.949616e+01 6.146538e+01
      vertex   5.213810e+01 7.499616e+01 6.171876e+01
    endloop
  endfacet
  facet normal 9.972038e-01 -0.000000e+00 7.473009e-02
    outer loop
      vertex   5.213810e+01 7.499616e+01 6.171876e+01
      vertex   5.215709e+01 7.949616e+01 6.146538e+01
      vertex   5.213810e+01 7.949616e+01 6.171876e+01
    endloop
  endfacet
  facet normal 9.972038e-01 0.000000e+00 -7.473009e-02
    outer loop
      vertex   5.213810e+01 7.499616e+01 6.171876e+01
      vertex   5.213810e+01 7.949616e+01 6.171876e+01
      vertex   5.215709e+01 7.499616e+01 6.197213e+01
    endloop
  endfacet
  facet normal 9.972038e-01 0.000000e+00 -7.473009e-02
    outer loop
      vertex   5.215709e+01 7.499616e+01 6.197213e+01
      vertex   5.213810e+01 7.949616e+01 6.171876e+01
      vertex   5.215709e+01 7.949616e+01 6.197213e+01
    endloop
  endfacet
  facet normal 9.749279e-01 0.000000e+00 -2.225209e-01
    outer loop
      vertex   5.215709e+01 7.499616e+01 6.197213e+01
      vertex   5.215709e+01 7.949616e+01 6.197213e+01
      vertex   5.221363e+01 7.499616e+01 6.221984e+01
    endloop
  endfacet
  facet normal 9.749279e-01 0.000000e+00 -2.225209e-01
    outer loop
      vertex   5.221363e+01 7.499616e+01 6.221984e+01
      vertex   5.215709e+01 7.949616e+01 6.197213e+01
      vertex   5.221363e+01 7.949616e+01 6.221984e+01
    endloop
  endfacet
  facet normal 9.308737e-01 0.000000e+00 -3.653410e-01
    outer loop
      vertex   5.221363e+01 7.499616e+01 6.221984e+01
      vertex   5.221363e+01 7.949616e+01 6.221984e+01
      vertex   5.230646e+01 7.499616e+01 6.245636e+01
    endloop
  endfacet
  facet normal 9.308737e-01 0.000000e+00 -3.653410e-01
    outer loop
      vertex   5.230646e+01 7.499616e+01 6.245636e+01
      vertex   5.221363e+01 7.949616e+01 6.221984e+01
      vertex   5.230646e+01 7.949616e+01 6.245636e+01
    endloop
  endfacet
  facet normal 8.660254e-01 0.000000e+00 -5.000000e-01
    outer loop
      vertex   5.230646e+01 7.499616e+01 6.245636e+01
      vertex   5.230646e+01 7.949616e+01 6.245636e+01
      vertex   5.243350e+01 7.499616e+01 6.267640e+01
    endloop
  endfacet
  facet normal 8.660254e-01 0.000000e+00 -5.000000e-01
    outer loop
      vertex   5.243350e+01 7.499616e+01 6.267640e+01
      vertex   5.230646e+01 7.949616e+01 6.245636e+01
      vertex   5.243350e+01 7.949616e+01 6.267640e+01
    endloop
  endfacet
  facet normal 7.818315e-01 0.000000e+00 -6.234898e-01
    outer loop
      vertex   5.243350e+01 7.499616e+01 6.267640e+01
      vertex   5.243350e+01 7.949616e+01 6.267640e+01
      vertex   5.259192e+01 7.499616e+01 6.287505e+01
    endloop
  endfacet
  facet normal 7.818315e-01 0.000000e+00 -6.234898e-01
    outer loop
      vertex   5.259192e+01 7.499616e+01 6.287505e+01
      vertex   5.243350e+01 7.949616e+01 6.267640e+01
      vertex   5.259192e+01 7.949616e+01 6.287505e+01
    endloop
  endfacet
  facet normal 6.801727e-01 0.000000e+00 -7.330519e-01
    outer loop
      vertex   5.259192e+01 7.499616e+01 6.287505e+01
      vertex   5.259192e+01 7.949616e+01 6.287505e+01
      vertex   5.277817e+01 7.499616e+01 6.304787e+01
    endloop
  endfacet
  facet normal 6.801727e-01 0.000000e+00 -7.330519e-01
    outer loop
      vertex   5.277817e+01 7.499616e+01 6.304787e+01
      vertex   5.259192e+01 7.949616e+01 6.287505e+01
      vertex   5.277817e+01 7.949616e+01 6.304787e+01
    endloop
  endfacet
  facet normal 5.633201e-01 0.000000e+00 -8.262388e-01
    outer loop
      vertex   5.277817e+01 7.499616e+01 6.304787e+01
      vertex   5.277817e+01 7.949616e+01 6.304787e+01
      vertex   5.298810e+01 7.499616e+01 6.319100e+01
    endloop
  endfacet
  facet normal 5.633201e-01 0.000000e+00 -8.262388e-01
    outer loop
      vertex   5.298810e+01 7.499616e+01 6.319100e+01
      vertex   5.277817e+01 7.949616e+01 6.304787e+01
      vertex   5.298810e+01 7.949616e+01 6.319100e+01
    endloop
  endfacet
  facet normal 4.338837e-01 0.000000e+00 -9.009689e-01
    outer loop
      vertex   5.298810e+01 7.499616e+01 6.319100e+01
      vertex   5.298810e+01 7.949616e+01 6.319100e+01
      vertex   5.321702e+01 7.499616e+01 6.330124e+01
    endloop
  endfacet
  facet normal 4.338837e-01 0.000000e+00 -9.009689e-01
    outer loop
      vertex   5.321702e+01 7.499616e+01 6.330124e+01
      vertex   5.298810e+01 7.949616e+01 6.319100e+01
      vertex   5.321702e+01 7.949616e+01 6.330124e+01
    endloop
  endfacet
  facet normal 2.947552e-01 0.000000e+00 -9.555728e-01
    outer loop
      vertex   5.321702e+01 7.499616e+01 6.330124e+01
      vertex   5.321702e+01 7.949616e+01 6.330124e+01
      vertex   5.345982e+01 7.499616e+01 6.337613e+01
    endloop
  endfacet
  facet normal 2.947552e-01 0.000000e+00 -9.555728e-01
    outer loop
      vertex   5.345982e+01 7.499616e+01 6.337613e+01
      vertex   5.321702e+01 7.949616e+01 6.330124e+01
      vertex   5.345982e+01 7.949616e+01 6.337613e+01
    endloop
  endfacet
  facet normal 1.490423e-01 0.000000e+00 -9.888308e-01
    outer loop
      vertex   5.345982e+01 7.499616e+01 6.337613e+01
      vertex   5.345982e+01 7.949616e+01 6.337613e+01
      vertex   5.371106e+01 7.499616e+01 6.341400e+01
    endloop
  endfacet
  facet normal 1.490423e-01 0.000000e+00 -9.888308e-01
    outer loop
      vertex   5.371106e+01 7.499616e+01 6.341400e+01
      vertex   5.345982e+01 7.949616e+01 6.337613e+01
      vertex   5.371106e+01 7.949616e+01 6.341400e+01
    endloop
  endfacet
  facet normal 0.000000e+00 0.000000e+00 -1.000000e+00
    outer loop
      vertex   5.371106e+01 7.499616e+01 6.341400e+01
      vertex   5.371106e+01 7.949616e+01 6.341400e+01
      vertex   5.396515e+01 7.499616e+01 6.341400e+01
    endloop
  endfacet
  facet normal 0.000000e+00 0.000000e+00 -1.000000e+00
    outer loop
      vertex   5.396515e+01 7.499616e+01 6.341400e+01
      vertex   5.371106e+01 7.949616e+01 6.341400e+01
      vertex   5.396515e+01 7.949616e+01 6.341400e+01
    endloop
  endfacet
  facet normal -1.490423e-01 0.000000e+00 -9.888308e-01
    outer loop
      vertex   5.396515e+01 7.499616e+01 6.341400e+01
      vertex   5.396515e+01 7.949616e+01 6.341400e+01
      vertex   5.421639e+01 7.499616e+01 6.337613e+01
    endloop
  endfacet
  facet normal -1.490423e-01 0.000000e+00 -9.888308e-01
    outer loop
      vertex   5.421639e+01 7.499616e+01 6.337613e+01
      vertex   5.396515e+01 7.949616e+01 6.341400e+01
      vertex   5.421639e+01 7.949616e+01 6.337613e+01
    endloop
  endfacet
  facet normal -2.947552e-01 0.000000e+00 -9.555728e-01
    outer loop
      vertex   5.421639e+01 7.499616e+01 6.337613e+01
      vertex   5.421639e+01 7.949616e+01 6.337613e+01
      vertex   5.445918e+01 7.499616e+01 6.330124e+01
    endloop
  endfacet
  facet normal -2.947552e-01 0.000000e+00 -9.555728e-01
    outer loop
      vertex   5.445918e+01 7.499616e+01 6.330124e+01
      vertex   5.421639e+01 7.949616e+01 6.337613e+01
      vertex   5.445918e+01 7.949616e+01 6.330124e+01
    endloop
  endfacet
  facet normal -4.338837e-01 0.000000e+00 -9.009689e-01
    outer loop
      vertex   5.445918e+01 7.499616e+01 6.330124e+01
      vertex   5.445918e+01 7.949616e+01 6.330124e+01
      vertex   5.468810e+01 7.499616e+01 6.319100e+01
    endloop
  endfacet
  facet normal -4.338837e-01 0.000000e+00 -9.009689e-01
    outer loop
      vertex   5.468810e+01 7.499616e+01 6.319100e+01
      vertex   5.445918e+01 7.949616e+01 6.330124e+01
      vertex   5.468810e+01 7.949616e+01 6.319100e+01
    endloop
  endfacet
  facet normal -5.633201e-01 0.000000e+00 -8.262388e-01
    outer loop
      vertex   5.468810e+01 7.499616e+01 6.319100e+01
      vertex   5.468810e+01 7.949616e+01 6.319100e+01
      vertex   5.489804e+01 7.499616e+01 6.304787e+01
    endloop
  endfacet
  facet normal -5.633201e-01 0.000000e+00 -8.262388e-01
    outer loop
      vertex   5.489804e+01 7.499616e+01 6.304787e+01
      vertex   5.468810e+01 7.949616e+01 6.319100e+01
      vertex   5.489804e+01 7.949616e+01 6.304787e+01
    endloop
  endfacet
  facet normal -6.801727e-01 0.000000e+00 -7.330519e-01
    outer loop
      vertex   5.489804e+01 7.499616e+01 6.304787e+01
      vertex   5.489804e+01 7.949616e+01 6.304787e+01
      vertex   5.508429e+01 7.499616e+01 6.287505e+01
    endloop
  endfacet
  facet normal -6.801727e-01 0.000000e+00 -7.330519e-01
    outer loop
      vertex   5.508429e+01 7.499616e+01 6.287505e+01
      vertex   5.489804e+01 7.949616e+01 6.304787e+01
      vertex   5.508429e+01 7.949616e+01 6.287505e+01
    endloop
  endfacet
  facet normal -7.818315e-01 0.000000e+00 -6.234898e-01
    outer loop
      vertex   5.508429e+01 7.499616e+01 6.287505e+01
      vertex   5.508429e+01 7.949616e+01 6.287505e+01
      vertex   5.524271e+01 7.499616e+01 6.267640e+01
    endloop
  endfacet
  facet normal -7.818315e-01 0.000000e+00 -6.234898e-01
    outer loop
      vertex   5.524271e+01 7.499616e+01 6.267640e+01
      vertex   5.508429e+01 7.949616e+01 6.287505e+01
      vertex   5.524271e+01 7.949616e+01 6.267640e+01
    endloop
  endfacet
  facet normal -8.660254e-01 0.000000e+00 -5.000000e-01
    outer loop
      vertex   5.524271e+01 7.499616e+01 6.267640e+01
      vertex   5.524271e+01 7.949616e+01 6.267640e+01
      vertex   5.536975e+01 7.499616e+01 6.245636e+01
    endloop
  endfacet
  facet normal -8.660254e-01 0.000000e+00 -5.000000e-01
    outer loop
      vertex   5.536975e+01 7.499616e+01 6.245636e+01
      vertex   5.524271e+01 7.949616e+01 6.267640e+01
      vertex   5.536975e+01 7.949616e+01 6.245636e+01
    endloop
  endfacet
  facet normal -9.308737e-01 0.000000e+00 -3.653410e-01
    outer loop
      vertex   5.536975e+01 7.499616e+01 6.245636e+01
      vertex   5.536975e+01 7.949616e+01 6.245636e+01
      vertex   5.546258e+01 7.499616e+01 6.221984e+01
    endloop
  endfacet
  facet normal -9.308737e-01 0.000000e+00 -3.653410e-01
    outer loop
      vertex   5.546258e+01 7.499616e+01 6.221984e+01
      vertex   5.536975e+01 7.949616e+01 6.245636e+01
      vertex   5.546258e+01 7.949616e+01 6.221984e+01
    endloop
  endfacet
  facet normal -9.749279e-01 0.000000e+00 -2.225209e-01
    outer loop
      vertex   5.546258e+01 7.499616e+01 6.221984e+01
      vertex   5.546258e+01 7.949616e+01 6.221984e+01
      vertex   5.551912e+01 7.499616e+01 6.197213e+01
    endloop
  endfacet
  facet normal -9.749279e-01 0.000000e+00 -2.225209e-01
    outer loop
      vertex   5.551912e+01 7.499616e+01 6.197213e+01
      vertex   5.546258e+01 7.949616e+01 6.221984e+01
      vertex   5.551912e+01 7.949616e+01 6.197213e+01
    endloop
  endfacet
  facet normal -7.064353e-01 -7.064353e-01 4.357143e-02
    outer loop
      vertex   5.626953e+01 7.424616e+01 6.141768e+01
      vertex   5.628810e+01 7.424616e+01 6.171876e+01
      vertex   5.553810e+01 7.499616e+01 6.171876e+01
    endloop
  endfacet
  facet normal -7.064353e-01 -7.064353e-01 -4.357143e-02
    outer loop
      vertex   5.553810e+01 7.499616e+01 6.171876e+01
      vertex   5.628810e+01 7.424616e+01 6.171876e+01
      vertex   5.626953e+01 7.424616e+01 6.201983e+01
    endloop
  endfacet
  facet normal -7.042443e-01 -7.079935e-01 -5.277581e-02
    outer loop
      vertex   5.553810e+01 7.499616e+01 6.171876e+01
      vertex   5.626953e+01 7.424616e+01 6.201983e+01
      vertex   5.551912e+01 7.499616e+01 6.197213e+01
    endloop
  endfacet
  facet normal -6.967342e-01 -7.054066e-01 -1.302422e-01
    outer loop
      vertex   5.551912e+01 7.499616e+01 6.197213e+01
      vertex   5.626953e+01 7.424616e+01 6.201983e+01
      vertex   5.621411e+01 7.424616e+01 6.231634e+01
    endloop
  endfacet
  facet normal -6.874686e-01 -7.090600e-01 -1.569102e-01
    outer loop
      vertex   5.551912e+01 7.499616e+01 6.197213e+01
      vertex   5.621411e+01 7.424616e+01 6.231634e+01
      vertex   5.546258e+01 7.499616e+01 6.221984e+01
    endloop
  endfacet
  facet normal -6.758928e-01 -7.049373e-01 -2.150170e-01
    outer loop
      vertex   5.546258e+01 7.499616e+01 6.221984e+01
      vertex   5.621411e+01 7.424616e+01 6.231634e+01
      vertex   5.612266e+01 7.424616e+01 6.260380e+01
    endloop
  endfacet
  facet normal -6.561549e-01 -7.093259e-01 -2.575218e-01
    outer loop
      vertex   5.546258e+01 7.499616e+01 6.221984e+01
      vertex   5.612266e+01 7.424616e+01 6.260380e+01
      vertex   5.536975e+01 7.499616e+01 6.245636e+01
    endloop
  endfacet
  facet normal -6.442620e-01 -7.050313e-01 -2.964075e-01
    outer loop
      vertex   5.536975e+01 7.499616e+01 6.245636e+01
      vertex   5.612266e+01 7.424616e+01 6.260380e+01
      vertex   5.599658e+01 7.424616e+01 6.287784e+01
    endloop
  endfacet
  facet normal -6.109079e-01 -7.087938e-01 -3.527079e-01
    outer loop
      vertex   5.536975e+01 7.499616e+01 6.245636e+01
      vertex   5.599658e+01 7.424616e+01 6.287784e+01
      vertex   5.524271e+01 7.499616e+01 6.267640e+01
    endloop
  endfacet
  facet normal -6.023985e-01 -7.056876e-01 -3.729894e-01
    outer loop
      vertex   5.524271e+01 7.499616e+01 6.267640e+01
      vertex   5.599658e+01 7.424616e+01 6.287784e+01
      vertex   5.583779e+01 7.424616e+01 6.313430e+01
    endloop
  endfacet
  facet normal -5.525632e-01 -7.074585e-01 -4.406545e-01
    outer loop
      vertex   5.524271e+01 7.499616e+01 6.267640e+01
      vertex   5.583779e+01 7.424616e+01 6.313430e+01
      vertex   5.508429e+01 7.499616e+01 6.287505e+01
    endloop
  endfacet
  facet normal -5.510533e-01 -7.069012e-01 -4.434309e-01
    outer loop
      vertex   5.508429e+01 7.499616e+01 6.287505e+01
      vertex   5.583779e+01 7.424616e+01 6.313430e+01
      vertex   5.564868e+01 7.424616e+01 6.336931e+01
    endloop
  endfacet
  facet normal -4.929891e-01 -7.060306e-01 -5.084118e-01
    outer loop
      vertex   5.508429e+01 7.499616e+01 6.287505e+01
      vertex   5.564868e+01 7.424616e+01 6.336931e+01
      vertex   5.543212e+01 7.424616e+01 6.357930e+01
    endloop
  endfacet
  facet normal -4.800473e-01 -7.084384e-01 -5.173680e-01
    outer loop
      vertex   5.508429e+01 7.499616e+01 6.287505e+01
      vertex   5.543212e+01 7.424616e+01 6.357930e+01
      vertex   5.489804e+01 7.499616e+01 6.304787e+01
    endloop
  endfacet
  facet normal -4.272804e-01 -7.051877e-01 -5.658107e-01
    outer loop
      vertex   5.489804e+01 7.499616e+01 6.304787e+01
      vertex   5.543212e+01 7.424616e+01 6.357930e+01
      vertex   5.519140e+01 7.424616e+01 6.376108e+01
    endloop
  endfacet
  facet normal -3.971236e-01 -7.092373e-01 -5.824734e-01
    outer loop
      vertex   5.489804e+01 7.499616e+01 6.304787e+01
      vertex   5.519140e+01 7.424616e+01 6.376108e+01
      vertex   5.468810e+01 7.499616e+01 6.319100e+01
    endloop
  endfacet
  facet normal -3.546504e-01 -7.049060e-01 -6.142724e-01
    outer loop
      vertex   5.468810e+01 7.499616e+01 6.319100e+01
      vertex   5.519140e+01 7.424616e+01 6.376108e+01
      vertex   5.493016e+01 7.424616e+01 6.391191e+01
    endloop
  endfacet
  facet normal -3.058749e-01 -7.092373e-01 -6.351558e-01
    outer loop
      vertex   5.468810e+01 7.499616e+01 6.319100e+01
      vertex   5.493016e+01 7.424616e+01 6.391191e+01
      vertex   5.445918e+01 7.499616e+01 6.330124e+01
    endloop
  endfacet
  facet normal -2.763662e-01 -7.051877e-01 -6.529410e-01
    outer loop
      vertex   5.445918e+01 7.499616e+01 6.330124e+01
      vertex   5.493016e+01 7.424616e+01 6.391191e+01
      vertex   5.465237e+01 7.424616e+01 6.402948e+01
    endloop
  endfacet
  facet normal -2.080301e-01 -7.084384e-01 -6.744171e-01
    outer loop
      vertex   5.445918e+01 7.499616e+01 6.330124e+01
      vertex   5.465237e+01 7.424616e+01 6.402948e+01
      vertex   5.421639e+01 7.499616e+01 6.337613e+01
    endloop
  endfacet
  facet normal -1.938030e-01 -7.060306e-01 -6.811470e-01
    outer loop
      vertex   5.421639e+01 7.499616e+01 6.337613e+01
      vertex   5.465237e+01 7.424616e+01 6.402948e+01
      vertex   5.436224e+01 7.424616e+01 6.411203e+01
    endloop
  endfacet
  facet normal -1.084958e-01 -7.069012e-01 -6.989416e-01
    outer loop
      vertex   5.421639e+01 7.499616e+01 6.337613e+01
      vertex   5.436224e+01 7.424616e+01 6.411203e+01
      vertex   5.406416e+01 7.424616e+01 6.415830e+01
    endloop
  endfacet
  facet normal -1.053364e-01 -7.074585e-01 -6.988610e-01
    outer loop
      vertex   5.421639e+01 7.499616e+01 6.337613e+01
      vertex   5.406416e+01 7.424616e+01 6.415830e+01
      vertex   5.396515e+01 7.499616e+01 6.341400e+01
    endloop
  endfacet
  facet normal -2.181901e-02 -7.056876e-01 -7.081871e-01
    outer loop
      vertex   5.396515e+01 7.499616e+01 6.341400e+01
      vertex   5.406416e+01 7.424616e+01 6.415830e+01
      vertex   5.376266e+01 7.424616e+01 6.416759e+01
    endloop
  endfacet
  facet normal -0.000000e+00 -7.087938e-01 -7.054157e-01
    outer loop
      vertex   5.396515e+01 7.499616e+01 6.341400e+01
      vertex   5.376266e+01 7.424616e+01 6.416759e+01
      vertex   5.371106e+01 7.499616e+01 6.341400e+01
    endloop
  endfacet
  facet normal 6.543453e-02 -7.050313e-01 -7.061510e-01
    outer loop
      vertex   5.371106e+01 7.499616e+01 6.341400e+01
      vertex   5.376266e+01 7.424616e+01 6.416759e+01
      vertex   5.346229e+01 7.424616e+01 6.413976e+01
    endloop
  endfacet
  facet normal 1.050570e-01 -7.093259e-01 -6.970077e-01
    outer loop
      vertex   5.371106e+01 7.499616e+01 6.341400e+01
      vertex   5.346229e+01 7.424616e+01 6.413976e+01
      vertex   5.345982e+01 7.499616e+01 6.337613e+01
    endloop
  endfacet
  facet normal 1.517362e-01 -7.049373e-01 -6.928488e-01
    outer loop
      vertex   5.345982e+01 7.499616e+01 6.337613e+01
      vertex   5.346229e+01 7.424616e+01 6.413976e+01
      vertex   5.316763e+01 7.424616e+01 6.407523e+01
    endloop
  endfacet
  facet normal 2.078461e-01 -7.090600e-01 -6.738204e-01
    outer loop
      vertex   5.345982e+01 7.499616e+01 6.337613e+01
      vertex   5.316763e+01 7.424616e+01 6.407523e+01
      vertex   5.321702e+01 7.499616e+01 6.330124e+01
    endloop
  endfacet
  facet normal 2.355741e-01 -7.054066e-01 -6.685106e-01
    outer loop
      vertex   5.321702e+01 7.499616e+01 6.330124e+01
      vertex   5.316763e+01 7.424616e+01 6.407523e+01
      vertex   5.288313e+01 7.424616e+01 6.397497e+01
    endloop
  endfacet
  facet normal 3.064169e-01 -7.079935e-01 -6.362813e-01
    outer loop
      vertex   5.321702e+01 7.499616e+01 6.330124e+01
      vertex   5.288313e+01 7.424616e+01 6.397497e+01
      vertex   5.298810e+01 7.499616e+01 6.319100e+01
    endloop
  endfacet
  facet normal 3.154837e-01 -7.064353e-01 -6.335766e-01
    outer loop
      vertex   5.298810e+01 7.499616e+01 6.319100e+01
      vertex   5.288313e+01 7.424616e+01 6.397497e+01
      vertex   5.261310e+01 7.424616e+01 6.384052e+01
    endloop
  endfacet
  facet normal 3.909516e-01 -7.064353e-01 -5.900052e-01
    outer loop
      vertex   5.298810e+01 7.499616e+01 6.319100e+01
      vertex   5.261310e+01 7.424616e+01 6.384052e+01
      vertex   5.236165e+01 7.424616e+01 6.367390e+01
    endloop
  endfacet
  facet normal 3.978273e-01 -7.079935e-01 -5.835055e-01
    outer loop
      vertex   5.298810e+01 7.499616e+01 6.319100e+01
      vertex   5.236165e+01 7.424616e+01 6.367390e+01
      vertex   5.277817e+01 7.499616e+01 6.304787e+01
    endloop
  endfacet
  facet normal 4.611602e-01 -7.054066e-01 -5.382684e-01
    outer loop
      vertex   5.277817e+01 7.499616e+01 6.304787e+01
      vertex   5.236165e+01 7.424616e+01 6.367390e+01
      vertex   5.213258e+01 7.424616e+01 6.347764e+01
    endloop
  endfacet
  facet normal 4.796225e-01 -7.090600e-01 -5.169102e-01
    outer loop
      vertex   5.277817e+01 7.499616e+01 6.304787e+01
      vertex   5.213258e+01 7.424616e+01 6.347764e+01
      vertex   5.259192e+01 7.499616e+01 6.287505e+01
    endloop
  endfacet
  facet normal 5.241565e-01 -7.049373e-01 -4.778318e-01
    outer loop
      vertex   5.259192e+01 7.499616e+01 6.287505e+01
      vertex   5.213258e+01 7.424616e+01 6.347764e+01
      vertex   5.192936e+01 7.424616e+01 6.325472e+01
    endloop
  endfacet
  facet normal 5.510979e-01 -7.093259e-01 -4.394859e-01
    outer loop
      vertex   5.259192e+01 7.499616e+01 6.287505e+01
      vertex   5.192936e+01 7.424616e+01 6.325472e+01
      vertex   5.243350e+01 7.499616e+01 6.267640e+01
    endloop
  endfacet
  facet normal 5.788274e-01 -7.050313e-01 -4.097435e-01
    outer loop
      vertex   5.243350e+01 7.499616e+01 6.267640e+01
      vertex   5.192936e+01 7.424616e+01 6.325472e+01
      vertex   5.175507e+01 7.424616e+01 6.300851e+01
    endloop
  endfacet
  facet normal 6.109079e-01 -7.087938e-01 -3.527079e-01
    outer loop
      vertex   5.243350e+01 7.499616e+01 6.267640e+01
      vertex   5.175507e+01 7.424616e+01 6.300851e+01
      vertex   5.230646e+01 7.499616e+01 6.245636e+01
    endloop
  endfacet
  facet normal 6.242175e-01 -7.056876e-01 -3.351977e-01
    outer loop
      vertex   5.230646e+01 7.499616e+01 6.245636e+01
      vertex   5.175507e+01 7.424616e+01 6.300851e+01
      vertex   5.161236e+01 7.424616e+01 6.274276e+01
    endloop
  endfacet
  facet normal 6.578996e-01 -7.074585e-01 -2.582066e-01
    outer loop
      vertex   5.230646e+01 7.499616e+01 6.245636e+01
      vertex   5.161236e+01 7.424616e+01 6.274276e+01
      vertex   5.221363e+01 7.499616e+01 6.221984e+01
    endloop
  endfacet
  facet normal 6.595491e-01 -7.069012e-01 -2.555107e-01
    outer loop
      vertex   5.221363e+01 7.499616e+01 6.221984e+01
      vertex   5.161236e+01 7.424616e+01 6.274276e+01
      vertex   5.150340e+01 7.424616e+01 6.246148e+01
    endloop
  endfacet
  facet normal 6.867921e-01 -7.060306e-01 -1.727351e-01
    outer loop
      vertex   5.221363e+01 7.499616e+01 6.221984e+01
      vertex   5.150340e+01 7.424616e+01 6.246148e+01
      vertex   5.142982e+01 7.424616e+01 6.216894e+01
    endloop
  endfacet
  facet normal 6.880775e-01 -7.084384e-01 -1.570492e-01
    outer loop
      vertex   5.221363e+01 7.499616e+01 6.221984e+01
      vertex   5.142982e+01 7.424616e+01 6.216894e+01
      vertex   5.215709e+01 7.499616e+01 6.197213e+01
    endloop
  endfacet
  facet normal 7.036466e-01 -7.051877e-01 -8.713034e-02
    outer loop
      vertex   5.215709e+01 7.499616e+01 6.197213e+01
      vertex   5.142982e+01 7.424616e+01 6.216894e+01
      vertex   5.139275e+01 7.424616e+01 6.186958e+01
    endloop
  endfacet
  facet normal 7.029986e-01 -7.092373e-01 -5.268246e-02
    outer loop
      vertex   5.215709e+01 7.499616e+01 6.197213e+01
      vertex   5.139275e+01 7.424616e+01 6.186958e+01
      vertex   5.213810e+01 7.499616e+01 6.171876e+01
    endloop
  endfacet
  facet normal 7.093007e-01 -7.049060e-01 0.000000e+00
    outer loop
      vertex   5.213810e+01 7.499616e+01 6.171876e+01
      vertex   5.139275e+01 7.424616e+01 6.186958e+01
      vertex   5.139275e+01 7.424616e+01 6.156793e+01
    endloop
  endfacet
  facet normal 7.029986e-01 -7.092373e-01 5.268246e-02
    outer loop
      vertex   5.213810e+01 7.499616e+01 6.171876e+01
      vertex   5.139275e+01 7.424616e+01 6.156793e+01
      vertex   5.215709e+01 7.499616e+01 6.146538e+01
    endloop
  endfacet
  facet normal 7.036466e-01 -7.051877e-01 8.713034e-02
    outer loop
      vertex   5.215709e+01 7.499616e+01 6.146538e+01
      vertex   5.139275e+01 7.424616e+01 6.156793e+01
      vertex   5.142982e+01 7.424616e+01 6.126857e+01
    endloop
  endfacet
  facet normal 6.880775e-01 -7.084384e-01 1.570492e-01
    outer loop
      vertex   5.215709e+01 7.499616e+01 6.146538e+01
      vertex   5.142982e+01 7.424616e+01 6.126857e+01
      vertex   5.221363e+01 7.499616e+01 6.121767e+01
    endloop
  endfacet
  facet normal 6.867921e-01 -7.060306e-01 1.727351e-01
    outer loop
      vertex   5.221363e+01 7.499616e+01 6.121767e+01
      vertex   5.142982e+01 7.424616e+01 6.126857e+01
      vertex   5.150340e+01 7.424616e+01 6.097603e+01
    endloop
  endfacet
  facet normal 6.595491e-01 -7.069012e-01 2.555107e-01
    outer loop
      vertex   5.221363e+01 7.499616e+01 6.121767e+01
      vertex   5.150340e+01 7.424616e+01 6.097603e+01
      vertex   5.161236e+01 7.424616e+01 6.069475e+01
    endloop
  endfacet
  facet normal 6.578996e-01 -7.074585e-01 2.582066e-01
    outer loop
      vertex   5.221363e+01 7.499616e+01 6.121767e+01
      vertex   5.161236e+01 7.424616e+01 6.069475e+01
      vertex   5.230646e+01 7.499616e+01 6.098115e+01
    endloop
  endfacet
  facet normal 6.242175e-01 -7.056876e-01 3.351977e-01
    outer loop
      vertex   5.230646e+01 7.499616e+01 6.098115e+01
      vertex   5.161236e+01 7.424616e+01 6.069475e+01
      vertex   5.175507e+01 7.424616e+01 6.042900e+01
    endloop
  endfacet
  facet normal 6.109079e-01 -7.087938e-01 3.527079e-01
    outer loop
      vertex   5.230646e+01 7.499616e+01 6.098115e+01
      vertex   5.175507e+01 7.424616e+01 6.042900e+01
      vertex   5.243350e+01 7.499616e+01 6.076111e+01
    endloop
  endfacet
  facet normal 5.788274e-01 -7.050313e-01 4.097435e-01
    outer loop
      vertex   5.243350e+01 7.499616e+01 6.076111e+01
      vertex   5.175507e+01 7.424616e+01 6.042900e+01
      vertex   5.192936e+01 7.424616e+01 6.018279e+01
    endloop
  endfacet
  facet normal 5.510979e-01 -7.093259e-01 4.394859e-01
    outer loop
      vertex   5.243350e+01 7.499616e+01 6.076111e+01
      vertex   5.192936e+01 7.424616e+01 6.018279e+01
      vertex   5.259192e+01 7.499616e+01 6.056246e+01
    endloop
  endfacet
  facet normal 5.241565e-01 -7.049373e-01 4.778318e-01
    outer loop
      vertex   5.259192e+01 7.499616e+01 6.056246e+01
      vertex   5.192936e+01 7.424616e+01 6.018279e+01
      vertex   5.213258e+01 7.424616e+01 5.995987e+01
    endloop
  endfacet
  facet normal 4.796225e-01 -7.090600e-01 5.169102e-01
    outer loop
      vertex   5.259192e+01 7.499616e+01 6.056246e+01
      vertex   5.213258e+01 7.424616e+01 5.995987e+01
      vertex   5.277817e+01 7.499616e+01 6.038964e+01
    endloop
  endfacet
  facet normal 4.611602e-01 -7.054066e-01 5.382684e-01
    outer loop
      vertex   5.277817e+01 7.499616e+01 6.038964e+01
      vertex   5.213258e+01 7.424616e+01 5.995987e+01
      vertex   5.236165e+01 7.424616e+01 5.976361e+01
    endloop
  endfacet
  facet normal 3.978273e-01 -7.079935e-01 5.835055e-01
    outer loop
      vertex   5.277817e+01 7.499616e+01 6.038964e+01
      vertex   5.236165e+01 7.424616e+01 5.976361e+01
      vertex   5.298810e+01 7.499616e+01 6.024651e+01
    endloop
  endfacet
  facet normal 3.909516e-01 -7.064353e-01 5.900052e-01
    outer loop
      vertex   5.298810e+01 7.499616e+01 6.024651e+01
      vertex   5.236165e+01 7.424616e+01 5.976361e+01
      vertex   5.261310e+01 7.424616e+01 5.959699e+01
    endloop
  endfacet
  facet normal 3.154837e-01 -7.064353e-01 6.335766e-01
    outer loop
      vertex   5.298810e+01 7.499616e+01 6.024651e+01
      vertex   5.261310e+01 7.424616e+01 5.959699e+01
      vertex   5.288313e+01 7.424616e+01 5.946254e+01
    endloop
  endfacet
  facet normal 3.064169e-01 -7.079935e-01 6.362813e-01
    outer loop
      vertex   5.298810e+01 7.499616e+01 6.024651e+01
      vertex   5.288313e+01 7.424616e+01 5.946254e+01
      vertex   5.321702e+01 7.499616e+01 6.013627e+01
    endloop
  endfacet
  facet normal 2.355741e-01 -7.054066e-01 6.685106e-01
    outer loop
      vertex   5.321702e+01 7.499616e+01 6.013627e+01
      vertex   5.288313e+01 7.424616e+01 5.946254e+01
      vertex   5.316763e+01 7.424616e+01 5.936228e+01
    endloop
  endfacet
  facet normal 2.078461e-01 -7.090600e-01 6.738204e-01
    outer loop
      vertex   5.321702e+01 7.499616e+01 6.013627e+01
      vertex   5.316763e+01 7.424616e+01 5.936228e+01
      vertex   5.345982e+01 7.499616e+01 6.006138e+01
    endloop
  endfacet
  facet normal 1.517362e-01 -7.049373e-01 6.928488e-01
    outer loop
      vertex   5.345982e+01 7.499616e+01 6.006138e+01
      vertex   5.316763e+01 7.424616e+01 5.936228e+01
      vertex   5.346229e+01 7.424616e+01 5.929775e+01
    endloop
  endfacet
  facet normal 1.050570e-01 -7.093259e-01 6.970077e-01
    outer loop
      vertex   5.345982e+01 7.499616e+01 6.006138e+01
      vertex   5.346229e+01 7.424616e+01 5.929775e+01
      vertex   5.371106e+01 7.499616e+01 6.002351e+01
    endloop
  endfacet
  facet normal 6.543453e-02 -7.050313e-01 7.061510e-01
    outer loop
      vertex   5.371106e+01 7.499616e+01 6.002351e+01
      vertex   5.346229e+01 7.424616e+01 5.929775e+01
      vertex   5.376266e+01 7.424616e+01 5.926992e+01
    endloop
  endfacet
  facet normal 0.000000e+00 -7.087938e-01 7.054157e-01
    outer loop
      vertex   5.371106e+01 7.499616e+01 6.002351e+01
      vertex   5.376266e+01 7.424616e+01 5.926992e+01
      vertex   5.396515e+01 7.499616e+01 6.002351e+01
    endloop
  endfacet
  facet normal -2.181901e-02 -7.056876e-01 7.081871e-01
    outer loop
      vertex   5.396515e+01 7.499616e+01 6.002351e+01
      vertex   5.376266e+01 7.424616e+01 5.926992e+01
      vertex   5.406416e+01 7.424616e+01 5.927921e+01
    endloop
  endfacet
  facet normal -1.053364e-01 -7.074585e-01 6.988610e-01
    outer loop
      vertex   5.396515e+01 7.499616e+01 6.002351e+01
      vertex   5.406416e+01 7.424616e+01 5.927921e+01
      vertex   5.421639e+01 7.499616e+01 6.006138e+01
    endloop
  endfacet
  facet normal -1.084958e-01 -7.069012e-01 6.989416e-01
    outer loop
      vertex   5.421639e+01 7.499616e+01 6.006138e+01
      vertex   5.406416e+01 7.424616e+01 5.927921e+01
      vertex   5.436224e+01 7.424616e+01 5.932548e+01
    endloop
  endfacet
  facet normal -1.938030e-01 -7.060306e-01 6.811470e-01
    outer loop
      vertex   5.421639e+01 7.499616e+01 6.006138e+01
      vertex   5.436224e+01 7.424616e+01 5.932548e+01
      vertex   5.465237e+01 7.424616e+01 5.940803e+01
    endloop
  endfacet
  facet normal -2.080301e-01 -7.084384e-01 6.744171e-01
    outer loop
      vertex   5.421639e+01 7.499616e+01 6.006138e+01
      vertex   5.465237e+01 7.424616e+01 5.940803e+01
      vertex   5.445918e+01 7.499616e+01 6.013627e+01
    endloop
  endfacet
  facet normal -2.763662e-01 -7.051877e-01 6.529410e-01
    outer loop
      vertex   5.445918e+01 7.499616e+01 6.013627e+01
      vertex   5.465237e+01 7.424616e+01 5.940803e+01
      vertex   5.493016e+01 7.424616e+01 5.952561e+01
    endloop
  endfacet
  facet normal -3.058749e-01 -7.092373e-01 6.351558e-01
    outer loop
      vertex   5.445918e+01 7.499616e+01 6.013627e+01
      vertex   5.493016e+01 7.424616e+01 5.952561e+01
      vertex   5.468810e+01 7.499616e+01 6.024651e+01
    endloop
  endfacet
  facet normal -3.546504e-01 -7.049060e-01 6.142724e-01
    outer loop
      vertex   5.468810e+01 7.499616e+01 6.024651e+01
      vertex   5.493016e+01 7.424616e+01 5.952561e+01
      vertex   5.519140e+01 7.424616e+01 5.967643e+01
    endloop
  endfacet
  facet normal -3.971236e-01 -7.092373e-01 5.824734e-01
    outer loop
      vertex   5.468810e+01 7.499616e+01 6.024651e+01
      vertex   5.519140e+01 7.424616e+01 5.967643e+01
      vertex   5.489804e+01 7.499616e+01 6.038964e+01
    endloop
  endfacet
  facet normal -4.272804e-01 -7.051877e-01 5.658107e-01
    outer loop
      vertex   5.489804e+01 7.499616e+01 6.038964e+01
      vertex   5.519140e+01 7.424616e+01 5.967643e+01
      vertex   5.543212e+01 7.424616e+01 5.985821e+01
    endloop
  endfacet
  facet normal -4.800473e-01 -7.084384e-01 5.173680e-01
    outer loop
      vertex   5.489804e+01 7.499616e+01 6.038964e+01
      vertex   5.543212e+01 7.424616e+01 5.985821e+01
      vertex   5.508429e+01 7.499616e+01 6.056246e+01
    endloop
  endfacet
  facet normal -4.929891e-01 -7.060306e-01 5.084118e-01
    outer loop
      vertex   5.508429e+01 7.499616e+01 6.056246e+01
      vertex   5.543212e+01 7.424616e+01 5.985821e+01
      vertex   5.564868e+01 7.424616e+01 6.006820e+01
    endloop
  endfacet
  facet normal -5.510533e-01 -7.069012e-01 4.434309e-01
    outer loop
      vertex   5.508429e+01 7.499616e+01 6.056246e+01
      vertex   5.564868e+01 7.424616e+01 6.006820e+01
      vertex   5.583779e+01 7.424616e+01 6.030321e+01
    endloop
  endfacet
  facet normal -5.525632e-01 -7.074585e-01 4.406545e-01
    outer loop
      vertex   5.508429e+01 7.499616e+01 6.056246e+01
      vertex   5.583779e+01 7.424616e+01 6.030321e+01
      vertex   5.524271e+01 7.499616e+01 6.076111e+01
    endloop
  endfacet
  facet normal -6.023985e-01 -7.056876e-01 3.729894e-01
    outer loop
      vertex   5.524271e+01 7.499616e+01 6.076111e+01
      vertex   5.583779e+01 7.424616e+01 6.030321e+01
      vertex   5.599658e+01 7.424616e+01 6.055968e+01
    endloop
  endfacet
  facet normal -6.109079e-01 -7.087938e-01 3.527079e-01
    outer loop
      vertex   5.524271e+01 7.499616e+01 6.076111e+01
      vertex   5.599658e+01 7.424616e+01 6.055968e+01
      vertex   5.536975e+01 7.499616e+01 6.098115e+01
    endloop
  endfacet
  facet normal -6.442620e-01 -7.050313e-01 2.964075e-01
    outer loop
      vertex   5.536975e+01 7.499616e+01 6.098115e+01
      vertex   5.599658e+01 7.424616e+01 6.055968e+01
      vertex   5.612266e+01 7.424616e+01 6.083371e+01
    endloop
  endfacet
  facet normal -6.561549e-01 -7.093259e-01 2.575218e-01
    outer loop
      vertex   5.536975e+01 7.499616e+01 6.098115e+01
      vertex   5.612266e+01 7.424616e+01 6.083371e+01
      vertex   5.546258e+01 7.499616e+01 6.121767e+01
    endloop
  endfacet
  facet normal -6.758928e-01 -7.049373e-01 2.150170e-01
    outer loop
      vertex   5.546258e+01 7.499616e+01 6.121767e+01
      vertex   5.612266e+01 7.424616e+01 6.083371e+01
      vertex   5.621411e+01 7.424616e+01 6.112117e+01
    endloop
  endfacet
  facet normal -6.874686e-01 -7.090600e-01 1.569102e-01
    outer loop
      vertex   5.546258e+01 7.499616e+01 6.121767e+01
      vertex   5.621411e+01 7.424616e+01 6.112117e+01
      vertex   5.551912e+01 7.499616e+01 6.146538e+01
    endloop
  endfacet
  facet normal -6.967342e-01 -7.054066e-01 1.302422e-01
    outer loop
      vertex   5.551912e+01 7.499616e+01 6.146538e+01
      vertex   5.621411e+01 7.424616e+01 6.112117e+01
      vertex   5.626953e+01 7.424616e+01 6.141768e+01
    endloop
  endfacet
  facet normal -7.042443e-01 -7.079935e-01 5.277581e-02
    outer loop
      vertex   5.551912e+01 7.499616e+01 6.146538e+01
      vertex   5.626953e+01 7.424616e+01 6.141768e+01
      vertex   5.553810e+01 7.499616e+01 6.171876e+01
    endloop
  endfacet
  facet normal -7.031492e-01 7.071068e-01 -7.470774e-02
    outer loop
      vertex   6.715846e+01 8.024616e+01 2.849126e+01
      vertex   7.044500e+01 8.024616e+01 -2.441605e+00
      vertex   6.666607e+01 7.974616e+01 2.839317e+01
    endloop
  endfacet
  facet normal -7.031492e-01 7.071068e-01 -7.470774e-02
    outer loop
      vertex   6.666607e+01 7.974616e+01 2.839317e+01
      vertex   7.044500e+01 8.024616e+01 -2.441605e+00
      vertex   6.994780e+01 7.974616e+01 -2.494431e+00
    endloop
  endfacet
  facet normal -7.064766e-01 7.066548e-01 -3.911270e-02
    outer loop
      vertex   7.044500e+01 8.024616e+01 -2.441605e+00
      vertex   7.045896e+01 8.024616e+01 -2.693829e+00
      vertex   6.994780e+01 7.974616e+01 -2.494431e+00
    endloop
  endfacet
  facet normal -7.043823e-01 7.093032e-01 -2.710300e-02
    outer loop
      vertex   6.994780e+01 7.974616e+01 -2.494431e+00
      vertex   7.045896e+01 8.024616e+01 -2.693829e+00
      vertex   6.995815e+01 7.974616e+01 -2.763594e+00
    endloop
  endfacet
  facet normal -7.084236e-01 7.050409e-01 3.245480e-02
    outer loop
      vertex   6.995815e+01 7.974616e+01 -2.763594e+00
      vertex   7.045896e+01 8.024616e+01 -2.693829e+00
      vertex   7.044740e+01 8.024616e+01 -2.946175e+00
    endloop
  endfacet
  facet normal -7.006409e-01 7.102952e-01 6.769828e-02
    outer loop
      vertex   6.995815e+01 7.974616e+01 -2.763594e+00
      vertex   7.044740e+01 8.024616e+01 -2.946175e+00
      vertex   6.993225e+01 7.974616e+01 -3.031708e+00
    endloop
  endfacet
  facet normal -7.015319e-01 7.050409e-01 1.037798e-01
    outer loop
      vertex   6.993225e+01 7.974616e+01 -3.031708e+00
      vertex   7.044740e+01 8.024616e+01 -2.946175e+00
      vertex   7.041044e+01 8.024616e+01 -3.196067e+00
    endloop
  endfacet
  facet normal -6.861625e-01 7.093032e-01 1.614621e-01
    outer loop
      vertex   6.993225e+01 7.974616e+01 -3.031708e+00
      vertex   7.041044e+01 8.024616e+01 -3.196067e+00
      vertex   6.987055e+01 7.974616e+01 -3.293908e+00
    endloop
  endfacet
  facet normal -6.859187e-01 7.066548e-01 1.736506e-01
    outer loop
      vertex   6.987055e+01 7.974616e+01 -3.293908e+00
      vertex   7.041044e+01 8.024616e+01 -3.196067e+00
      vertex   7.034844e+01 8.024616e+01 -3.440951e+00
    endloop
  endfacet
  facet normal -6.758378e-01 7.071068e-01 2.079501e-01
    outer loop
      vertex   7.034844e+01 8.024616e+01 -3.440951e+00
      vertex   6.886859e+01 8.024616e+01 -8.250471e+00
      vertex   6.987055e+01 7.974616e+01 -3.293908e+00
    endloop
  endfacet
  facet normal -6.758378e-01 7.071068e-01 2.079501e-01
    outer loop
      vertex   6.987055e+01 7.974616e+01 -3.293908e+00
      vertex   6.886859e+01 8.024616e+01 -8.250471e+00
      vertex   6.839070e+01 7.974616e+01 -8.103428e+00
    endloop
  endfacet
  facet normal -6.888835e-01 7.063291e-01 1.629074e-01
    outer loop
      vertex   6.839070e+01 7.974616e+01 -8.103428e+00
      vertex   6.886859e+01 8.024616e+01 -8.250471e+00
      vertex   6.832973e+01 7.974616e+01 -8.361261e+00
    endloop
  endfacet
  facet normal -6.888835e-01 7.063291e-01 1.629074e-01
    outer loop
      vertex   6.832973e+01 7.974616e+01 -8.361261e+00
      vertex   6.886859e+01 8.024616e+01 -8.250471e+00
      vertex   6.882286e+01 8.024616e+01 -8.443846e+00
    endloop
  endfacet
  facet normal -7.043722e-01 7.063291e-01 7.042043e-02
    outer loop
      vertex   6.832973e+01 7.974616e+01 -8.361261e+00
      vertex   6.882286e+01 8.024616e+01 -8.443846e+00
      vertex   6.830337e+01 7.974616e+01 -8.624891e+00
    endloop
  endfacet
  facet normal -7.043722e-01 7.063291e-01 7.042043e-02
    outer loop
      vertex   6.830337e+01 7.974616e+01 -8.624891e+00
      vertex   6.882286e+01 8.024616e+01 -8.443846e+00
      vertex   6.880309e+01 8.024616e+01 -8.641568e+00
    endloop
  endfacet
  facet normal -7.075000e-01 7.063291e-01 -2.330229e-02
    outer loop
      vertex   6.830337e+01 7.974616e+01 -8.624891e+00
      vertex   6.880309e+01 8.024616e+01 -8.641568e+00
      vertex   6.831209e+01 7.974616e+01 -8.889692e+00
    endloop
  endfacet
  facet normal -7.075000e-01 7.063291e-01 -2.330229e-02
    outer loop
      vertex   6.831209e+01 7.974616e+01 -8.889692e+00
      vertex   6.880309e+01 8.024616e+01 -8.641568e+00
      vertex   6.880963e+01 8.024616e+01 -8.840169e+00
    endloop
  endfacet
  facet normal -7.036298e-01 7.071068e-01 -7.003621e-02
    outer loop
      vertex   6.880963e+01 8.024616e+01 -8.840169e+00
      vertex   7.009223e+01 8.024616e+01 -2.172601e+01
      vertex   6.831209e+01 7.974616e+01 -8.889692e+00
    endloop
  endfacet
  facet normal -7.036298e-01 7.071068e-01 -7.003621e-02
    outer loop
      vertex   6.831209e+01 7.974616e+01 -8.889692e+00
      vertex   7.009223e+01 8.024616e+01 -2.172601e+01
      vertex   6.959469e+01 7.974616e+01 -2.177554e+01
    endloop
  endfacet
  facet normal -6.988225e-01 7.064767e-01 -1.119722e-01
    outer loop
      vertex   6.959469e+01 7.974616e+01 -2.177554e+01
      vertex   7.009223e+01 8.024616e+01 -2.172601e+01
      vertex   6.964187e+01 7.974616e+01 -2.206996e+01
    endloop
  endfacet
  facet normal -6.963776e-01 7.080082e-01 -1.174000e-01
    outer loop
      vertex   6.964187e+01 7.974616e+01 -2.206996e+01
      vertex   7.009223e+01 8.024616e+01 -2.172601e+01
      vertex   7.013729e+01 8.024616e+01 -2.199327e+01
    endloop
  endfacet
  facet normal -6.816627e-01 7.052850e-01 -1.947023e-01
    outer loop
      vertex   6.964187e+01 7.974616e+01 -2.206996e+01
      vertex   7.013729e+01 8.024616e+01 -2.199327e+01
      vertex   6.972376e+01 7.974616e+01 -2.235667e+01
    endloop
  endfacet
  facet normal -6.729225e-01 7.092481e-01 -2.101008e-01
    outer loop
      vertex   6.972376e+01 7.974616e+01 -2.235667e+01
      vertex   7.013729e+01 8.024616e+01 -2.199327e+01
      vertex   7.021806e+01 8.024616e+01 -2.225197e+01
    endloop
  endfacet
  facet normal -6.543837e-01 7.044661e-01 -2.747899e-01
    outer loop
      vertex   6.972376e+01 7.974616e+01 -2.235667e+01
      vertex   7.021806e+01 8.024616e+01 -2.225197e+01
      vertex   6.983920e+01 7.974616e+01 -2.263159e+01
    endloop
  endfacet
  facet normal -6.376346e-01 7.100199e-01 -2.988207e-01
    outer loop
      vertex   6.983920e+01 7.974616e+01 -2.263159e+01
      vertex   7.021806e+01 8.024616e+01 -2.225197e+01
      vertex   7.033307e+01 8.024616e+01 -2.249738e+01
    endloop
  endfacet
  facet normal -6.173947e-01 7.040238e-01 -3.509618e-01
    outer loop
      vertex   6.983920e+01 7.974616e+01 -2.263159e+01
      vertex   7.033307e+01 8.024616e+01 -2.249738e+01
      vertex   6.998656e+01 7.974616e+01 -2.289081e+01
    endloop
  endfacet
  facet normal -5.911187e-01 7.103280e-01 -3.821163e-01
    outer loop
      vertex   6.998656e+01 7.974616e+01 -2.289081e+01
      vertex   7.033307e+01 8.024616e+01 -2.249738e+01
      vertex   7.048020e+01 8.024616e+01 -2.272499e+01
    endloop
  endfacet
  facet normal -5.712690e-01 7.039606e-01 -4.220086e-01
    outer loop
      vertex   6.998656e+01 7.974616e+01 -2.289081e+01
      vertex   7.048020e+01 8.024616e+01 -2.272499e+01
      vertex   7.016373e+01 7.974616e+01 -2.313064e+01
    endloop
  endfacet
  facet normal -5.341472e-01 7.101740e-01 -4.586280e-01
    outer loop
      vertex   7.016373e+01 7.974616e+01 -2.313064e+01
      vertex   7.048020e+01 8.024616e+01 -2.272499e+01
      vertex   7.065675e+01 8.024616e+01 -2.293061e+01
    endloop
  endfacet
  facet normal -5.167341e-01 7.042766e-01 -4.868062e-01
    outer loop
      vertex   7.016373e+01 7.974616e+01 -2.313064e+01
      vertex   7.065675e+01 8.024616e+01 -2.293061e+01
      vertex   7.036819e+01 7.974616e+01 -2.334767e+01
    endloop
  endfacet
  facet normal -4.676492e-01 7.095572e-01 -5.270985e-01
    outer loop
      vertex   7.036819e+01 7.974616e+01 -2.334767e+01
      vertex   7.065675e+01 8.024616e+01 -2.293061e+01
      vertex   7.085949e+01 8.024616e+01 -2.311048e+01
    endloop
  endfacet
  facet normal -4.546590e-01 7.049704e-01 -5.443362e-01
    outer loop
      vertex   7.036819e+01 7.974616e+01 -2.334767e+01
      vertex   7.085949e+01 8.024616e+01 -2.311048e+01
      vertex   7.059704e+01 7.974616e+01 -2.353882e+01
    endloop
  endfacet
  facet normal -3.926980e-01 7.084739e-01 -5.863898e-01
    outer loop
      vertex   7.059704e+01 7.974616e+01 -2.353882e+01
      vertex   7.085949e+01 8.024616e+01 -2.311048e+01
      vertex   7.108468e+01 8.024616e+01 -2.326129e+01
    endloop
  endfacet
  facet normal -3.860380e-01 7.060384e-01 -5.937040e-01
    outer loop
      vertex   7.059704e+01 7.974616e+01 -2.353882e+01
      vertex   7.108468e+01 8.024616e+01 -2.326129e+01
      vertex   7.084702e+01 7.974616e+01 -2.370136e+01
    endloop
  endfacet
  facet normal -3.122028e-01 7.069558e-01 -6.346203e-01
    outer loop
      vertex   7.084702e+01 7.974616e+01 -2.370136e+01
      vertex   7.108468e+01 8.024616e+01 -2.326129e+01
      vertex   7.111457e+01 7.974616e+01 -2.383298e+01
    endloop
  endfacet
  facet normal -3.102459e-01 7.074896e-01 -6.349849e-01
    outer loop
      vertex   7.111457e+01 7.974616e+01 -2.383298e+01
      vertex   7.108468e+01 8.024616e+01 -2.326129e+01
      vertex   7.132819e+01 8.024616e+01 -2.338026e+01
    endloop
  endfacet
  facet normal -2.348603e-01 7.056411e-01 -6.685142e-01
    outer loop
      vertex   7.111457e+01 7.974616e+01 -2.383298e+01
      vertex   7.132819e+01 8.024616e+01 -2.338026e+01
      vertex   7.139589e+01 7.974616e+01 -2.393182e+01
    endloop
  endfacet
  facet normal -2.211083e-01 7.088871e-01 -6.697688e-01
    outer loop
      vertex   7.139589e+01 7.974616e+01 -2.393182e+01
      vertex   7.132819e+01 8.024616e+01 -2.338026e+01
      vertex   7.158555e+01 8.024616e+01 -2.346522e+01
    endloop
  endfacet
  facet normal -1.538013e-01 7.046974e-01 -6.926376e-01
    outer loop
      vertex   7.139589e+01 7.974616e+01 -2.393182e+01
      vertex   7.158555e+01 8.024616e+01 -2.346522e+01
      vertex   7.168698e+01 7.974616e+01 -2.399645e+01
    endloop
  endfacet
  facet normal -1.283557e-01 7.098144e-01 -6.925954e-01
    outer loop
      vertex   7.168698e+01 7.974616e+01 -2.399645e+01
      vertex   7.158555e+01 8.024616e+01 -2.346522e+01
      vertex   7.185203e+01 8.024616e+01 -2.351461e+01
    endloop
  endfacet
  facet normal -7.029921e-02 7.041292e-01 -7.065834e-01
    outer loop
      vertex   7.168698e+01 7.974616e+01 -2.399645e+01
      vertex   7.185203e+01 8.024616e+01 -2.351461e+01
      vertex   7.198369e+01 7.974616e+01 -2.402597e+01
    endloop
  endfacet
  facet normal -3.351639e-02 7.102767e-01 -7.031242e-01
    outer loop
      vertex   7.198369e+01 7.974616e+01 -2.402597e+01
      vertex   7.185203e+01 8.024616e+01 -2.351461e+01
      vertex   7.212275e+01 8.024616e+01 -2.352752e+01
    endloop
  endfacet
  facet normal 1.432899e-02 7.039395e-01 -7.101154e-01
    outer loop
      vertex   7.198369e+01 7.974616e+01 -2.402597e+01
      vertex   7.212275e+01 8.024616e+01 -2.352752e+01
      vertex   7.228180e+01 7.974616e+01 -2.401996e+01
    endloop
  endfacet
  facet normal 6.185340e-02 7.102767e-01 -7.011998e-01
    outer loop
      vertex   7.228180e+01 7.974616e+01 -2.401996e+01
      vertex   7.212275e+01 8.024616e+01 -2.352752e+01
      vertex   7.239272e+01 8.024616e+01 -2.350370e+01
    endloop
  endfacet
  facet normal 9.874582e-02 7.041292e-01 -7.031723e-01
    outer loop
      vertex   7.228180e+01 7.974616e+01 -2.401996e+01
      vertex   7.239272e+01 8.024616e+01 -2.350370e+01
      vertex   7.257708e+01 7.974616e+01 -2.397849e+01
    endloop
  endfacet
  facet normal 1.561907e-01 7.098144e-01 -6.868537e-01
    outer loop
      vertex   7.257708e+01 7.974616e+01 -2.397849e+01
      vertex   7.239272e+01 8.024616e+01 -2.350370e+01
      vertex   7.265699e+01 8.024616e+01 -2.344360e+01
    endloop
  endfacet
  facet normal 1.816174e-01 7.046974e-01 -6.858693e-01
    outer loop
      vertex   7.257708e+01 7.974616e+01 -2.397849e+01
      vertex   7.265699e+01 8.024616e+01 -2.344360e+01
      vertex   7.286532e+01 7.974616e+01 -2.390217e+01
    endloop
  endfacet
  facet normal 2.479470e-01 7.088871e-01 -6.603040e-01
    outer loop
      vertex   7.286532e+01 7.974616e+01 -2.390217e+01
      vertex   7.265699e+01 8.024616e+01 -2.344360e+01
      vertex   7.291072e+01 8.024616e+01 -2.334833e+01
    endloop
  endfacet
  facet normal 2.616373e-01 7.056411e-01 -6.584957e-01
    outer loop
      vertex   7.286532e+01 7.974616e+01 -2.390217e+01
      vertex   7.291072e+01 8.024616e+01 -2.334833e+01
      vertex   7.314242e+01 7.974616e+01 -2.379207e+01
    endloop
  endfacet
  facet normal 3.356089e-01 7.074896e-01 -6.219526e-01
    outer loop
      vertex   7.314242e+01 7.974616e+01 -2.379207e+01
      vertex   7.291072e+01 8.024616e+01 -2.334833e+01
      vertex   7.314923e+01 8.024616e+01 -2.321963e+01
    endloop
  endfacet
  facet normal 3.375495e-01 7.069558e-01 -6.215094e-01
    outer loop
      vertex   7.314242e+01 7.974616e+01 -2.379207e+01
      vertex   7.314923e+01 8.024616e+01 -2.321963e+01
      vertex   7.340445e+01 7.974616e+01 -2.364976e+01
    endloop
  endfacet
  facet normal 4.096740e-01 7.060384e-01 -5.776478e-01
    outer loop
      vertex   7.340445e+01 7.974616e+01 -2.364976e+01
      vertex   7.314923e+01 8.024616e+01 -2.321963e+01
      vertex   7.364767e+01 7.974616e+01 -2.347726e+01
    endloop
  endfacet
  facet normal 4.160335e-01 7.084739e-01 -5.700709e-01
    outer loop
      vertex   7.364767e+01 7.974616e+01 -2.347726e+01
      vertex   7.314923e+01 8.024616e+01 -2.321963e+01
      vertex   7.336815e+01 8.024616e+01 -2.305986e+01
    endloop
  endfacet
  facet normal 4.762476e-01 7.049704e-01 -5.255520e-01
    outer loop
      vertex   7.364767e+01 7.974616e+01 -2.347726e+01
      vertex   7.336815e+01 8.024616e+01 -2.305986e+01
      vertex   7.386862e+01 7.974616e+01 -2.327704e+01
    endloop
  endfacet
  facet normal 4.885319e-01 7.095572e-01 -5.078043e-01
    outer loop
      vertex   7.386862e+01 7.974616e+01 -2.327704e+01
      vertex   7.336815e+01 8.024616e+01 -2.305986e+01
      vertex   7.356347e+01 8.024616e+01 -2.287196e+01
    endloop
  endfacet
  facet normal 5.359515e-01 7.042766e-01 -4.655647e-01
    outer loop
      vertex   7.386862e+01 7.974616e+01 -2.327704e+01
      vertex   7.356347e+01 8.024616e+01 -2.287196e+01
      vertex   7.406416e+01 7.974616e+01 -2.305194e+01
    endloop
  endfacet
  facet normal 5.522136e-01 7.101740e-01 -4.367070e-01
    outer loop
      vertex   7.406416e+01 7.974616e+01 -2.305194e+01
      vertex   7.356347e+01 8.024616e+01 -2.287196e+01
      vertex   7.373158e+01 8.024616e+01 -2.265938e+01
    endloop
  endfacet
  facet normal 5.878280e-01 7.039606e-01 -3.986198e-01
    outer loop
      vertex   7.406416e+01 7.974616e+01 -2.305194e+01
      vertex   7.373158e+01 8.024616e+01 -2.265938e+01
      vertex   7.423151e+01 7.974616e+01 -2.280515e+01
    endloop
  endfacet
  facet normal 6.060522e-01 7.103280e-01 -3.579593e-01
    outer loop
      vertex   7.423151e+01 7.974616e+01 -2.280515e+01
      vertex   7.373158e+01 8.024616e+01 -2.265938e+01
      vertex   7.386941e+01 8.024616e+01 -2.242602e+01
    endloop
  endfacet
  facet normal 6.310501e-01 7.040238e-01 -3.257702e-01
    outer loop
      vertex   7.423151e+01 7.974616e+01 -2.280515e+01
      vertex   7.386941e+01 8.024616e+01 -2.242602e+01
      vertex   7.436829e+01 7.974616e+01 -2.254020e+01
    endloop
  endfacet
  facet normal 6.491701e-01 7.100199e-01 -2.728551e-01
    outer loop
      vertex   7.436829e+01 7.974616e+01 -2.254020e+01
      vertex   7.386941e+01 8.024616e+01 -2.242602e+01
      vertex   7.397443e+01 8.024616e+01 -2.217617e+01
    endloop
  endfacet
  facet normal 6.649362e-01 7.044661e-01 -2.481682e-01
    outer loop
      vertex   7.436829e+01 7.974616e+01 -2.254020e+01
      vertex   7.397443e+01 8.024616e+01 -2.217617e+01
      vertex   7.447255e+01 7.974616e+01 -2.226084e+01
    endloop
  endfacet
  facet normal 6.808503e-01 7.092481e-01 -1.827839e-01
    outer loop
      vertex   7.447255e+01 7.974616e+01 -2.226084e+01
      vertex   7.397443e+01 8.024616e+01 -2.217617e+01
      vertex   7.404470e+01 8.024616e+01 -2.191442e+01
    endloop
  endfacet
  facet normal 6.889622e-01 7.052850e-01 -1.670453e-01
    outer loop
      vertex   7.447255e+01 7.974616e+01 -2.226084e+01
      vertex   7.404470e+01 8.024616e+01 -2.191442e+01
      vertex   7.454281e+01 7.974616e+01 -2.197107e+01
    endloop
  endfacet
  facet normal 7.005467e-01 7.080082e-01 -8.921231e-02
    outer loop
      vertex   7.454281e+01 7.974616e+01 -2.197107e+01
      vertex   7.404470e+01 8.024616e+01 -2.191442e+01
      vertex   7.407893e+01 8.024616e+01 -2.164557e+01
    endloop
  endfacet
  facet normal 7.027707e-01 7.064767e-01 -8.369031e-02
    outer loop
      vertex   7.454281e+01 7.974616e+01 -2.197107e+01
      vertex   7.407893e+01 8.024616e+01 -2.164557e+01
      vertex   7.457807e+01 7.974616e+01 -2.167498e+01
    endloop
  endfacet
  facet normal 7.058824e-01 7.071068e-01 -4.159452e-02
    outer loop
      vertex   7.407893e+01 8.024616e+01 -2.164557e+01
      vertex   7.707374e+01 8.024616e+01 2.917796e+01
      vertex   7.457807e+01 7.974616e+01 -2.167498e+01
    endloop
  endfacet
  facet normal 7.058824e-01 7.071068e-01 -4.159452e-02
    outer loop
      vertex   7.457807e+01 7.974616e+01 -2.167498e+01
      vertex   7.707374e+01 8.024616e+01 2.917796e+01
      vertex   7.757287e+01 7.974616e+01 2.914855e+01
    endloop
  endfacet
  facet normal 7.072268e-01 7.068424e-01 -1.428407e-02
    outer loop
      vertex   7.757287e+01 7.974616e+01 2.914855e+01
      vertex   7.707374e+01 8.024616e+01 2.917796e+01
      vertex   7.758146e+01 7.974616e+01 2.957365e+01
    endloop
  endfacet
  facet normal 7.072268e-01 7.068424e-01 -1.428407e-02
    outer loop
      vertex   7.758146e+01 7.974616e+01 2.957365e+01
      vertex   7.707374e+01 8.024616e+01 2.917796e+01
      vertex   7.708154e+01 8.024616e+01 2.956441e+01
    endloop
  endfacet
  facet normal 7.062169e-01 7.068424e-01 4.039109e-02
    outer loop
      vertex   7.758146e+01 7.974616e+01 2.957365e+01
      vertex   7.708154e+01 8.024616e+01 2.956441e+01
      vertex   7.755718e+01 7.974616e+01 2.999814e+01
    endloop
  endfacet
  facet normal 7.062169e-01 7.068424e-01 4.039109e-02
    outer loop
      vertex   7.755718e+01 7.974616e+01 2.999814e+01
      vertex   7.708154e+01 8.024616e+01 2.956441e+01
      vertex   7.705947e+01 8.024616e+01 2.995032e+01
    endloop
  endfacet
  facet normal 7.009865e-01 7.068424e-01 9.482486e-02
    outer loop
      vertex   7.755718e+01 7.974616e+01 2.999814e+01
      vertex   7.705947e+01 8.024616e+01 2.995032e+01
      vertex   7.750018e+01 7.974616e+01 3.041949e+01
    endloop
  endfacet
  facet normal 7.009865e-01 7.068424e-01 9.482486e-02
    outer loop
      vertex   7.750018e+01 7.974616e+01 3.041949e+01
      vertex   7.705947e+01 8.024616e+01 2.995032e+01
      vertex   7.700766e+01 8.024616e+01 3.033336e+01
    endloop
  endfacet
  facet normal 6.915667e-01 7.068424e-01 1.486919e-01
    outer loop
      vertex   7.750018e+01 7.974616e+01 3.041949e+01
      vertex   7.700766e+01 8.024616e+01 3.033336e+01
      vertex   7.741081e+01 7.974616e+01 3.083518e+01
    endloop
  endfacet
  facet normal 6.915667e-01 7.068424e-01 1.486919e-01
    outer loop
      vertex   7.741081e+01 7.974616e+01 3.083518e+01
      vertex   7.700766e+01 8.024616e+01 3.033336e+01
      vertex   7.692641e+01 8.024616e+01 3.071126e+01
    endloop
  endfacet
  facet normal 6.850464e-01 7.071068e-01 1.752467e-01
    outer loop
      vertex   7.692641e+01 8.024616e+01 3.071126e+01
      vertex   7.200902e+01 8.024616e+01 4.993351e+01
      vertex   7.741081e+01 7.974616e+01 3.083518e+01
    endloop
  endfacet
  facet normal 6.850464e-01 7.071068e-01 1.752467e-01
    outer loop
      vertex   7.741081e+01 7.974616e+01 3.083518e+01
      vertex   7.200902e+01 8.024616e+01 4.993351e+01
      vertex   7.249342e+01 7.974616e+01 5.005743e+01
    endloop
  endfacet
  facet normal 6.722834e-01 7.062824e-01 2.218113e-01
    outer loop
      vertex   7.249342e+01 7.974616e+01 5.005743e+01
      vertex   7.200902e+01 8.024616e+01 4.993351e+01
      vertex   7.240796e+01 7.974616e+01 5.031646e+01
    endloop
  endfacet
  facet normal 6.722834e-01 7.062824e-01 2.218113e-01
    outer loop
      vertex   7.240796e+01 7.974616e+01 5.031646e+01
      vertex   7.200902e+01 8.024616e+01 4.993351e+01
      vertex   7.194492e+01 8.024616e+01 5.012779e+01
    endloop
  endfacet
  facet normal 6.358500e-01 7.062824e-01 3.112235e-01
    outer loop
      vertex   7.240796e+01 7.974616e+01 5.031646e+01
      vertex   7.194492e+01 8.024616e+01 5.012779e+01
      vertex   7.228804e+01 7.974616e+01 5.056146e+01
    endloop
  endfacet
  facet normal 6.358500e-01 7.062824e-01 3.112235e-01
    outer loop
      vertex   7.228804e+01 7.974616e+01 5.056146e+01
      vertex   7.194492e+01 8.024616e+01 5.012779e+01
      vertex   7.185499e+01 8.024616e+01 5.031153e+01
    endloop
  endfacet
  facet normal 5.875894e-01 7.062824e-01 3.948467e-01
    outer loop
      vertex   7.228804e+01 7.974616e+01 5.056146e+01
      vertex   7.185499e+01 8.024616e+01 5.031153e+01
      vertex   7.213591e+01 7.974616e+01 5.078786e+01
    endloop
  endfacet
  facet normal 5.875894e-01 7.062824e-01 3.948467e-01
    outer loop
      vertex   7.213591e+01 7.974616e+01 5.078786e+01
      vertex   7.185499e+01 8.024616e+01 5.031153e+01
      vertex   7.174089e+01 8.024616e+01 5.048133e+01
    endloop
  endfacet
  facet normal 5.283993e-01 7.062824e-01 4.711256e-01
    outer loop
      vertex   7.213591e+01 7.974616e+01 5.078786e+01
      vertex   7.174089e+01 8.024616e+01 5.048133e+01
      vertex   7.195438e+01 7.974616e+01 5.099145e+01
    endloop
  endfacet
  facet normal 5.283993e-01 7.062824e-01 4.711256e-01
    outer loop
      vertex   7.195438e+01 7.974616e+01 5.099145e+01
      vertex   7.174089e+01 8.024616e+01 5.048133e+01
      vertex   7.160474e+01 8.024616e+01 5.063403e+01
    endloop
  endfacet
  facet normal 4.944666e-01 7.071068e-01 5.054728e-01
    outer loop
      vertex   7.160474e+01 8.024616e+01 5.063403e+01
      vertex   5.698487e+01 8.024616e+01 6.493557e+01
      vertex   7.195438e+01 7.974616e+01 5.099145e+01
    endloop
  endfacet
  facet normal 4.944666e-01 7.071068e-01 5.054728e-01
    outer loop
      vertex   7.195438e+01 7.974616e+01 5.099145e+01
      vertex   5.698487e+01 8.024616e+01 6.493557e+01
      vertex   5.733451e+01 7.974616e+01 6.529299e+01
    endloop
  endfacet
  facet normal 4.727147e-01 7.067861e-01 5.263024e-01
    outer loop
      vertex   5.733451e+01 7.974616e+01 6.529299e+01
      vertex   5.698487e+01 8.024616e+01 6.493557e+01
      vertex   5.701781e+01 7.974616e+01 6.557745e+01
    endloop
  endfacet
  facet normal 4.708640e-01 7.075227e-01 5.269712e-01
    outer loop
      vertex   5.701781e+01 7.974616e+01 6.557745e+01
      vertex   5.698487e+01 8.024616e+01 6.493557e+01
      vertex   5.668187e+01 8.024616e+01 6.520630e+01
    endloop
  endfacet
  facet normal 4.266291e-01 7.061274e-01 5.651297e-01
    outer loop
      vertex   5.701781e+01 7.974616e+01 6.557745e+01
      vertex   5.668187e+01 8.024616e+01 6.520630e+01
      vertex   5.667805e+01 7.974616e+01 6.583393e+01
    endloop
  endfacet
  facet normal 4.210029e-01 7.082033e-01 5.667492e-01
    outer loop
      vertex   5.667805e+01 7.974616e+01 6.583393e+01
      vertex   5.668187e+01 8.024616e+01 6.520630e+01
      vertex   5.635569e+01 8.024616e+01 6.544860e+01
    endloop
  endfacet
  facet normal 3.773168e-01 7.055523e-01 5.998566e-01
    outer loop
      vertex   5.667805e+01 7.974616e+01 6.583393e+01
      vertex   5.635569e+01 8.024616e+01 6.544860e+01
      vertex   5.631771e+01 7.974616e+01 6.606059e+01
    endloop
  endfacet
  facet normal 3.678574e-01 7.087884e-01 6.019136e-01
    outer loop
      vertex   5.631771e+01 7.974616e+01 6.606059e+01
      vertex   5.635569e+01 8.024616e+01 6.544860e+01
      vertex   5.600898e+01 8.024616e+01 6.566049e+01
    endloop
  endfacet
  facet normal 3.251482e-01 7.050612e-01 6.302121e-01
    outer loop
      vertex   5.631771e+01 7.974616e+01 6.606059e+01
      vertex   5.600898e+01 8.024616e+01 6.566049e+01
      vertex   5.593940e+01 7.974616e+01 6.625578e+01
    endloop
  endfacet
  facet normal 3.118447e-01 7.092788e-01 6.321997e-01
    outer loop
      vertex   5.593940e+01 7.974616e+01 6.625578e+01
      vertex   5.600898e+01 8.024616e+01 6.566049e+01
      vertex   5.564457e+01 8.024616e+01 6.584025e+01
    endloop
  endfacet
  facet normal 2.705165e-01 7.046547e-01 6.559592e-01
    outer loop
      vertex   5.593940e+01 7.974616e+01 6.625578e+01
      vertex   5.564457e+01 8.024616e+01 6.584025e+01
      vertex   5.554586e+01 7.974616e+01 6.641807e+01
    endloop
  endfacet
  facet normal 2.534031e-01 7.096751e-01 6.573798e-01
    outer loop
      vertex   5.554586e+01 7.974616e+01 6.641807e+01
      vertex   5.564457e+01 8.024616e+01 6.584025e+01
      vertex   5.526543e+01 8.024616e+01 6.598639e+01
    endloop
  endfacet
  facet normal 2.138349e-01 7.043333e-01 6.768968e-01
    outer loop
      vertex   5.554586e+01 7.974616e+01 6.641807e+01
      vertex   5.526543e+01 8.024616e+01 6.598639e+01
      vertex   5.513993e+01 7.974616e+01 6.654631e+01
    endloop
  endfacet
  facet normal 1.929883e-01 7.099776e-01 6.772646e-01
    outer loop
      vertex   5.513993e+01 7.974616e+01 6.654631e+01
      vertex   5.526543e+01 8.024616e+01 6.598639e+01
      vertex   5.487466e+01 8.024616e+01 6.609775e+01
    endloop
  endfacet
  facet normal 1.555328e-01 7.040973e-01 6.928611e-01
    outer loop
      vertex   5.513993e+01 7.974616e+01 6.654631e+01
      vertex   5.487466e+01 8.024616e+01 6.609775e+01
      vertex   5.472457e+01 7.974616e+01 6.663955e+01
    endloop
  endfacet
  facet normal 1.310704e-01 7.101869e-01 6.917045e-01
    outer loop
      vertex   5.472457e+01 7.974616e+01 6.663955e+01
      vertex   5.487466e+01 8.024616e+01 6.609775e+01
      vertex   5.447543e+01 8.024616e+01 6.617340e+01
    endloop
  endfacet
  facet normal 9.605298e-02 7.039471e-01 7.037275e-01
    outer loop
      vertex   5.472457e+01 7.974616e+01 6.663955e+01
      vertex   5.447543e+01 8.024616e+01 6.617340e+01
      vertex   5.430279e+01 7.974616e+01 6.669712e+01
    endloop
  endfacet
  facet normal 6.813029e-02 7.103031e-01 7.005911e-01
    outer loop
      vertex   5.430279e+01 7.974616e+01 6.669712e+01
      vertex   5.447543e+01 8.024616e+01 6.617340e+01
      vertex   5.407100e+01 8.024616e+01 6.621272e+01
    endloop
  endfacet
  facet normal 3.584748e-02 7.038826e-01 7.094112e-01
    outer loop
      vertex   5.430279e+01 7.974616e+01 6.669712e+01
      vertex   5.407100e+01 8.024616e+01 6.621272e+01
      vertex   5.387763e+01 7.974616e+01 6.671860e+01
    endloop
  endfacet
  facet normal 4.656391e-03 7.103263e-01 7.038572e-01
    outer loop
      vertex   5.387763e+01 7.974616e+01 6.671860e+01
      vertex   5.407100e+01 8.024616e+01 6.621272e+01
      vertex   5.366468e+01 8.024616e+01 6.621541e+01
    endloop
  endfacet
  facet normal -2.462577e-02 7.039041e-01 7.098680e-01
    outer loop
      vertex   5.387763e+01 7.974616e+01 6.671860e+01
      vertex   5.366468e+01 8.024616e+01 6.621541e+01
      vertex   5.345219e+01 7.974616e+01 6.670384e+01
    endloop
  endfacet
  facet normal -5.885909e-02 7.102566e-01 7.014779e-01
    outer loop
      vertex   5.345219e+01 7.974616e+01 6.670384e+01
      vertex   5.366468e+01 8.024616e+01 6.621541e+01
      vertex   5.325977e+01 8.024616e+01 6.618144e+01
    endloop
  endfacet
  facet normal -8.490672e-02 7.040115e-01 7.050948e-01
    outer loop
      vertex   5.345219e+01 7.974616e+01 6.670384e+01
      vertex   5.325977e+01 8.024616e+01 6.618144e+01
      vertex   5.302955e+01 7.974616e+01 6.665295e+01
    endloop
  endfacet
  facet normal -1.219236e-01 7.100939e-01 6.934705e-01
    outer loop
      vertex   5.302955e+01 7.974616e+01 6.665295e+01
      vertex   5.325977e+01 8.024616e+01 6.618144e+01
      vertex   5.285958e+01 8.024616e+01 6.611108e+01
    endloop
  endfacet
  facet normal -1.445369e-01 7.042046e-01 6.951294e-01
    outer loop
      vertex   5.302955e+01 7.974616e+01 6.665295e+01
      vertex   5.285958e+01 8.024616e+01 6.611108e+01
      vertex   5.261277e+01 7.974616e+01 6.656629e+01
    endloop
  endfacet
  facet normal -1.840476e-01 7.098380e-01 6.798944e-01
    outer loop
      vertex   5.261277e+01 7.974616e+01 6.656629e+01
      vertex   5.285958e+01 8.024616e+01 6.611108e+01
      vertex   5.246736e+01 8.024616e+01 6.600490e+01
    endloop
  endfacet
  facet normal -2.030631e-01 7.044834e-01 6.800504e-01
    outer loop
      vertex   5.261277e+01 7.974616e+01 6.656629e+01
      vertex   5.246736e+01 8.024616e+01 6.600490e+01
      vertex   5.220487e+01 7.974616e+01 6.644449e+01
    endloop
  endfacet
  facet normal -2.447486e-01 7.094887e-01 6.608509e-01
    outer loop
      vertex   5.220487e+01 7.974616e+01 6.644449e+01
      vertex   5.246736e+01 8.024616e+01 6.600490e+01
      vertex   5.208633e+01 8.024616e+01 6.586379e+01
    endloop
  endfacet
  facet normal -2.600412e-01 7.048473e-01 6.599763e-01
    outer loop
      vertex   5.220487e+01 7.974616e+01 6.644449e+01
      vertex   5.208633e+01 8.024616e+01 6.586379e+01
      vertex   5.180880e+01 7.974616e+01 6.628843e+01
    endloop
  endfacet
  facet normal -3.035541e-01 7.090454e-01 6.364821e-01
    outer loop
      vertex   5.180880e+01 7.974616e+01 6.628843e+01
      vertex   5.208633e+01 8.024616e+01 6.586379e+01
      vertex   5.171957e+01 8.024616e+01 6.568887e+01
    endloop
  endfacet
  facet normal -3.150394e-01 7.052962e-01 6.350649e-01
    outer loop
      vertex   5.180880e+01 7.974616e+01 6.628843e+01
      vertex   5.171957e+01 8.024616e+01 6.568887e+01
      vertex   5.142745e+01 7.974616e+01 6.609925e+01
    endloop
  endfacet
  facet normal -3.600054e-01 7.085077e-01 6.069703e-01
    outer loop
      vertex   5.142745e+01 7.974616e+01 6.609925e+01
      vertex   5.171957e+01 8.024616e+01 6.568887e+01
      vertex   5.137009e+01 8.024616e+01 6.548159e+01
    endloop
  endfacet
  facet normal -3.676421e-01 7.058294e-01 6.055115e-01
    outer loop
      vertex   5.142745e+01 7.974616e+01 6.609925e+01
      vertex   5.137009e+01 8.024616e+01 6.548159e+01
      vertex   5.106357e+01 7.974616e+01 6.587832e+01
    endloop
  endfacet
  facet normal -4.136605e-01 7.078750e-01 5.725365e-01
    outer loop
      vertex   5.106357e+01 7.974616e+01 6.587832e+01
      vertex   5.137009e+01 8.024616e+01 6.548159e+01
      vertex   5.104073e+01 8.024616e+01 6.524362e+01
    endloop
  endfacet
  facet normal -4.174529e-01 7.064464e-01 5.715476e-01
    outer loop
      vertex   5.106357e+01 7.974616e+01 6.587832e+01
      vertex   5.104073e+01 8.024616e+01 6.524362e+01
      vertex   5.071981e+01 7.974616e+01 6.562724e+01
    endloop
  endfacet
  facet normal -4.640978e-01 7.071464e-01 5.334389e-01
    outer loop
      vertex   5.071981e+01 7.974616e+01 6.562724e+01
      vertex   5.104073e+01 8.024616e+01 6.524362e+01
      vertex   5.073417e+01 8.024616e+01 6.497692e+01
    endloop
  endfacet
  facet normal -4.640978e-01 7.071464e-01 5.334389e-01
    outer loop
      vertex   5.071981e+01 7.974616e+01 6.562724e+01
      vertex   5.073417e+01 8.024616e+01 6.497692e+01
      vertex   5.039865e+01 7.974616e+01 6.534782e+01
    endloop
  endfacet
  facet normal -5.082936e-01 7.064464e-01 4.925151e-01
    outer loop
      vertex   5.039865e+01 7.974616e+01 6.534782e+01
      vertex   5.073417e+01 8.024616e+01 6.497692e+01
      vertex   5.010242e+01 7.974616e+01 6.504210e+01
    endloop
  endfacet
  facet normal -5.097977e-01 7.078750e-01 4.888960e-01
    outer loop
      vertex   5.010242e+01 7.974616e+01 6.504210e+01
      vertex   5.073417e+01 8.024616e+01 6.497692e+01
      vertex   5.045293e+01 8.024616e+01 6.468365e+01
    endloop
  endfacet
  facet normal -5.488225e-01 7.058294e-01 4.478825e-01
    outer loop
      vertex   5.010242e+01 7.974616e+01 6.504210e+01
      vertex   5.045293e+01 8.024616e+01 6.468365e+01
      vertex   4.983326e+01 7.974616e+01 6.471229e+01
    endloop
  endfacet
  facet normal -5.513239e-01 7.085077e-01 4.405211e-01
    outer loop
      vertex   4.983326e+01 7.974616e+01 6.471229e+01
      vertex   5.045293e+01 8.024616e+01 6.468365e+01
      vertex   5.019928e+01 8.024616e+01 6.436621e+01
    endloop
  endfacet
  facet normal -5.853696e-01 7.052962e-01 3.998747e-01
    outer loop
      vertex   4.983326e+01 7.974616e+01 6.471229e+01
      vertex   5.019928e+01 8.024616e+01 6.436621e+01
      vertex   4.959314e+01 7.974616e+01 6.436078e+01
    endloop
  endfacet
  facet normal -5.883622e-01 7.090454e-01 3.886959e-01
    outer loop
      vertex   4.959314e+01 7.974616e+01 6.436078e+01
      vertex   5.019928e+01 8.024616e+01 6.436621e+01
      vertex   4.997531e+01 8.024616e+01 6.402718e+01
    endloop
  endfacet
  facet normal -6.176508e-01 7.048473e-01 3.488520e-01
    outer loop
      vertex   4.959314e+01 7.974616e+01 6.436078e+01
      vertex   4.997531e+01 8.024616e+01 6.402718e+01
      vertex   4.938379e+01 7.974616e+01 6.399012e+01
    endloop
  endfacet
  facet normal -6.206328e-01 7.094887e-01 3.338275e-01
    outer loop
      vertex   4.938379e+01 7.974616e+01 6.399012e+01
      vertex   4.997531e+01 8.024616e+01 6.402718e+01
      vertex   4.978283e+01 8.024616e+01 6.366933e+01
    endloop
  endfacet
  facet normal -6.454150e-01 7.044834e-01 2.951993e-01
    outer loop
      vertex   4.938379e+01 7.974616e+01 6.399012e+01
      vertex   4.978283e+01 8.024616e+01 6.366933e+01
      vertex   4.920673e+01 7.974616e+01 6.360299e+01
    endloop
  endfacet
  facet normal -6.478915e-01 7.098380e-01 2.763451e-01
    outer loop
      vertex   4.920673e+01 7.974616e+01 6.360299e+01
      vertex   4.978283e+01 8.024616e+01 6.366933e+01
      vertex   4.962341e+01 8.024616e+01 6.329557e+01
    endloop
  endfacet
  facet normal -6.684465e-01 7.042046e-01 2.393222e-01
    outer loop
      vertex   4.920673e+01 7.974616e+01 6.360299e+01
      vertex   4.962341e+01 8.024616e+01 6.329557e+01
      vertex   4.906324e+01 7.974616e+01 6.320221e+01
    endloop
  endfacet
  facet normal -6.699322e-01 7.100939e-01 2.166968e-01
    outer loop
      vertex   4.906324e+01 7.974616e+01 6.320221e+01
      vertex   4.962341e+01 8.024616e+01 6.329557e+01
      vertex   4.949836e+01 8.024616e+01 6.290896e+01
    endloop
  endfacet
  facet normal -6.865662e-01 7.040115e-01 1.816443e-01
    outer loop
      vertex   4.906324e+01 7.974616e+01 6.320221e+01
      vertex   4.949836e+01 8.024616e+01 6.290896e+01
      vertex   4.895436e+01 7.974616e+01 6.279067e+01
    endloop
  endfacet
  facet normal -6.865879e-01 7.102566e-01 1.553467e-01
    outer loop
      vertex   4.895436e+01 7.974616e+01 6.279067e+01
      vertex   4.949836e+01 8.024616e+01 6.290896e+01
      vertex   4.940869e+01 8.024616e+01 6.251265e+01
    endloop
  endfacet
  facet normal -6.996338e-01 7.039041e-01 1.226035e-01
    outer loop
      vertex   4.895436e+01 7.974616e+01 6.279067e+01
      vertex   4.940869e+01 8.024616e+01 6.251265e+01
      vertex   4.888088e+01 7.974616e+01 6.237137e+01
    endloop
  endfacet
  facet normal -6.977321e-01 7.103263e-01 9.277131e-02
    outer loop
      vertex   4.888088e+01 7.974616e+01 6.237137e+01
      vertex   4.940869e+01 8.024616e+01 6.251265e+01
      vertex   4.935513e+01 8.024616e+01 6.210986e+01
    endloop
  endfacet
  facet normal -7.075482e-01 7.038826e-01 6.264864e-02
    outer loop
      vertex   4.888088e+01 7.974616e+01 6.237137e+01
      vertex   4.935513e+01 8.024616e+01 6.210986e+01
      vertex   4.884333e+01 7.974616e+01 6.194733e+01
    endloop
  endfacet
  facet normal -7.032794e-01 7.103031e-01 2.945598e-02
    outer loop
      vertex   4.884333e+01 7.974616e+01 6.194733e+01
      vertex   4.935513e+01 8.024616e+01 6.210986e+01
      vertex   4.933813e+01 8.024616e+01 6.170389e+01
    endloop
  endfacet
  facet normal -7.102489e-01 7.039471e-01 2.235790e-03
    outer loop
      vertex   4.884333e+01 7.974616e+01 6.194733e+01
      vertex   4.933813e+01 8.024616e+01 6.170389e+01
      vertex   4.884199e+01 7.974616e+01 6.152163e+01
    endloop
  endfacet
  facet normal -7.031865e-01 7.101869e-01 -3.410828e-02
    outer loop
      vertex   4.884199e+01 7.974616e+01 6.152163e+01
      vertex   4.933813e+01 8.024616e+01 6.170389e+01
      vertex   4.935781e+01 8.024616e+01 6.129803e+01
    endloop
  endfacet
  facet normal -7.077164e-01 7.040973e-01 -5.817543e-02
    outer loop
      vertex   4.884199e+01 7.974616e+01 6.152163e+01
      vertex   4.935781e+01 8.024616e+01 6.129803e+01
      vertex   4.887687e+01 7.974616e+01 6.109737e+01
    endloop
  endfacet
  facet normal -6.974521e-01 7.099776e-01 -9.742854e-02
    outer loop
      vertex   4.887687e+01 7.974616e+01 6.109737e+01
      vertex   4.935781e+01 8.024616e+01 6.129803e+01
      vertex   4.941403e+01 8.024616e+01 6.089561e+01
    endloop
  endfacet
  facet normal -6.999721e-01 7.043333e-01 -1.181255e-01
    outer loop
      vertex   4.887687e+01 7.974616e+01 6.109737e+01
      vertex   4.941403e+01 8.024616e+01 6.089561e+01
      vertex   4.894770e+01 7.974616e+01 6.067761e+01
    endloop
  endfacet
  facet normal -6.861173e-01 7.096751e-01 -1.600135e-01
    outer loop
      vertex   4.894770e+01 7.974616e+01 6.067761e+01
      vertex   4.941403e+01 8.024616e+01 6.089561e+01
      vertex   4.950632e+01 8.024616e+01 6.049990e+01
    endloop
  endfacet
  facet normal -6.870782e-01 7.046547e-01 -1.771589e-01
    outer loop
      vertex   4.894770e+01 7.974616e+01 6.067761e+01
      vertex   4.950632e+01 8.024616e+01 6.049990e+01
      vertex   4.905399e+01 7.974616e+01 6.026539e+01
    endloop
  endfacet
  facet normal -6.692652e-01 7.092788e-01 -2.213768e-01
    outer loop
      vertex   4.905399e+01 7.974616e+01 6.026539e+01
      vertex   4.950632e+01 8.024616e+01 6.049990e+01
      vertex   4.963392e+01 8.024616e+01 6.011412e+01
    endloop
  endfacet
  facet normal -6.691373e-01 7.050612e-01 -2.348274e-01
    outer loop
      vertex   4.905399e+01 7.974616e+01 6.026539e+01
      vertex   4.963392e+01 8.024616e+01 6.011412e+01
      vertex   4.919496e+01 7.974616e+01 5.986371e+01
    endloop
  endfacet
  facet normal -6.470200e-01 7.087884e-01 -2.810411e-01
    outer loop
      vertex   4.919496e+01 7.974616e+01 5.986371e+01
      vertex   4.963392e+01 8.024616e+01 6.011412e+01
      vertex   4.979581e+01 8.024616e+01 5.974143e+01
    endloop
  endfacet
  facet normal -6.462916e-01 7.055523e-01 -2.906942e-01
    outer loop
      vertex   4.919496e+01 7.974616e+01 5.986371e+01
      vertex   4.979581e+01 8.024616e+01 5.974143e+01
      vertex   4.936958e+01 7.974616e+01 5.947548e+01
    endloop
  endfacet
  facet normal -6.195468e-01 7.082033e-01 -3.385408e-01
    outer loop
      vertex   4.936958e+01 7.974616e+01 5.947548e+01
      vertex   4.979581e+01 8.024616e+01 5.974143e+01
      vertex   4.999065e+01 8.024616e+01 5.938486e+01
    endloop
  endfacet
  facet normal -6.187214e-01 7.061274e-01 -3.443369e-01
    outer loop
      vertex   4.936958e+01 7.974616e+01 5.947548e+01
      vertex   4.999065e+01 8.024616e+01 5.938486e+01
      vertex   4.957659e+01 7.974616e+01 5.910351e+01
    endloop
  endfacet
  facet normal -5.870500e-01 7.075227e-01 -3.934258e-01
    outer loop
      vertex   4.957659e+01 7.974616e+01 5.910351e+01
      vertex   4.999065e+01 8.024616e+01 5.938486e+01
      vertex   5.021686e+01 8.024616e+01 5.904732e+01
    endloop
  endfacet
  facet normal -5.866437e-01 7.067861e-01 -3.953513e-01
    outer loop
      vertex   4.957659e+01 7.974616e+01 5.910351e+01
      vertex   5.021686e+01 8.024616e+01 5.904732e+01
      vertex   4.981450e+01 7.974616e+01 5.875049e+01
    endloop
  endfacet
  facet normal -5.690239e-01 7.071068e-01 -4.197758e-01
    outer loop
      vertex   5.021686e+01 8.024616e+01 5.904732e+01
      vertex   6.315379e+01 8.024616e+01 4.151076e+01
      vertex   4.981450e+01 7.974616e+01 5.875049e+01
    endloop
  endfacet
  facet normal -5.690239e-01 7.071068e-01 -4.197758e-01
    outer loop
      vertex   4.981450e+01 7.974616e+01 5.875049e+01
      vertex   6.315379e+01 8.024616e+01 4.151076e+01
      vertex   6.275143e+01 7.974616e+01 4.121393e+01
    endloop
  endfacet
  facet normal -5.929121e-01 7.065108e-01 -3.863906e-01
    outer loop
      vertex   6.275143e+01 7.974616e+01 4.121393e+01
      vertex   6.315379e+01 8.024616e+01 4.151076e+01
      vertex   6.287810e+01 7.974616e+01 4.101956e+01
    endloop
  endfacet
  facet normal -5.929121e-01 7.065108e-01 -3.863906e-01
    outer loop
      vertex   6.287810e+01 7.974616e+01 4.101956e+01
      vertex   6.315379e+01 8.024616e+01 4.151076e+01
      vertex   6.331212e+01 8.024616e+01 4.126780e+01
    endloop
  endfacet
  facet normal -6.336692e-01 7.065108e-01 -3.151282e-01
    outer loop
      vertex   6.287810e+01 7.974616e+01 4.101956e+01
      vertex   6.331212e+01 8.024616e+01 4.126780e+01
      vertex   6.298140e+01 7.974616e+01 4.081183e+01
    endloop
  endfacet
  facet normal -6.336692e-01 7.065108e-01 -3.151282e-01
    outer loop
      vertex   6.298140e+01 7.974616e+01 4.081183e+01
      vertex   6.331212e+01 8.024616e+01 4.126780e+01
      vertex   6.344126e+01 8.024616e+01 4.100813e+01
    endloop
  endfacet
  facet normal -6.658995e-01 7.065108e-01 -2.396254e-01
    outer loop
      vertex   6.298140e+01 7.974616e+01 4.081183e+01
      vertex   6.344126e+01 8.024616e+01 4.100813e+01
      vertex   6.305996e+01 7.974616e+01 4.059353e+01
    endloop
  endfacet
  facet normal -6.658995e-01 7.065108e-01 -2.396254e-01
    outer loop
      vertex   6.305996e+01 7.974616e+01 4.059353e+01
      vertex   6.344126e+01 8.024616e+01 4.100813e+01
      vertex   6.353945e+01 8.024616e+01 4.073526e+01
    endloop
  endfacet
  facet normal -6.781058e-01 7.071068e-01 -2.004307e-01
    outer loop
      vertex   6.305996e+01 7.974616e+01 4.059353e+01
      vertex   6.353945e+01 8.024616e+01 4.073526e+01
      vertex   6.666607e+01 7.974616e+01 2.839317e+01
    endloop
  endfacet
  facet normal -6.781058e-01 7.071068e-01 -2.004307e-01
    outer loop
      vertex   6.666607e+01 7.974616e+01 2.839317e+01
      vertex   6.353945e+01 8.024616e+01 4.073526e+01
      vertex   6.715846e+01 8.024616e+01 2.849126e+01
    endloop
  endfacet
  facet normal 9.688019e-01 0.000000e+00 2.478362e-01
    outer loop
      vertex   7.741081e+01 7.974616e+01 3.083518e+01
      vertex   7.249342e+01 7.974616e+01 5.005743e+01
      vertex   7.741081e+01 7.474616e+01 3.083518e+01
    endloop
  endfacet
  facet normal 9.688019e-01 0.000000e+00 2.478362e-01
    outer loop
      vertex   7.741081e+01 7.474616e+01 3.083518e+01
      vertex   7.249342e+01 7.974616e+01 5.005743e+01
      vertex   7.249342e+01 7.474616e+01 5.005743e+01
    endloop
  endfacet
  facet normal 9.496464e-01 -0.000000e+00 3.133237e-01
    outer loop
      vertex   7.249342e+01 7.474616e+01 5.005743e+01
      vertex   7.249342e+01 7.974616e+01 5.005743e+01
      vertex   7.240796e+01 7.474616e+01 5.031646e+01
    endloop
  endfacet
  facet normal 9.496464e-01 -0.000000e+00 3.133237e-01
    outer loop
      vertex   7.240796e+01 7.474616e+01 5.031646e+01
      vertex   7.249342e+01 7.974616e+01 5.005743e+01
      vertex   7.240796e+01 7.974616e+01 5.031646e+01
    endloop
  endfacet
  facet normal 8.981817e-01 -0.000000e+00 4.396245e-01
    outer loop
      vertex   7.240796e+01 7.474616e+01 5.031646e+01
      vertex   7.240796e+01 7.974616e+01 5.031646e+01
      vertex   7.228804e+01 7.474616e+01 5.056146e+01
    endloop
  endfacet
  facet normal 8.981817e-01 2.552786e-15 4.396245e-01
    outer loop
      vertex   7.228804e+01 7.474616e+01 5.056146e+01
      vertex   7.240796e+01 7.974616e+01 5.031646e+01
      vertex   7.228804e+01 7.974616e+01 5.056146e+01
    endloop
  endfacet
  facet normal 8.300103e-01 2.359031e-15 5.577481e-01
    outer loop
      vertex   7.228804e+01 7.474616e+01 5.056146e+01
      vertex   7.228804e+01 7.974616e+01 5.056146e+01
      vertex   7.213591e+01 7.474616e+01 5.078786e+01
    endloop
  endfacet
  facet normal 8.300103e-01 -0.000000e+00 5.577481e-01
    outer loop
      vertex   7.213591e+01 7.474616e+01 5.078786e+01
      vertex   7.228804e+01 7.974616e+01 5.056146e+01
      vertex   7.213591e+01 7.974616e+01 5.078786e+01
    endloop
  endfacet
  facet normal 7.464003e-01 -0.000000e+00 6.654973e-01
    outer loop
      vertex   7.213591e+01 7.474616e+01 5.078786e+01
      vertex   7.213591e+01 7.974616e+01 5.078786e+01
      vertex   7.195438e+01 7.474616e+01 5.099145e+01
    endloop
  endfacet
  facet normal 7.464003e-01 -0.000000e+00 6.654973e-01
    outer loop
      vertex   7.195438e+01 7.474616e+01 5.099145e+01
      vertex   7.213591e+01 7.974616e+01 5.078786e+01
      vertex   7.195438e+01 7.974616e+01 5.099145e+01
    endloop
  endfacet
  facet normal 6.992813e-01 0.000000e+00 7.148466e-01
    outer loop
      vertex   7.195438e+01 7.974616e+01 5.099145e+01
      vertex   5.733451e+01 7.974616e+01 6.529299e+01
      vertex   7.195438e+01 7.474616e+01 5.099145e+01
    endloop
  endfacet
  facet normal 6.992813e-01 6.114657e-15 7.148466e-01
    outer loop
      vertex   7.195438e+01 7.474616e+01 5.099145e+01
      vertex   5.733451e+01 7.974616e+01 6.529299e+01
      vertex   5.733451e+01 7.474616e+01 6.529299e+01
    endloop
  endfacet
  facet normal 6.682167e-01 6.128147e-15 7.439667e-01
    outer loop
      vertex   5.733451e+01 7.474616e+01 6.529299e+01
      vertex   5.733451e+01 7.974616e+01 6.529299e+01
      vertex   5.701781e+01 7.474616e+01 6.557745e+01
    endloop
  endfacet
  facet normal 6.682167e-01 -0.000000e+00 7.439667e-01
    outer loop
      vertex   5.701781e+01 7.474616e+01 6.557745e+01
      vertex   5.733451e+01 7.974616e+01 6.529299e+01
      vertex   5.701781e+01 7.974616e+01 6.557745e+01
    endloop
  endfacet
  facet normal 6.025114e-01 -0.000000e+00 7.981103e-01
    outer loop
      vertex   5.701781e+01 7.474616e+01 6.557745e+01
      vertex   5.701781e+01 7.974616e+01 6.557745e+01
      vertex   5.667805e+01 7.974616e+01 6.583393e+01
    endloop
  endfacet
  facet normal 6.025114e-01 0.000000e+00 7.981103e-01
    outer loop
      vertex   5.701781e+01 7.474616e+01 6.557745e+01
      vertex   5.667805e+01 7.974616e+01 6.583393e+01
      vertex   5.667805e+01 7.474616e+01 6.583393e+01
    endloop
  endfacet
  facet normal 5.324387e-01 -0.000000e+00 8.464686e-01
    outer loop
      vertex   5.667805e+01 7.474616e+01 6.583393e+01
      vertex   5.667805e+01 7.974616e+01 6.583393e+01
      vertex   5.631771e+01 7.974616e+01 6.606059e+01
    endloop
  endfacet
  facet normal 5.324387e-01 0.000000e+00 8.464686e-01
    outer loop
      vertex   5.667805e+01 7.474616e+01 6.583393e+01
      vertex   5.631771e+01 7.974616e+01 6.606059e+01
      vertex   5.631771e+01 7.474616e+01 6.606059e+01
    endloop
  endfacet
  facet normal 4.585064e-01 -0.000000e+00 8.886911e-01
    outer loop
      vertex   5.631771e+01 7.474616e+01 6.606059e+01
      vertex   5.631771e+01 7.974616e+01 6.606059e+01
      vertex   5.593940e+01 7.974616e+01 6.625578e+01
    endloop
  endfacet
  facet normal 4.585064e-01 -6.520034e-16 8.886911e-01
    outer loop
      vertex   5.631771e+01 7.474616e+01 6.606059e+01
      vertex   5.593940e+01 7.974616e+01 6.625578e+01
      vertex   5.593940e+01 7.474616e+01 6.625578e+01
    endloop
  endfacet
  facet normal 3.812506e-01 -5.417898e-16 9.244717e-01
    outer loop
      vertex   5.593940e+01 7.474616e+01 6.625578e+01
      vertex   5.593940e+01 7.974616e+01 6.625578e+01
      vertex   5.554586e+01 7.974616e+01 6.641807e+01
    endloop
  endfacet
  facet normal 3.812506e-01 0.000000e+00 9.244717e-01
    outer loop
      vertex   5.593940e+01 7.474616e+01 6.625578e+01
      vertex   5.554586e+01 7.974616e+01 6.641807e+01
      vertex   5.554586e+01 7.474616e+01 6.641807e+01
    endloop
  endfacet
  facet normal 3.012313e-01 -0.000000e+00 9.535511e-01
    outer loop
      vertex   5.554586e+01 7.474616e+01 6.641807e+01
      vertex   5.554586e+01 7.974616e+01 6.641807e+01
      vertex   5.513993e+01 7.974616e+01 6.654631e+01
    endloop
  endfacet
  facet normal 3.012313e-01 0.000000e+00 9.535511e-01
    outer loop
      vertex   5.554586e+01 7.474616e+01 6.641807e+01
      vertex   5.513993e+01 7.974616e+01 6.654631e+01
      vertex   5.513993e+01 7.474616e+01 6.654631e+01
    endloop
  endfacet
  facet normal 2.190284e-01 -0.000000e+00 9.757185e-01
    outer loop
      vertex   5.513993e+01 7.474616e+01 6.654631e+01
      vertex   5.513993e+01 7.974616e+01 6.654631e+01
      vertex   5.472457e+01 7.974616e+01 6.663955e+01
    endloop
  endfacet
  facet normal 2.190284e-01 0.000000e+00 9.757185e-01
    outer loop
      vertex   5.513993e+01 7.474616e+01 6.654631e+01
      vertex   5.472457e+01 7.974616e+01 6.663955e+01
      vertex   5.472457e+01 7.474616e+01 6.663955e+01
    endloop
  endfacet
  facet normal 1.352378e-01 -0.000000e+00 9.908132e-01
    outer loop
      vertex   5.472457e+01 7.474616e+01 6.663955e+01
      vertex   5.472457e+01 7.974616e+01 6.663955e+01
      vertex   5.430279e+01 7.974616e+01 6.669712e+01
    endloop
  endfacet
  facet normal 1.352378e-01 0.000000e+00 9.908132e-01
    outer loop
      vertex   5.472457e+01 7.474616e+01 6.663955e+01
      vertex   5.430279e+01 7.974616e+01 6.669712e+01
      vertex   5.430279e+01 7.474616e+01 6.669712e+01
    endloop
  endfacet
  facet normal 5.046692e-02 -0.000000e+00 9.987257e-01
    outer loop
      vertex   5.430279e+01 7.474616e+01 6.669712e+01
      vertex   5.430279e+01 7.974616e+01 6.669712e+01
      vertex   5.387763e+01 7.974616e+01 6.671860e+01
    endloop
  endfacet
  facet normal 5.046692e-02 0.000000e+00 9.987257e-01
    outer loop
      vertex   5.430279e+01 7.474616e+01 6.669712e+01
      vertex   5.387763e+01 7.974616e+01 6.671860e+01
      vertex   5.387763e+01 7.474616e+01 6.671860e+01
    endloop
  endfacet
  facet normal -3.466978e-02 0.000000e+00 9.993988e-01
    outer loop
      vertex   5.387763e+01 7.474616e+01 6.671860e+01
      vertex   5.387763e+01 7.974616e+01 6.671860e+01
      vertex   5.345219e+01 7.974616e+01 6.670384e+01
    endloop
  endfacet
  facet normal -3.466978e-02 0.000000e+00 9.993988e-01
    outer loop
      vertex   5.387763e+01 7.474616e+01 6.671860e+01
      vertex   5.345219e+01 7.974616e+01 6.670384e+01
      vertex   5.345219e+01 7.474616e+01 6.670384e+01
    endloop
  endfacet
  facet normal -1.195552e-01 0.000000e+00 9.928276e-01
    outer loop
      vertex   5.345219e+01 7.474616e+01 6.670384e+01
      vertex   5.345219e+01 7.974616e+01 6.670384e+01
      vertex   5.302955e+01 7.974616e+01 6.665295e+01
    endloop
  endfacet
  facet normal -1.195552e-01 3.390418e-16 9.928276e-01
    outer loop
      vertex   5.345219e+01 7.474616e+01 6.670384e+01
      vertex   5.302955e+01 7.974616e+01 6.665295e+01
      vertex   5.302955e+01 7.474616e+01 6.665295e+01
    endloop
  endfacet
  facet normal -2.035739e-01 5.785919e-16 9.790596e-01
    outer loop
      vertex   5.302955e+01 7.474616e+01 6.665295e+01
      vertex   5.302955e+01 7.974616e+01 6.665295e+01
      vertex   5.261277e+01 7.974616e+01 6.656629e+01
    endloop
  endfacet
  facet normal -2.035739e-01 0.000000e+00 9.790596e-01
    outer loop
      vertex   5.302955e+01 7.474616e+01 6.665295e+01
      vertex   5.261277e+01 7.974616e+01 6.656629e+01
      vertex   5.261277e+01 7.474616e+01 6.656629e+01
    endloop
  endfacet
  facet normal -2.861171e-01 0.000000e+00 9.581947e-01
    outer loop
      vertex   5.261277e+01 7.474616e+01 6.656629e+01
      vertex   5.261277e+01 7.974616e+01 6.656629e+01
      vertex   5.220487e+01 7.974616e+01 6.644449e+01
    endloop
  endfacet
  facet normal -2.861171e-01 0.000000e+00 9.581947e-01
    outer loop
      vertex   5.261277e+01 7.474616e+01 6.656629e+01
      vertex   5.220487e+01 7.974616e+01 6.644449e+01
      vertex   5.220487e+01 7.474616e+01 6.644449e+01
    endloop
  endfacet
  facet normal -3.665862e-01 0.000000e+00 9.303841e-01
    outer loop
      vertex   5.220487e+01 7.474616e+01 6.644449e+01
      vertex   5.220487e+01 7.974616e+01 6.644449e+01
      vertex   5.180880e+01 7.974616e+01 6.628843e+01
    endloop
  endfacet
  facet normal -3.665862e-01 0.000000e+00 9.303841e-01
    outer loop
      vertex   5.220487e+01 7.474616e+01 6.644449e+01
      vertex   5.180880e+01 7.974616e+01 6.628843e+01
      vertex   5.180880e+01 7.474616e+01 6.628843e+01
    endloop
  endfacet
  facet normal -4.443981e-01 0.000000e+00 8.958294e-01
    outer loop
      vertex   5.180880e+01 7.474616e+01 6.628843e+01
      vertex   5.180880e+01 7.974616e+01 6.628843e+01
      vertex   5.142745e+01 7.974616e+01 6.609925e+01
    endloop
  endfacet
  facet normal -4.443981e-01 0.000000e+00 8.958294e-01
    outer loop
      vertex   5.180880e+01 7.474616e+01 6.628843e+01
      vertex   5.142745e+01 7.974616e+01 6.609925e+01
      vertex   5.142745e+01 7.474616e+01 6.609925e+01
    endloop
  endfacet
  facet normal -5.189886e-01 0.000000e+00 8.547812e-01
    outer loop
      vertex   5.142745e+01 7.474616e+01 6.609925e+01
      vertex   5.142745e+01 7.974616e+01 6.609925e+01
      vertex   5.106357e+01 7.974616e+01 6.587832e+01
    endloop
  endfacet
  facet normal -5.189886e-01 0.000000e+00 8.547812e-01
    outer loop
      vertex   5.142745e+01 7.474616e+01 6.609925e+01
      vertex   5.106357e+01 7.974616e+01 6.587832e+01
      vertex   5.106357e+01 7.474616e+01 6.587832e+01
    endloop
  endfacet
  facet normal -5.898172e-01 0.000000e+00 8.075368e-01
    outer loop
      vertex   5.106357e+01 7.474616e+01 6.587832e+01
      vertex   5.106357e+01 7.974616e+01 6.587832e+01
      vertex   5.071981e+01 7.974616e+01 6.562724e+01
    endloop
  endfacet
  facet normal -5.898172e-01 0.000000e+00 8.075368e-01
    outer loop
      vertex   5.106357e+01 7.474616e+01 6.587832e+01
      vertex   5.071981e+01 7.974616e+01 6.562724e+01
      vertex   5.071981e+01 7.474616e+01 6.562724e+01
    endloop
  endfacet
  facet normal -6.563703e-01 0.000000e+00 7.544389e-01
    outer loop
      vertex   5.071981e+01 7.474616e+01 6.562724e+01
      vertex   5.071981e+01 7.974616e+01 6.562724e+01
      vertex   5.039865e+01 7.974616e+01 6.534782e+01
    endloop
  endfacet
  facet normal -6.563703e-01 0.000000e+00 7.544389e-01
    outer loop
      vertex   5.071981e+01 7.474616e+01 6.562724e+01
      vertex   5.039865e+01 7.974616e+01 6.534782e+01
      vertex   5.039865e+01 7.474616e+01 6.534782e+01
    endloop
  endfacet
  facet normal -7.181656e-01 0.000000e+00 6.958723e-01
    outer loop
      vertex   5.039865e+01 7.474616e+01 6.534782e+01
      vertex   5.039865e+01 7.974616e+01 6.534782e+01
      vertex   5.010242e+01 7.974616e+01 6.504210e+01
    endloop
  endfacet
  facet normal -7.181656e-01 0.000000e+00 6.958723e-01
    outer loop
      vertex   5.039865e+01 7.474616e+01 6.534782e+01
      vertex   5.010242e+01 7.974616e+01 6.504210e+01
      vertex   5.010242e+01 7.474616e+01 6.504210e+01
    endloop
  endfacet
  facet normal -7.747551e-01 0.000000e+00 6.322614e-01
    outer loop
      vertex   5.010242e+01 7.474616e+01 6.504210e+01
      vertex   5.010242e+01 7.974616e+01 6.504210e+01
      vertex   4.983326e+01 7.974616e+01 6.471229e+01
    endloop
  endfacet
  facet normal -7.747551e-01 0.000000e+00 6.322614e-01
    outer loop
      vertex   5.010242e+01 7.474616e+01 6.504210e+01
      vertex   4.983326e+01 7.974616e+01 6.471229e+01
      vertex   4.983326e+01 7.474616e+01 6.471229e+01
    endloop
  endfacet
  facet normal -8.257287e-01 0.000000e+00 5.640675e-01
    outer loop
      vertex   4.983326e+01 7.474616e+01 6.471229e+01
      vertex   4.983326e+01 7.974616e+01 6.471229e+01
      vertex   4.959314e+01 7.974616e+01 6.436078e+01
    endloop
  endfacet
  facet normal -8.257287e-01 0.000000e+00 5.640675e-01
    outer loop
      vertex   4.983326e+01 7.474616e+01 6.471229e+01
      vertex   4.959314e+01 7.974616e+01 6.436078e+01
      vertex   4.959314e+01 7.474616e+01 6.436078e+01
    endloop
  endfacet
  facet normal -8.707167e-01 0.000000e+00 4.917849e-01
    outer loop
      vertex   4.959314e+01 7.474616e+01 6.436078e+01
      vertex   4.959314e+01 7.974616e+01 6.436078e+01
      vertex   4.938379e+01 7.974616e+01 6.399012e+01
    endloop
  endfacet
  facet normal -8.707167e-01 0.000000e+00 4.917849e-01
    outer loop
      vertex   4.959314e+01 7.474616e+01 6.436078e+01
      vertex   4.938379e+01 7.974616e+01 6.399012e+01
      vertex   4.938379e+01 7.474616e+01 6.399012e+01
    endloop
  endfacet
  facet normal -9.093932e-01 0.000000e+00 4.159374e-01
    outer loop
      vertex   4.938379e+01 7.474616e+01 6.399012e+01
      vertex   4.938379e+01 7.974616e+01 6.399012e+01
      vertex   4.920673e+01 7.974616e+01 6.360299e+01
    endloop
  endfacet
  facet normal -9.093932e-01 0.000000e+00 4.159374e-01
    outer loop
      vertex   4.938379e+01 7.474616e+01 6.399012e+01
      vertex   4.920673e+01 7.974616e+01 6.360299e+01
      vertex   4.920673e+01 7.474616e+01 6.360299e+01
    endloop
  endfacet
  facet normal -9.414778e-01 0.000000e+00 3.370749e-01
    outer loop
      vertex   4.920673e+01 7.474616e+01 6.360299e+01
      vertex   4.920673e+01 7.974616e+01 6.360299e+01
      vertex   4.906324e+01 7.974616e+01 6.320221e+01
    endloop
  endfacet
  facet normal -9.414778e-01 0.000000e+00 3.370749e-01
    outer loop
      vertex   4.920673e+01 7.474616e+01 6.360299e+01
      vertex   4.906324e+01 7.974616e+01 6.320221e+01
      vertex   4.906324e+01 7.474616e+01 6.320221e+01
    endloop
  endfacet
  facet normal -9.667379e-01 0.000000e+00 2.557691e-01
    outer loop
      vertex   4.906324e+01 7.474616e+01 6.320221e+01
      vertex   4.906324e+01 7.974616e+01 6.320221e+01
      vertex   4.895436e+01 7.974616e+01 6.279067e+01
    endloop
  endfacet
  facet normal -9.667379e-01 0.000000e+00 2.557691e-01
    outer loop
      vertex   4.906324e+01 7.474616e+01 6.320221e+01
      vertex   4.895436e+01 7.974616e+01 6.279067e+01
      vertex   4.895436e+01 7.474616e+01 6.279067e+01
    endloop
  endfacet
  facet normal -9.849904e-01 0.000000e+00 1.726093e-01
    outer loop
      vertex   4.895436e+01 7.474616e+01 6.279067e+01
      vertex   4.895436e+01 7.974616e+01 6.279067e+01
      vertex   4.888088e+01 7.974616e+01 6.237137e+01
    endloop
  endfacet
  facet normal -9.849904e-01 0.000000e+00 1.726093e-01
    outer loop
      vertex   4.895436e+01 7.474616e+01 6.279067e+01
      vertex   4.888088e+01 7.974616e+01 6.237137e+01
      vertex   4.888088e+01 7.474616e+01 6.237137e+01
    endloop
  endfacet
  facet normal -9.961029e-01 0.000000e+00 8.819823e-02
    outer loop
      vertex   4.888088e+01 7.474616e+01 6.237137e+01
      vertex   4.888088e+01 7.974616e+01 6.237137e+01
      vertex   4.884333e+01 7.974616e+01 6.194733e+01
    endloop
  endfacet
  facet normal -9.961029e-01 0.000000e+00 8.819823e-02
    outer loop
      vertex   4.888088e+01 7.474616e+01 6.237137e+01
      vertex   4.884333e+01 7.974616e+01 6.194733e+01
      vertex   4.884333e+01 7.474616e+01 6.194733e+01
    endloop
  endfacet
  facet normal -9.999950e-01 0.000000e+00 3.147880e-03
    outer loop
      vertex   4.884333e+01 7.474616e+01 6.194733e+01
      vertex   4.884333e+01 7.974616e+01 6.194733e+01
      vertex   4.884199e+01 7.974616e+01 6.152163e+01
    endloop
  endfacet
  facet normal -9.999950e-01 0.000000e+00 3.147880e-03
    outer loop
      vertex   4.884333e+01 7.474616e+01 6.194733e+01
      vertex   4.884199e+01 7.974616e+01 6.152163e+01
      vertex   4.884199e+01 7.474616e+01 6.152163e+01
    endloop
  endfacet
  facet normal -9.966385e-01 0.000000e+00 -8.192529e-02
    outer loop
      vertex   4.884199e+01 7.474616e+01 6.152163e+01
      vertex   4.884199e+01 7.974616e+01 6.152163e+01
      vertex   4.887687e+01 7.974616e+01 6.109737e+01
    endloop
  endfacet
  facet normal -9.966385e-01 1.165456e-16 -8.192529e-02
    outer loop
      vertex   4.884199e+01 7.474616e+01 6.152163e+01
      vertex   4.887687e+01 7.974616e+01 6.109737e+01
      vertex   4.887687e+01 7.474616e+01 6.109737e+01
    endloop
  endfacet
  facet normal -9.860576e-01 2.364752e-16 -1.664046e-01
    outer loop
      vertex   4.887687e+01 7.474616e+01 6.109737e+01
      vertex   4.887687e+01 7.974616e+01 6.109737e+01
      vertex   4.894770e+01 7.974616e+01 6.067761e+01
    endloop
  endfacet
  facet normal -9.860576e-01 0.000000e+00 -1.664046e-01
    outer loop
      vertex   4.887687e+01 7.474616e+01 6.109737e+01
      vertex   4.894770e+01 7.974616e+01 6.067761e+01
      vertex   4.894770e+01 7.474616e+01 6.067761e+01
    endloop
  endfacet
  facet normal -9.683290e-01 0.000000e+00 -2.496777e-01
    outer loop
      vertex   4.894770e+01 7.474616e+01 6.067761e+01
      vertex   4.894770e+01 7.974616e+01 6.067761e+01
      vertex   4.905399e+01 7.974616e+01 6.026539e+01
    endloop
  endfacet
  facet normal -9.683290e-01 0.000000e+00 -2.496777e-01
    outer loop
      vertex   4.894770e+01 7.474616e+01 6.067761e+01
      vertex   4.905399e+01 7.974616e+01 6.026539e+01
      vertex   4.905399e+01 7.474616e+01 6.026539e+01
    endloop
  endfacet
  facet normal -9.435813e-01 0.000000e+00 -3.311410e-01
    outer loop
      vertex   4.905399e+01 7.474616e+01 6.026539e+01
      vertex   4.905399e+01 7.974616e+01 6.026539e+01
      vertex   4.919496e+01 7.974616e+01 5.986371e+01
    endloop
  endfacet
  facet normal -9.435813e-01 0.000000e+00 -3.311410e-01
    outer loop
      vertex   4.905399e+01 7.474616e+01 6.026539e+01
      vertex   4.919496e+01 7.974616e+01 5.986371e+01
      vertex   4.919496e+01 7.474616e+01 5.986371e+01
    endloop
  endfacet
  facet normal -9.119939e-01 0.000000e+00 -4.102039e-01
    outer loop
      vertex   4.919496e+01 7.474616e+01 5.986371e+01
      vertex   4.919496e+01 7.974616e+01 5.986371e+01
      vertex   4.936958e+01 7.974616e+01 5.947548e+01
    endloop
  endfacet
  facet normal -9.119939e-01 0.000000e+00 -4.102039e-01
    outer loop
      vertex   4.919496e+01 7.474616e+01 5.986371e+01
      vertex   4.936958e+01 7.974616e+01 5.947548e+01
      vertex   4.936958e+01 7.474616e+01 5.947548e+01
    endloop
  endfacet
  facet normal -8.737956e-01 0.000000e+00 -4.862933e-01
    outer loop
      vertex   4.936958e+01 7.474616e+01 5.947548e+01
      vertex   4.936958e+01 7.974616e+01 5.947548e+01
      vertex   4.957659e+01 7.974616e+01 5.910351e+01
    endloop
  endfacet
  facet normal -8.737956e-01 0.000000e+00 -4.862933e-01
    outer loop
      vertex   4.936958e+01 7.474616e+01 5.947548e+01
      vertex   4.957659e+01 7.974616e+01 5.910351e+01
      vertex   4.957659e+01 7.474616e+01 5.910351e+01
    endloop
  endfacet
  facet normal -8.292635e-01 0.000000e+00 -5.588578e-01
    outer loop
      vertex   4.957659e+01 7.474616e+01 5.910351e+01
      vertex   4.957659e+01 7.974616e+01 5.910351e+01
      vertex   4.981450e+01 7.474616e+01 5.875049e+01
    endloop
  endfacet
  facet normal -8.292635e-01 0.000000e+00 -5.588578e-01
    outer loop
      vertex   4.981450e+01 7.474616e+01 5.875049e+01
      vertex   4.957659e+01 7.974616e+01 5.910351e+01
      vertex   4.981450e+01 7.974616e+01 5.875049e+01
    endloop
  endfacet
  facet normal -8.047214e-01 -0.000000e+00 -5.936527e-01
    outer loop
      vertex   4.981450e+01 7.974616e+01 5.875049e+01
      vertex   6.275143e+01 7.974616e+01 4.121393e+01
      vertex   4.981450e+01 7.474616e+01 5.875049e+01
    endloop
  endfacet
  facet normal -8.047214e-01 0.000000e+00 -5.936527e-01
    outer loop
      vertex   4.981450e+01 7.474616e+01 5.875049e+01
      vertex   6.275143e+01 7.974616e+01 4.121393e+01
      vertex   6.275143e+01 7.474616e+01 4.121393e+01
    endloop
  endfacet
  facet normal -8.377989e-01 0.000000e+00 -5.459790e-01
    outer loop
      vertex   6.275143e+01 7.474616e+01 4.121393e+01
      vertex   6.275143e+01 7.974616e+01 4.121393e+01
      vertex   6.287810e+01 7.474616e+01 4.101956e+01
    endloop
  endfacet
  facet normal -8.377989e-01 7.758828e-16 -5.459790e-01
    outer loop
      vertex   6.287810e+01 7.474616e+01 4.101956e+01
      vertex   6.275143e+01 7.974616e+01 4.121393e+01
      vertex   6.287810e+01 7.974616e+01 4.101956e+01
    endloop
  endfacet
  facet normal -8.953896e-01 6.327861e-16 -4.452836e-01
    outer loop
      vertex   6.287810e+01 7.474616e+01 4.101956e+01
      vertex   6.287810e+01 7.974616e+01 4.101956e+01
      vertex   6.298140e+01 7.474616e+01 4.081183e+01
    endloop
  endfacet
  facet normal -8.953896e-01 0.000000e+00 -4.452836e-01
    outer loop
      vertex   6.298140e+01 7.474616e+01 4.081183e+01
      vertex   6.287810e+01 7.974616e+01 4.101956e+01
      vertex   6.298140e+01 7.974616e+01 4.081183e+01
    endloop
  endfacet
  facet normal -9.409317e-01 0.000000e+00 -3.385964e-01
    outer loop
      vertex   6.298140e+01 7.474616e+01 4.081183e+01
      vertex   6.298140e+01 7.974616e+01 4.081183e+01
      vertex   6.305996e+01 7.474616e+01 4.059353e+01
    endloop
  endfacet
  facet normal -9.409317e-01 0.000000e+00 -3.385964e-01
    outer loop
      vertex   6.305996e+01 7.474616e+01 4.059353e+01
      vertex   6.298140e+01 7.974616e+01 4.081183e+01
      vertex   6.305996e+01 7.974616e+01 4.059353e+01
    endloop
  endfacet
  facet normal -9.589865e-01 -0.000000e+00 -2.834519e-01
    outer loop
      vertex   6.305996e+01 7.974616e+01 4.059353e+01
      vertex   6.666607e+01 7.974616e+01 2.839317e+01
      vertex   6.305996e+01 7.474616e+01 4.059353e+01
    endloop
  endfacet
  facet normal -9.589865e-01 0.000000e+00 -2.834519e-01
    outer loop
      vertex   6.305996e+01 7.474616e+01 4.059353e+01
      vertex   6.666607e+01 7.974616e+01 2.839317e+01
      vertex   6.666607e+01 7.474616e+01 2.839317e+01
    endloop
  endfacet
  facet normal -9.944031e-01 -0.000000e+00 -1.056527e-01
    outer loop
      vertex   6.666607e+01 7.974616e+01 2.839317e+01
      vertex   6.994780e+01 7.974616e+01 -2.494431e+00
      vertex   6.666607e+01 7.474616e+01 2.839317e+01
    endloop
  endfacet
  facet normal -9.944031e-01 0.000000e+00 -1.056527e-01
    outer loop
      vertex   6.666607e+01 7.474616e+01 2.839317e+01
      vertex   6.994780e+01 7.974616e+01 -2.494431e+00
      vertex   6.994780e+01 7.474616e+01 -2.494431e+00
    endloop
  endfacet
  facet normal -9.992606e-01 0.000000e+00 -3.844924e-02
    outer loop
      vertex   6.994780e+01 7.474616e+01 -2.494431e+00
      vertex   6.994780e+01 7.974616e+01 -2.494431e+00
      vertex   6.995815e+01 7.474616e+01 -2.763594e+00
    endloop
  endfacet
  facet normal -9.992606e-01 3.414978e-18 -3.844924e-02
    outer loop
      vertex   6.995815e+01 7.474616e+01 -2.763594e+00
      vertex   6.994780e+01 7.974616e+01 -2.494431e+00
      vertex   6.995815e+01 7.974616e+01 -2.763594e+00
    endloop
  endfacet
  facet normal -9.953644e-01 -8.542097e-18 9.617546e-02
    outer loop
      vertex   6.995815e+01 7.474616e+01 -2.763594e+00
      vertex   6.995815e+01 7.974616e+01 -2.763594e+00
      vertex   6.993225e+01 7.474616e+01 -3.031708e+00
    endloop
  endfacet
  facet normal -9.953644e-01 0.000000e+00 9.617546e-02
    outer loop
      vertex   6.993225e+01 7.474616e+01 -3.031708e+00
      vertex   6.995815e+01 7.974616e+01 -2.763594e+00
      vertex   6.993225e+01 7.974616e+01 -3.031708e+00
    endloop
  endfacet
  facet normal -9.734133e-01 0.000000e+00 2.290556e-01
    outer loop
      vertex   6.993225e+01 7.474616e+01 -3.031708e+00
      vertex   6.993225e+01 7.974616e+01 -3.031708e+00
      vertex   6.987055e+01 7.474616e+01 -3.293908e+00
    endloop
  endfacet
  facet normal -9.734133e-01 0.000000e+00 2.290556e-01
    outer loop
      vertex   6.987055e+01 7.474616e+01 -3.293908e+00
      vertex   6.993225e+01 7.974616e+01 -3.031708e+00
      vertex   6.987055e+01 7.974616e+01 -3.293908e+00
    endloop
  endfacet
  facet normal -9.731592e-01 0.000000e+00 2.301330e-01
    outer loop
      vertex   6.839070e+01 7.474616e+01 -8.103428e+00
      vertex   6.839070e+01 7.974616e+01 -8.103428e+00
      vertex   6.832973e+01 7.474616e+01 -8.361261e+00
    endloop
  endfacet
  facet normal -9.731592e-01 -8.175965e-17 2.301330e-01
    outer loop
      vertex   6.832973e+01 7.474616e+01 -8.361261e+00
      vertex   6.839070e+01 7.974616e+01 -8.103428e+00
      vertex   6.832973e+01 7.974616e+01 -8.361261e+00
    endloop
  endfacet
  facet normal -9.950395e-01 -3.534248e-17 9.948024e-02
    outer loop
      vertex   6.832973e+01 7.474616e+01 -8.361261e+00
      vertex   6.832973e+01 7.974616e+01 -8.361261e+00
      vertex   6.830337e+01 7.474616e+01 -8.624891e+00
    endloop
  endfacet
  facet normal -9.950395e-01 0.000000e+00 9.948024e-02
    outer loop
      vertex   6.830337e+01 7.474616e+01 -8.624891e+00
      vertex   6.832973e+01 7.974616e+01 -8.361261e+00
      vertex   6.830337e+01 7.974616e+01 -8.624891e+00
    endloop
  endfacet
  facet normal -9.994580e-01 0.000000e+00 -3.291825e-02
    outer loop
      vertex   6.830337e+01 7.474616e+01 -8.624891e+00
      vertex   6.830337e+01 7.974616e+01 -8.624891e+00
      vertex   6.831209e+01 7.474616e+01 -8.889692e+00
    endloop
  endfacet
  facet normal -9.994580e-01 0.000000e+00 -3.291825e-02
    outer loop
      vertex   6.831209e+01 7.474616e+01 -8.889692e+00
      vertex   6.830337e+01 7.974616e+01 -8.624891e+00
      vertex   6.831209e+01 7.974616e+01 -8.889692e+00
    endloop
  endfacet
  facet normal -9.874052e-01 0.000000e+00 -1.582118e-01
    outer loop
      vertex   6.959469e+01 7.474616e+01 -2.177554e+01
      vertex   6.959469e+01 7.974616e+01 -2.177554e+01
      vertex   6.964187e+01 7.474616e+01 -2.206996e+01
    endloop
  endfacet
  facet normal -9.874052e-01 0.000000e+00 -1.582118e-01
    outer loop
      vertex   6.964187e+01 7.474616e+01 -2.206996e+01
      vertex   6.959469e+01 7.974616e+01 -2.177554e+01
      vertex   6.964187e+01 7.974616e+01 -2.206996e+01
    endloop
  endfacet
  facet normal -9.615457e-01 0.000000e+00 -2.746449e-01
    outer loop
      vertex   6.964187e+01 7.474616e+01 -2.206996e+01
      vertex   6.964187e+01 7.974616e+01 -2.206996e+01
      vertex   6.972376e+01 7.474616e+01 -2.235667e+01
    endloop
  endfacet
  facet normal -9.615457e-01 -2.342583e-15 -2.746449e-01
    outer loop
      vertex   6.972376e+01 7.474616e+01 -2.235667e+01
      vertex   6.964187e+01 7.974616e+01 -2.206996e+01
      vertex   6.972376e+01 7.974616e+01 -2.235667e+01
    endloop
  endfacet
  facet normal -9.220079e-01 -2.070301e-15 -3.871711e-01
    outer loop
      vertex   6.972376e+01 7.474616e+01 -2.235667e+01
      vertex   6.972376e+01 7.974616e+01 -2.235667e+01
      vertex   6.983920e+01 7.474616e+01 -2.263159e+01
    endloop
  endfacet
  facet normal -9.220079e-01 0.000000e+00 -3.871711e-01
    outer loop
      vertex   6.983920e+01 7.474616e+01 -2.263159e+01
      vertex   6.972376e+01 7.974616e+01 -2.235667e+01
      vertex   6.983920e+01 7.974616e+01 -2.263159e+01
    endloop
  endfacet
  facet normal -8.693541e-01 0.000000e+00 -4.941897e-01
    outer loop
      vertex   6.983920e+01 7.474616e+01 -2.263159e+01
      vertex   6.983920e+01 7.974616e+01 -2.263159e+01
      vertex   6.998656e+01 7.474616e+01 -2.289081e+01
    endloop
  endfacet
  facet normal -8.693541e-01 0.000000e+00 -4.941897e-01
    outer loop
      vertex   6.998656e+01 7.474616e+01 -2.289081e+01
      vertex   6.983920e+01 7.974616e+01 -2.263159e+01
      vertex   6.998656e+01 7.974616e+01 -2.289081e+01
    endloop
  endfacet
  facet normal -8.043334e-01 0.000000e+00 -5.941782e-01
    outer loop
      vertex   6.998656e+01 7.474616e+01 -2.289081e+01
      vertex   6.998656e+01 7.974616e+01 -2.289081e+01
      vertex   7.016373e+01 7.474616e+01 -2.313064e+01
    endloop
  endfacet
  facet normal -8.043334e-01 0.000000e+00 -5.941782e-01
    outer loop
      vertex   7.016373e+01 7.474616e+01 -2.313064e+01
      vertex   6.998656e+01 7.974616e+01 -2.289081e+01
      vertex   7.016373e+01 7.974616e+01 -2.313064e+01
    endloop
  endfacet
  facet normal -7.278708e-01 0.000000e+00 -6.857143e-01
    outer loop
      vertex   7.016373e+01 7.474616e+01 -2.313064e+01
      vertex   7.016373e+01 7.974616e+01 -2.313064e+01
      vertex   7.036819e+01 7.474616e+01 -2.334767e+01
    endloop
  endfacet
  facet normal -7.278708e-01 0.000000e+00 -6.857143e-01
    outer loop
      vertex   7.036819e+01 7.474616e+01 -2.334767e+01
      vertex   7.016373e+01 7.974616e+01 -2.313064e+01
      vertex   7.036819e+01 7.974616e+01 -2.334767e+01
    endloop
  endfacet
  facet normal -6.410539e-01 0.000000e+00 -7.674959e-01
    outer loop
      vertex   7.036819e+01 7.474616e+01 -2.334767e+01
      vertex   7.036819e+01 7.974616e+01 -2.334767e+01
      vertex   7.059704e+01 7.474616e+01 -2.353882e+01
    endloop
  endfacet
  facet normal -6.410539e-01 0.000000e+00 -7.674959e-01
    outer loop
      vertex   7.059704e+01 7.474616e+01 -2.353882e+01
      vertex   7.036819e+01 7.974616e+01 -2.334767e+01
      vertex   7.059704e+01 7.974616e+01 -2.353882e+01
    endloop
  endfacet
  facet normal -5.451178e-01 0.000000e+00 -8.383595e-01
    outer loop
      vertex   7.059704e+01 7.474616e+01 -2.353882e+01
      vertex   7.059704e+01 7.974616e+01 -2.353882e+01
      vertex   7.084702e+01 7.474616e+01 -2.370136e+01
    endloop
  endfacet
  facet normal -5.451178e-01 0.000000e+00 -8.383595e-01
    outer loop
      vertex   7.084702e+01 7.474616e+01 -2.370136e+01
      vertex   7.059704e+01 7.974616e+01 -2.353882e+01
      vertex   7.084702e+01 7.974616e+01 -2.370136e+01
    endloop
  endfacet
  facet normal -4.414272e-01 0.000000e+00 -8.972971e-01
    outer loop
      vertex   7.084702e+01 7.474616e+01 -2.370136e+01
      vertex   7.084702e+01 7.974616e+01 -2.370136e+01
      vertex   7.111457e+01 7.474616e+01 -2.383298e+01
    endloop
  endfacet
  facet normal -4.414272e-01 0.000000e+00 -8.972971e-01
    outer loop
      vertex   7.111457e+01 7.474616e+01 -2.383298e+01
      vertex   7.084702e+01 7.974616e+01 -2.370136e+01
      vertex   7.111457e+01 7.974616e+01 -2.383298e+01
    endloop
  endfacet
  facet normal -3.314570e-01 0.000000e+00 -9.434703e-01
    outer loop
      vertex   7.111457e+01 7.474616e+01 -2.383298e+01
      vertex   7.111457e+01 7.974616e+01 -2.383298e+01
      vertex   7.139589e+01 7.474616e+01 -2.393182e+01
    endloop
  endfacet
  facet normal -3.314570e-01 6.703760e-16 -9.434703e-01
    outer loop
      vertex   7.139589e+01 7.474616e+01 -2.393182e+01
      vertex   7.111457e+01 7.974616e+01 -2.383298e+01
      vertex   7.139589e+01 7.974616e+01 -2.393182e+01
    endloop
  endfacet
  facet normal -2.167718e-01 6.936477e-16 -9.762223e-01
    outer loop
      vertex   7.139589e+01 7.474616e+01 -2.393182e+01
      vertex   7.139589e+01 7.974616e+01 -2.393182e+01
      vertex   7.168698e+01 7.474616e+01 -2.399645e+01
    endloop
  endfacet
  facet normal -2.167718e-01 6.936477e-16 -9.762223e-01
    outer loop
      vertex   7.168698e+01 7.474616e+01 -2.399645e+01
      vertex   7.139589e+01 7.974616e+01 -2.393182e+01
      vertex   7.168698e+01 7.974616e+01 -2.399645e+01
    endloop
  endfacet
  facet normal -9.900295e-02 7.070519e-16 -9.950871e-01
    outer loop
      vertex   7.168698e+01 7.474616e+01 -2.399645e+01
      vertex   7.168698e+01 7.974616e+01 -2.399645e+01
      vertex   7.198369e+01 7.474616e+01 -2.402597e+01
    endloop
  endfacet
  facet normal -9.900295e-02 0.000000e+00 -9.950871e-01
    outer loop
      vertex   7.198369e+01 7.474616e+01 -2.402597e+01
      vertex   7.168698e+01 7.974616e+01 -2.399645e+01
      vertex   7.198369e+01 7.974616e+01 -2.402597e+01
    endloop
  endfacet
  facet normal 2.017429e-02 0.000000e+00 -9.997965e-01
    outer loop
      vertex   7.198369e+01 7.474616e+01 -2.402597e+01
      vertex   7.198369e+01 7.974616e+01 -2.402597e+01
      vertex   7.228180e+01 7.474616e+01 -2.401996e+01
    endloop
  endfacet
  facet normal 2.017429e-02 0.000000e+00 -9.997965e-01
    outer loop
      vertex   7.228180e+01 7.474616e+01 -2.401996e+01
      vertex   7.198369e+01 7.974616e+01 -2.402597e+01
      vertex   7.228180e+01 7.974616e+01 -2.401996e+01
    endloop
  endfacet
  facet normal 1.390645e-01 0.000000e+00 -9.902833e-01
    outer loop
      vertex   7.228180e+01 7.474616e+01 -2.401996e+01
      vertex   7.228180e+01 7.974616e+01 -2.401996e+01
      vertex   7.257708e+01 7.474616e+01 -2.397849e+01
    endloop
  endfacet
  facet normal 1.390645e-01 0.000000e+00 -9.902833e-01
    outer loop
      vertex   7.257708e+01 7.474616e+01 -2.397849e+01
      vertex   7.228180e+01 7.974616e+01 -2.401996e+01
      vertex   7.257708e+01 7.974616e+01 -2.397849e+01
    endloop
  endfacet
  facet normal 2.559765e-01 0.000000e+00 -9.666830e-01
    outer loop
      vertex   7.257708e+01 7.474616e+01 -2.397849e+01
      vertex   7.257708e+01 7.974616e+01 -2.397849e+01
      vertex   7.286532e+01 7.474616e+01 -2.390217e+01
    endloop
  endfacet
  facet normal 2.559765e-01 0.000000e+00 -9.666830e-01
    outer loop
      vertex   7.286532e+01 7.474616e+01 -2.390217e+01
      vertex   7.257708e+01 7.974616e+01 -2.397849e+01
      vertex   7.286532e+01 7.974616e+01 -2.390217e+01
    endloop
  endfacet
  facet normal 3.692472e-01 0.000000e+00 -9.293312e-01
    outer loop
      vertex   7.286532e+01 7.474616e+01 -2.390217e+01
      vertex   7.286532e+01 7.974616e+01 -2.390217e+01
      vertex   7.314242e+01 7.474616e+01 -2.379207e+01
    endloop
  endfacet
  facet normal 3.692472e-01 0.000000e+00 -9.293312e-01
    outer loop
      vertex   7.314242e+01 7.474616e+01 -2.379207e+01
      vertex   7.286532e+01 7.974616e+01 -2.390217e+01
      vertex   7.314242e+01 7.974616e+01 -2.379207e+01
    endloop
  endfacet
  facet normal 4.772651e-01 0.000000e+00 -8.787594e-01
    outer loop
      vertex   7.314242e+01 7.474616e+01 -2.379207e+01
      vertex   7.314242e+01 7.974616e+01 -2.379207e+01
      vertex   7.340445e+01 7.474616e+01 -2.364976e+01
    endloop
  endfacet
  facet normal 4.772651e-01 0.000000e+00 -8.787594e-01
    outer loop
      vertex   7.340445e+01 7.474616e+01 -2.364976e+01
      vertex   7.314242e+01 7.974616e+01 -2.379207e+01
      vertex   7.340445e+01 7.974616e+01 -2.364976e+01
    endloop
  endfacet
  facet normal 5.784938e-01 0.000000e+00 -8.156868e-01
    outer loop
      vertex   7.340445e+01 7.474616e+01 -2.364976e+01
      vertex   7.340445e+01 7.974616e+01 -2.364976e+01
      vertex   7.364767e+01 7.474616e+01 -2.347726e+01
    endloop
  endfacet
  facet normal 5.784938e-01 0.000000e+00 -8.156868e-01
    outer loop
      vertex   7.364767e+01 7.474616e+01 -2.347726e+01
      vertex   7.340445e+01 7.974616e+01 -2.364976e+01
      vertex   7.364767e+01 7.974616e+01 -2.347726e+01
    endloop
  endfacet
  facet normal 6.714932e-01 0.000000e+00 -7.410108e-01
    outer loop
      vertex   7.364767e+01 7.474616e+01 -2.347726e+01
      vertex   7.364767e+01 7.974616e+01 -2.347726e+01
      vertex   7.386862e+01 7.474616e+01 -2.327704e+01
    endloop
  endfacet
  facet normal 6.714932e-01 0.000000e+00 -7.410108e-01
    outer loop
      vertex   7.386862e+01 7.474616e+01 -2.327704e+01
      vertex   7.364767e+01 7.974616e+01 -2.347726e+01
      vertex   7.386862e+01 7.974616e+01 -2.327704e+01
    endloop
  endfacet
  facet normal 7.549403e-01 0.000000e+00 -6.557936e-01
    outer loop
      vertex   7.386862e+01 7.474616e+01 -2.327704e+01
      vertex   7.386862e+01 7.974616e+01 -2.327704e+01
      vertex   7.406416e+01 7.474616e+01 -2.305194e+01
    endloop
  endfacet
  facet normal 7.549403e-01 0.000000e+00 -6.557936e-01
    outer loop
      vertex   7.406416e+01 7.474616e+01 -2.305194e+01
      vertex   7.386862e+01 7.974616e+01 -2.327704e+01
      vertex   7.406416e+01 7.974616e+01 -2.305194e+01
    endloop
  endfacet
  facet normal 8.276481e-01 0.000000e+00 -5.612474e-01
    outer loop
      vertex   7.406416e+01 7.474616e+01 -2.305194e+01
      vertex   7.406416e+01 7.974616e+01 -2.305194e+01
      vertex   7.423151e+01 7.474616e+01 -2.280515e+01
    endloop
  endfacet
  facet normal 8.276481e-01 2.352317e-15 -5.612474e-01
    outer loop
      vertex   7.423151e+01 7.474616e+01 -2.280515e+01
      vertex   7.406416e+01 7.974616e+01 -2.305194e+01
      vertex   7.423151e+01 7.974616e+01 -2.280515e+01
    endloop
  endfacet
  facet normal 8.885822e-01 2.525503e-15 -4.587174e-01
    outer loop
      vertex   7.423151e+01 7.474616e+01 -2.280515e+01
      vertex   7.423151e+01 7.974616e+01 -2.280515e+01
      vertex   7.436829e+01 7.474616e+01 -2.254020e+01
    endloop
  endfacet
  facet normal 8.885822e-01 0.000000e+00 -4.587174e-01
    outer loop
      vertex   7.436829e+01 7.474616e+01 -2.254020e+01
      vertex   7.423151e+01 7.974616e+01 -2.280515e+01
      vertex   7.436829e+01 7.974616e+01 -2.254020e+01
    endloop
  endfacet
  facet normal 9.368760e-01 0.000000e+00 -3.496618e-01
    outer loop
      vertex   7.436829e+01 7.474616e+01 -2.254020e+01
      vertex   7.436829e+01 7.974616e+01 -2.254020e+01
      vertex   7.447255e+01 7.474616e+01 -2.226084e+01
    endloop
  endfacet
  facet normal 9.368760e-01 0.000000e+00 -3.496618e-01
    outer loop
      vertex   7.447255e+01 7.474616e+01 -2.226084e+01
      vertex   7.436829e+01 7.974616e+01 -2.254020e+01
      vertex   7.447255e+01 7.974616e+01 -2.226084e+01
    endloop
  endfacet
  facet normal 9.718423e-01 0.000000e+00 -2.356322e-01
    outer loop
      vertex   7.447255e+01 7.474616e+01 -2.226084e+01
      vertex   7.447255e+01 7.974616e+01 -2.226084e+01
      vertex   7.454281e+01 7.474616e+01 -2.197107e+01
    endloop
  endfacet
  facet normal 9.718423e-01 0.000000e+00 -2.356322e-01
    outer loop
      vertex   7.454281e+01 7.474616e+01 -2.197107e+01
      vertex   7.447255e+01 7.974616e+01 -2.226084e+01
      vertex   7.454281e+01 7.974616e+01 -2.197107e+01
    endloop
  endfacet
  facet normal 9.929838e-01 0.000000e+00 -1.182507e-01
    outer loop
      vertex   7.454281e+01 7.474616e+01 -2.197107e+01
      vertex   7.454281e+01 7.974616e+01 -2.197107e+01
      vertex   7.457807e+01 7.474616e+01 -2.167498e+01
    endloop
  endfacet
  facet normal 9.929838e-01 0.000000e+00 -1.182507e-01
    outer loop
      vertex   7.457807e+01 7.474616e+01 -2.167498e+01
      vertex   7.454281e+01 7.974616e+01 -2.197107e+01
      vertex   7.457807e+01 7.974616e+01 -2.167498e+01
    endloop
  endfacet
  facet normal 9.997961e-01 0.000000e+00 -2.019318e-02
    outer loop
      vertex   7.757287e+01 7.474616e+01 2.914855e+01
      vertex   7.757287e+01 7.974616e+01 2.914855e+01
      vertex   7.758146e+01 7.474616e+01 2.957365e+01
    endloop
  endfacet
  facet normal 9.997961e-01 0.000000e+00 -2.019318e-02
    outer loop
      vertex   7.758146e+01 7.474616e+01 2.957365e+01
      vertex   7.757287e+01 7.974616e+01 2.914855e+01
      vertex   7.758146e+01 7.974616e+01 2.957365e+01
    endloop
  endfacet
  facet normal 9.983684e-01 -0.000000e+00 5.710029e-02
    outer loop
      vertex   7.758146e+01 7.474616e+01 2.957365e+01
      vertex   7.758146e+01 7.974616e+01 2.957365e+01
      vertex   7.755718e+01 7.474616e+01 2.999814e+01
    endloop
  endfacet
  facet normal 9.983684e-01 -0.000000e+00 5.710029e-02
    outer loop
      vertex   7.755718e+01 7.474616e+01 2.999814e+01
      vertex   7.758146e+01 7.974616e+01 2.957365e+01
      vertex   7.755718e+01 7.974616e+01 2.999814e+01
    endloop
  endfacet
  facet normal 9.909742e-01 -0.000000e+00 1.340525e-01
    outer loop
      vertex   7.755718e+01 7.474616e+01 2.999814e+01
      vertex   7.755718e+01 7.974616e+01 2.999814e+01
      vertex   7.750018e+01 7.474616e+01 3.041949e+01
    endloop
  endfacet
  facet normal 9.909742e-01 -0.000000e+00 1.340525e-01
    outer loop
      vertex   7.750018e+01 7.474616e+01 3.041949e+01
      vertex   7.755718e+01 7.974616e+01 2.999814e+01
      vertex   7.750018e+01 7.974616e+01 3.041949e+01
    endloop
  endfacet
  facet normal 9.776576e-01 -0.000000e+00 2.102036e-01
    outer loop
      vertex   7.750018e+01 7.474616e+01 3.041949e+01
      vertex   7.750018e+01 7.974616e+01 3.041949e+01
      vertex   7.741081e+01 7.474616e+01 3.083518e+01
    endloop
  endfacet
  facet normal 9.776576e-01 -0.000000e+00 2.102036e-01
    outer loop
      vertex   7.741081e+01 7.474616e+01 3.083518e+01
      vertex   7.750018e+01 7.974616e+01 3.041949e+01
      vertex   7.741081e+01 7.974616e+01 3.083518e+01
    endloop
  endfacet
  facet normal -9.557790e-01 0.000000e+00 2.940858e-01
    outer loop
      vertex   6.987055e+01 7.974616e+01 -3.293908e+00
      vertex   6.839070e+01 7.974616e+01 -8.103428e+00
      vertex   6.987055e+01 7.474616e+01 -3.293908e+00
    endloop
  endfacet
  facet normal -9.557790e-01 0.000000e+00 2.940858e-01
    outer loop
      vertex   6.987055e+01 7.474616e+01 -3.293908e+00
      vertex   6.839070e+01 7.974616e+01 -8.103428e+00
      vertex   6.839070e+01 7.474616e+01 -8.103428e+00
    endloop
  endfacet
  facet normal -9.950828e-01 -0.000000e+00 -9.904616e-02
    outer loop
      vertex   6.831209e+01 7.974616e+01 -8.889692e+00
      vertex   6.959469e+01 7.974616e+01 -2.177554e+01
      vertex   6.831209e+01 7.474616e+01 -8.889692e+00
    endloop
  endfacet
  facet normal -9.950828e-01 0.000000e+00 -9.904616e-02
    outer loop
      vertex   6.831209e+01 7.474616e+01 -8.889692e+00
      vertex   6.959469e+01 7.974616e+01 -2.177554e+01
      vertex   6.959469e+01 7.474616e+01 -2.177554e+01
    endloop
  endfacet
  facet normal 9.982684e-01 0.000000e+00 -5.882353e-02
    outer loop
      vertex   7.457807e+01 7.974616e+01 -2.167498e+01
      vertex   7.757287e+01 7.974616e+01 2.914855e+01
      vertex   7.457807e+01 7.474616e+01 -2.167498e+01
    endloop
  endfacet
  facet normal 9.982684e-01 0.000000e+00 -5.882353e-02
    outer loop
      vertex   7.457807e+01 7.474616e+01 -2.167498e+01
      vertex   7.757287e+01 7.974616e+01 2.914855e+01
      vertex   7.757287e+01 7.474616e+01 2.914855e+01
    endloop
  endfacet
  facet normal -7.031492e-01 -7.071068e-01 -7.470774e-02
    outer loop
      vertex   6.994780e+01 7.474616e+01 -2.494431e+00
      vertex   7.044500e+01 7.424616e+01 -2.441605e+00
      vertex   6.666607e+01 7.474616e+01 2.839317e+01
    endloop
  endfacet
  facet normal -7.031492e-01 -7.071068e-01 -7.470774e-02
    outer loop
      vertex   6.666607e+01 7.474616e+01 2.839317e+01
      vertex   7.044500e+01 7.424616e+01 -2.441605e+00
      vertex   6.715846e+01 7.424616e+01 2.849126e+01
    endloop
  endfacet
  facet normal -7.064766e-01 -7.066548e-01 -3.911270e-02
    outer loop
      vertex   7.044500e+01 7.424616e+01 -2.441605e+00
      vertex   6.994780e+01 7.474616e+01 -2.494431e+00
      vertex   7.045896e+01 7.424616e+01 -2.693829e+00
    endloop
  endfacet
  facet normal -7.043823e-01 -7.093032e-01 -2.710300e-02
    outer loop
      vertex   7.045896e+01 7.424616e+01 -2.693829e+00
      vertex   6.994780e+01 7.474616e+01 -2.494431e+00
      vertex   6.995815e+01 7.474616e+01 -2.763594e+00
    endloop
  endfacet
  facet normal -7.084236e-01 -7.050409e-01 3.245480e-02
    outer loop
      vertex   7.045896e+01 7.424616e+01 -2.693829e+00
      vertex   6.995815e+01 7.474616e+01 -2.763594e+00
      vertex   7.044740e+01 7.424616e+01 -2.946175e+00
    endloop
  endfacet
  facet normal -7.006409e-01 -7.102952e-01 6.769828e-02
    outer loop
      vertex   7.044740e+01 7.424616e+01 -2.946175e+00
      vertex   6.995815e+01 7.474616e+01 -2.763594e+00
      vertex   6.993225e+01 7.474616e+01 -3.031708e+00
    endloop
  endfacet
  facet normal -7.015319e-01 -7.050409e-01 1.037798e-01
    outer loop
      vertex   7.044740e+01 7.424616e+01 -2.946175e+00
      vertex   6.993225e+01 7.474616e+01 -3.031708e+00
      vertex   7.041044e+01 7.424616e+01 -3.196067e+00
    endloop
  endfacet
  facet normal -6.861625e-01 -7.093032e-01 1.614621e-01
    outer loop
      vertex   7.041044e+01 7.424616e+01 -3.196067e+00
      vertex   6.993225e+01 7.474616e+01 -3.031708e+00
      vertex   6.987055e+01 7.474616e+01 -3.293908e+00
    endloop
  endfacet
  facet normal -6.859187e-01 -7.066548e-01 1.736506e-01
    outer loop
      vertex   7.041044e+01 7.424616e+01 -3.196067e+00
      vertex   6.987055e+01 7.474616e+01 -3.293908e+00
      vertex   7.034844e+01 7.424616e+01 -3.440951e+00
    endloop
  endfacet
  facet normal -6.758378e-01 -7.071068e-01 2.079501e-01
    outer loop
      vertex   6.987055e+01 7.474616e+01 -3.293908e+00
      vertex   6.839070e+01 7.474616e+01 -8.103428e+00
      vertex   7.034844e+01 7.424616e+01 -3.440951e+00
    endloop
  endfacet
  facet normal -6.758378e-01 -7.071068e-01 2.079501e-01
    outer loop
      vertex   7.034844e+01 7.424616e+01 -3.440951e+00
      vertex   6.839070e+01 7.474616e+01 -8.103428e+00
      vertex   6.886859e+01 7.424616e+01 -8.250471e+00
    endloop
  endfacet
  facet normal -6.888835e-01 -7.063291e-01 1.629074e-01
    outer loop
      vertex   6.886859e+01 7.424616e+01 -8.250471e+00
      vertex   6.839070e+01 7.474616e+01 -8.103428e+00
      vertex   6.882286e+01 7.424616e+01 -8.443846e+00
    endloop
  endfacet
  facet normal -6.888835e-01 -7.063291e-01 1.629074e-01
    outer loop
      vertex   6.882286e+01 7.424616e+01 -8.443846e+00
      vertex   6.839070e+01 7.474616e+01 -8.103428e+00
      vertex   6.832973e+01 7.474616e+01 -8.361261e+00
    endloop
  endfacet
  facet normal -7.043722e-01 -7.063291e-01 7.042043e-02
    outer loop
      vertex   6.882286e+01 7.424616e+01 -8.443846e+00
      vertex   6.832973e+01 7.474616e+01 -8.361261e+00
      vertex   6.880309e+01 7.424616e+01 -8.641568e+00
    endloop
  endfacet
  facet normal -7.043722e-01 -7.063291e-01 7.042043e-02
    outer loop
      vertex   6.880309e+01 7.424616e+01 -8.641568e+00
      vertex   6.832973e+01 7.474616e+01 -8.361261e+00
      vertex   6.830337e+01 7.474616e+01 -8.624891e+00
    endloop
  endfacet
  facet normal -7.075000e-01 -7.063291e-01 -2.330229e-02
    outer loop
      vertex   6.880309e+01 7.424616e+01 -8.641568e+00
      vertex   6.830337e+01 7.474616e+01 -8.624891e+00
      vertex   6.880963e+01 7.424616e+01 -8.840169e+00
    endloop
  endfacet
  facet normal -7.075000e-01 -7.063291e-01 -2.330229e-02
    outer loop
      vertex   6.880963e+01 7.424616e+01 -8.840169e+00
      vertex   6.830337e+01 7.474616e+01 -8.624891e+00
      vertex   6.831209e+01 7.474616e+01 -8.889692e+00
    endloop
  endfacet
  facet normal -7.036298e-01 -7.071068e-01 -7.003621e-02
    outer loop
      vertex   6.831209e+01 7.474616e+01 -8.889692e+00
      vertex   6.959469e+01 7.474616e+01 -2.177554e+01
      vertex   6.880963e+01 7.424616e+01 -8.840169e+00
    endloop
  endfacet
  facet normal -7.036298e-01 -7.071068e-01 -7.003621e-02
    outer loop
      vertex   6.880963e+01 7.424616e+01 -8.840169e+00
      vertex   6.959469e+01 7.474616e+01 -2.177554e+01
      vertex   7.009223e+01 7.424616e+01 -2.172601e+01
    endloop
  endfacet
  facet normal -6.988225e-01 -7.064767e-01 -1.119722e-01
    outer loop
      vertex   6.959469e+01 7.474616e+01 -2.177554e+01
      vertex   6.964187e+01 7.474616e+01 -2.206996e+01
      vertex   7.009223e+01 7.424616e+01 -2.172601e+01
    endloop
  endfacet
  facet normal -6.963776e-01 -7.080082e-01 -1.174000e-01
    outer loop
      vertex   7.009223e+01 7.424616e+01 -2.172601e+01
      vertex   6.964187e+01 7.474616e+01 -2.206996e+01
      vertex   7.013729e+01 7.424616e+01 -2.199327e+01
    endloop
  endfacet
  facet normal -6.816627e-01 -7.052850e-01 -1.947023e-01
    outer loop
      vertex   7.013729e+01 7.424616e+01 -2.199327e+01
      vertex   6.964187e+01 7.474616e+01 -2.206996e+01
      vertex   6.972376e+01 7.474616e+01 -2.235667e+01
    endloop
  endfacet
  facet normal -6.729225e-01 -7.092481e-01 -2.101008e-01
    outer loop
      vertex   7.013729e+01 7.424616e+01 -2.199327e+01
      vertex   6.972376e+01 7.474616e+01 -2.235667e+01
      vertex   7.021806e+01 7.424616e+01 -2.225197e+01
    endloop
  endfacet
  facet normal -6.543837e-01 -7.044661e-01 -2.747899e-01
    outer loop
      vertex   7.021806e+01 7.424616e+01 -2.225197e+01
      vertex   6.972376e+01 7.474616e+01 -2.235667e+01
      vertex   6.983920e+01 7.474616e+01 -2.263159e+01
    endloop
  endfacet
  facet normal -6.376346e-01 -7.100199e-01 -2.988207e-01
    outer loop
      vertex   7.021806e+01 7.424616e+01 -2.225197e+01
      vertex   6.983920e+01 7.474616e+01 -2.263159e+01
      vertex   7.033307e+01 7.424616e+01 -2.249738e+01
    endloop
  endfacet
  facet normal -6.173947e-01 -7.040238e-01 -3.509618e-01
    outer loop
      vertex   7.033307e+01 7.424616e+01 -2.249738e+01
      vertex   6.983920e+01 7.474616e+01 -2.263159e+01
      vertex   6.998656e+01 7.474616e+01 -2.289081e+01
    endloop
  endfacet
  facet normal -5.911187e-01 -7.103280e-01 -3.821163e-01
    outer loop
      vertex   7.033307e+01 7.424616e+01 -2.249738e+01
      vertex   6.998656e+01 7.474616e+01 -2.289081e+01
      vertex   7.048020e+01 7.424616e+01 -2.272499e+01
    endloop
  endfacet
  facet normal -5.712690e-01 -7.039606e-01 -4.220086e-01
    outer loop
      vertex   7.048020e+01 7.424616e+01 -2.272499e+01
      vertex   6.998656e+01 7.474616e+01 -2.289081e+01
      vertex   7.016373e+01 7.474616e+01 -2.313064e+01
    endloop
  endfacet
  facet normal -5.341472e-01 -7.101740e-01 -4.586280e-01
    outer loop
      vertex   7.048020e+01 7.424616e+01 -2.272499e+01
      vertex   7.016373e+01 7.474616e+01 -2.313064e+01
      vertex   7.065675e+01 7.424616e+01 -2.293061e+01
    endloop
  endfacet
  facet normal -5.167341e-01 -7.042766e-01 -4.868062e-01
    outer loop
      vertex   7.065675e+01 7.424616e+01 -2.293061e+01
      vertex   7.016373e+01 7.474616e+01 -2.313064e+01
      vertex   7.036819e+01 7.474616e+01 -2.334767e+01
    endloop
  endfacet
  facet normal -4.676492e-01 -7.095572e-01 -5.270985e-01
    outer loop
      vertex   7.065675e+01 7.424616e+01 -2.293061e+01
      vertex   7.036819e+01 7.474616e+01 -2.334767e+01
      vertex   7.085949e+01 7.424616e+01 -2.311048e+01
    endloop
  endfacet
  facet normal -4.546590e-01 -7.049704e-01 -5.443362e-01
    outer loop
      vertex   7.085949e+01 7.424616e+01 -2.311048e+01
      vertex   7.036819e+01 7.474616e+01 -2.334767e+01
      vertex   7.059704e+01 7.474616e+01 -2.353882e+01
    endloop
  endfacet
  facet normal -3.926980e-01 -7.084739e-01 -5.863898e-01
    outer loop
      vertex   7.085949e+01 7.424616e+01 -2.311048e+01
      vertex   7.059704e+01 7.474616e+01 -2.353882e+01
      vertex   7.108468e+01 7.424616e+01 -2.326129e+01
    endloop
  endfacet
  facet normal -3.860380e-01 -7.060384e-01 -5.937040e-01
    outer loop
      vertex   7.108468e+01 7.424616e+01 -2.326129e+01
      vertex   7.059704e+01 7.474616e+01 -2.353882e+01
      vertex   7.084702e+01 7.474616e+01 -2.370136e+01
    endloop
  endfacet
  facet normal -3.122028e-01 -7.069558e-01 -6.346203e-01
    outer loop
      vertex   7.108468e+01 7.424616e+01 -2.326129e+01
      vertex   7.084702e+01 7.474616e+01 -2.370136e+01
      vertex   7.111457e+01 7.474616e+01 -2.383298e+01
    endloop
  endfacet
  facet normal -3.102459e-01 -7.074896e-01 -6.349849e-01
    outer loop
      vertex   7.108468e+01 7.424616e+01 -2.326129e+01
      vertex   7.111457e+01 7.474616e+01 -2.383298e+01
      vertex   7.132819e+01 7.424616e+01 -2.338026e+01
    endloop
  endfacet
  facet normal -2.348603e-01 -7.056411e-01 -6.685142e-01
    outer loop
      vertex   7.132819e+01 7.424616e+01 -2.338026e+01
      vertex   7.111457e+01 7.474616e+01 -2.383298e+01
      vertex   7.139589e+01 7.474616e+01 -2.393182e+01
    endloop
  endfacet
  facet normal -2.211083e-01 -7.088871e-01 -6.697688e-01
    outer loop
      vertex   7.132819e+01 7.424616e+01 -2.338026e+01
      vertex   7.139589e+01 7.474616e+01 -2.393182e+01
      vertex   7.158555e+01 7.424616e+01 -2.346522e+01
    endloop
  endfacet
  facet normal -1.538013e-01 -7.046974e-01 -6.926376e-01
    outer loop
      vertex   7.158555e+01 7.424616e+01 -2.346522e+01
      vertex   7.139589e+01 7.474616e+01 -2.393182e+01
      vertex   7.168698e+01 7.474616e+01 -2.399645e+01
    endloop
  endfacet
  facet normal -1.283557e-01 -7.098144e-01 -6.925954e-01
    outer loop
      vertex   7.158555e+01 7.424616e+01 -2.346522e+01
      vertex   7.168698e+01 7.474616e+01 -2.399645e+01
      vertex   7.185203e+01 7.424616e+01 -2.351461e+01
    endloop
  endfacet
  facet normal -7.029921e-02 -7.041292e-01 -7.065834e-01
    outer loop
      vertex   7.185203e+01 7.424616e+01 -2.351461e+01
      vertex   7.168698e+01 7.474616e+01 -2.399645e+01
      vertex   7.198369e+01 7.474616e+01 -2.402597e+01
    endloop
  endfacet
  facet normal -3.351639e-02 -7.102767e-01 -7.031242e-01
    outer loop
      vertex   7.185203e+01 7.424616e+01 -2.351461e+01
      vertex   7.198369e+01 7.474616e+01 -2.402597e+01
      vertex   7.212275e+01 7.424616e+01 -2.352752e+01
    endloop
  endfacet
  facet normal 1.432899e-02 -7.039395e-01 -7.101154e-01
    outer loop
      vertex   7.212275e+01 7.424616e+01 -2.352752e+01
      vertex   7.198369e+01 7.474616e+01 -2.402597e+01
      vertex   7.228180e+01 7.474616e+01 -2.401996e+01
    endloop
  endfacet
  facet normal 6.185340e-02 -7.102767e-01 -7.011998e-01
    outer loop
      vertex   7.212275e+01 7.424616e+01 -2.352752e+01
      vertex   7.228180e+01 7.474616e+01 -2.401996e+01
      vertex   7.239272e+01 7.424616e+01 -2.350370e+01
    endloop
  endfacet
  facet normal 9.874582e-02 -7.041292e-01 -7.031723e-01
    outer loop
      vertex   7.239272e+01 7.424616e+01 -2.350370e+01
      vertex   7.228180e+01 7.474616e+01 -2.401996e+01
      vertex   7.257708e+01 7.474616e+01 -2.397849e+01
    endloop
  endfacet
  facet normal 1.561907e-01 -7.098144e-01 -6.868537e-01
    outer loop
      vertex   7.239272e+01 7.424616e+01 -2.350370e+01
      vertex   7.257708e+01 7.474616e+01 -2.397849e+01
      vertex   7.265699e+01 7.424616e+01 -2.344360e+01
    endloop
  endfacet
  facet normal 1.816174e-01 -7.046974e-01 -6.858693e-01
    outer loop
      vertex   7.265699e+01 7.424616e+01 -2.344360e+01
      vertex   7.257708e+01 7.474616e+01 -2.397849e+01
      vertex   7.286532e+01 7.474616e+01 -2.390217e+01
    endloop
  endfacet
  facet normal 2.479470e-01 -7.088871e-01 -6.603040e-01
    outer loop
      vertex   7.265699e+01 7.424616e+01 -2.344360e+01
      vertex   7.286532e+01 7.474616e+01 -2.390217e+01
      vertex   7.291072e+01 7.424616e+01 -2.334833e+01
    endloop
  endfacet
  facet normal 2.616373e-01 -7.056411e-01 -6.584957e-01
    outer loop
      vertex   7.291072e+01 7.424616e+01 -2.334833e+01
      vertex   7.286532e+01 7.474616e+01 -2.390217e+01
      vertex   7.314242e+01 7.474616e+01 -2.379207e+01
    endloop
  endfacet
  facet normal 3.356089e-01 -7.074896e-01 -6.219526e-01
    outer loop
      vertex   7.291072e+01 7.424616e+01 -2.334833e+01
      vertex   7.314242e+01 7.474616e+01 -2.379207e+01
      vertex   7.314923e+01 7.424616e+01 -2.321963e+01
    endloop
  endfacet
  facet normal 3.375495e-01 -7.069558e-01 -6.215094e-01
    outer loop
      vertex   7.314923e+01 7.424616e+01 -2.321963e+01
      vertex   7.314242e+01 7.474616e+01 -2.379207e+01
      vertex   7.340445e+01 7.474616e+01 -2.364976e+01
    endloop
  endfacet
  facet normal 4.096740e-01 -7.060384e-01 -5.776478e-01
    outer loop
      vertex   7.314923e+01 7.424616e+01 -2.321963e+01
      vertex   7.340445e+01 7.474616e+01 -2.364976e+01
      vertex   7.364767e+01 7.474616e+01 -2.347726e+01
    endloop
  endfacet
  facet normal 4.160335e-01 -7.084739e-01 -5.700709e-01
    outer loop
      vertex   7.314923e+01 7.424616e+01 -2.321963e+01
      vertex   7.364767e+01 7.474616e+01 -2.347726e+01
      vertex   7.336815e+01 7.424616e+01 -2.305986e+01
    endloop
  endfacet
  facet normal 4.762476e-01 -7.049704e-01 -5.255520e-01
    outer loop
      vertex   7.336815e+01 7.424616e+01 -2.305986e+01
      vertex   7.364767e+01 7.474616e+01 -2.347726e+01
      vertex   7.386862e+01 7.474616e+01 -2.327704e+01
    endloop
  endfacet
  facet normal 4.885319e-01 -7.095572e-01 -5.078043e-01
    outer loop
      vertex   7.336815e+01 7.424616e+01 -2.305986e+01
      vertex   7.386862e+01 7.474616e+01 -2.327704e+01
      vertex   7.356347e+01 7.424616e+01 -2.287196e+01
    endloop
  endfacet
  facet normal 5.359515e-01 -7.042766e-01 -4.655647e-01
    outer loop
      vertex   7.356347e+01 7.424616e+01 -2.287196e+01
      vertex   7.386862e+01 7.474616e+01 -2.327704e+01
      vertex   7.406416e+01 7.474616e+01 -2.305194e+01
    endloop
  endfacet
  facet normal 5.522136e-01 -7.101740e-01 -4.367070e-01
    outer loop
      vertex   7.356347e+01 7.424616e+01 -2.287196e+01
      vertex   7.406416e+01 7.474616e+01 -2.305194e+01
      vertex   7.373158e+01 7.424616e+01 -2.265938e+01
    endloop
  endfacet
  facet normal 5.878280e-01 -7.039606e-01 -3.986198e-01
    outer loop
      vertex   7.373158e+01 7.424616e+01 -2.265938e+01
      vertex   7.406416e+01 7.474616e+01 -2.305194e+01
      vertex   7.423151e+01 7.474616e+01 -2.280515e+01
    endloop
  endfacet
  facet normal 6.060522e-01 -7.103280e-01 -3.579593e-01
    outer loop
      vertex   7.373158e+01 7.424616e+01 -2.265938e+01
      vertex   7.423151e+01 7.474616e+01 -2.280515e+01
      vertex   7.386941e+01 7.424616e+01 -2.242602e+01
    endloop
  endfacet
  facet normal 6.310501e-01 -7.040238e-01 -3.257702e-01
    outer loop
      vertex   7.386941e+01 7.424616e+01 -2.242602e+01
      vertex   7.423151e+01 7.474616e+01 -2.280515e+01
      vertex   7.436829e+01 7.474616e+01 -2.254020e+01
    endloop
  endfacet
  facet normal 6.491701e-01 -7.100199e-01 -2.728551e-01
    outer loop
      vertex   7.386941e+01 7.424616e+01 -2.242602e+01
      vertex   7.436829e+01 7.474616e+01 -2.254020e+01
      vertex   7.397443e+01 7.424616e+01 -2.217617e+01
    endloop
  endfacet
  facet normal 6.649362e-01 -7.044661e-01 -2.481682e-01
    outer loop
      vertex   7.397443e+01 7.424616e+01 -2.217617e+01
      vertex   7.436829e+01 7.474616e+01 -2.254020e+01
      vertex   7.447255e+01 7.474616e+01 -2.226084e+01
    endloop
  endfacet
  facet normal 6.808503e-01 -7.092481e-01 -1.827839e-01
    outer loop
      vertex   7.397443e+01 7.424616e+01 -2.217617e+01
      vertex   7.447255e+01 7.474616e+01 -2.226084e+01
      vertex   7.404470e+01 7.424616e+01 -2.191442e+01
    endloop
  endfacet
  facet normal 6.889622e-01 -7.052850e-01 -1.670453e-01
    outer loop
      vertex   7.404470e+01 7.424616e+01 -2.191442e+01
      vertex   7.447255e+01 7.474616e+01 -2.226084e+01
      vertex   7.454281e+01 7.474616e+01 -2.197107e+01
    endloop
  endfacet
  facet normal 7.005467e-01 -7.080082e-01 -8.921231e-02
    outer loop
      vertex   7.404470e+01 7.424616e+01 -2.191442e+01
      vertex   7.454281e+01 7.474616e+01 -2.197107e+01
      vertex   7.407893e+01 7.424616e+01 -2.164557e+01
    endloop
  endfacet
  facet normal 7.027707e-01 -7.064767e-01 -8.369031e-02
    outer loop
      vertex   7.407893e+01 7.424616e+01 -2.164557e+01
      vertex   7.454281e+01 7.474616e+01 -2.197107e+01
      vertex   7.457807e+01 7.474616e+01 -2.167498e+01
    endloop
  endfacet
  facet normal 7.058824e-01 -7.071068e-01 -4.159452e-02
    outer loop
      vertex   7.707374e+01 7.424616e+01 2.917796e+01
      vertex   7.407893e+01 7.424616e+01 -2.164557e+01
      vertex   7.757287e+01 7.474616e+01 2.914855e+01
    endloop
  endfacet
  facet normal 7.058824e-01 -7.071068e-01 -4.159452e-02
    outer loop
      vertex   7.757287e+01 7.474616e+01 2.914855e+01
      vertex   7.407893e+01 7.424616e+01 -2.164557e+01
      vertex   7.457807e+01 7.474616e+01 -2.167498e+01
    endloop
  endfacet
  facet normal 7.072268e-01 -7.068424e-01 -1.428407e-02
    outer loop
      vertex   7.707374e+01 7.424616e+01 2.917796e+01
      vertex   7.757287e+01 7.474616e+01 2.914855e+01
      vertex   7.708154e+01 7.424616e+01 2.956441e+01
    endloop
  endfacet
  facet normal 7.072268e-01 -7.068424e-01 -1.428407e-02
    outer loop
      vertex   7.708154e+01 7.424616e+01 2.956441e+01
      vertex   7.757287e+01 7.474616e+01 2.914855e+01
      vertex   7.758146e+01 7.474616e+01 2.957365e+01
    endloop
  endfacet
  facet normal 7.062169e-01 -7.068424e-01 4.039109e-02
    outer loop
      vertex   7.708154e+01 7.424616e+01 2.956441e+01
      vertex   7.758146e+01 7.474616e+01 2.957365e+01
      vertex   7.705947e+01 7.424616e+01 2.995032e+01
    endloop
  endfacet
  facet normal 7.062169e-01 -7.068424e-01 4.039109e-02
    outer loop
      vertex   7.705947e+01 7.424616e+01 2.995032e+01
      vertex   7.758146e+01 7.474616e+01 2.957365e+01
      vertex   7.755718e+01 7.474616e+01 2.999814e+01
    endloop
  endfacet
  facet normal 7.009865e-01 -7.068424e-01 9.482486e-02
    outer loop
      vertex   7.705947e+01 7.424616e+01 2.995032e+01
      vertex   7.755718e+01 7.474616e+01 2.999814e+01
      vertex   7.700766e+01 7.424616e+01 3.033336e+01
    endloop
  endfacet
  facet normal 7.009865e-01 -7.068424e-01 9.482486e-02
    outer loop
      vertex   7.700766e+01 7.424616e+01 3.033336e+01
      vertex   7.755718e+01 7.474616e+01 2.999814e+01
      vertex   7.750018e+01 7.474616e+01 3.041949e+01
    endloop
  endfacet
  facet normal 6.915667e-01 -7.068424e-01 1.486919e-01
    outer loop
      vertex   7.700766e+01 7.424616e+01 3.033336e+01
      vertex   7.750018e+01 7.474616e+01 3.041949e+01
      vertex   7.692641e+01 7.424616e+01 3.071126e+01
    endloop
  endfacet
  facet normal 6.915667e-01 -7.068424e-01 1.486919e-01
    outer loop
      vertex   7.692641e+01 7.424616e+01 3.071126e+01
      vertex   7.750018e+01 7.474616e+01 3.041949e+01
      vertex   7.741081e+01 7.474616e+01 3.083518e+01
    endloop
  endfacet
  facet normal 6.850464e-01 -7.071068e-01 1.752467e-01
    outer loop
      vertex   7.741081e+01 7.474616e+01 3.083518e+01
      vertex   7.249342e+01 7.474616e+01 5.005743e+01
      vertex   7.692641e+01 7.424616e+01 3.071126e+01
    endloop
  endfacet
  facet normal 6.850464e-01 -7.071068e-01 1.752467e-01
    outer loop
      vertex   7.692641e+01 7.424616e+01 3.071126e+01
      vertex   7.249342e+01 7.474616e+01 5.005743e+01
      vertex   7.200902e+01 7.424616e+01 4.993351e+01
    endloop
  endfacet
  facet normal 6.722834e-01 -7.062824e-01 2.218113e-01
    outer loop
      vertex   7.200902e+01 7.424616e+01 4.993351e+01
      vertex   7.249342e+01 7.474616e+01 5.005743e+01
      vertex   7.194492e+01 7.424616e+01 5.012779e+01
    endloop
  endfacet
  facet normal 6.722834e-01 -7.062824e-01 2.218113e-01
    outer loop
      vertex   7.194492e+01 7.424616e+01 5.012779e+01
      vertex   7.249342e+01 7.474616e+01 5.005743e+01
      vertex   7.240796e+01 7.474616e+01 5.031646e+01
    endloop
  endfacet
  facet normal 6.358500e-01 -7.062824e-01 3.112235e-01
    outer loop
      vertex   7.194492e+01 7.424616e+01 5.012779e+01
      vertex   7.240796e+01 7.474616e+01 5.031646e+01
      vertex   7.185499e+01 7.424616e+01 5.031153e+01
    endloop
  endfacet
  facet normal 6.358500e-01 -7.062824e-01 3.112235e-01
    outer loop
      vertex   7.185499e+01 7.424616e+01 5.031153e+01
      vertex   7.240796e+01 7.474616e+01 5.031646e+01
      vertex   7.228804e+01 7.474616e+01 5.056146e+01
    endloop
  endfacet
  facet normal 5.875894e-01 -7.062824e-01 3.948467e-01
    outer loop
      vertex   7.185499e+01 7.424616e+01 5.031153e+01
      vertex   7.228804e+01 7.474616e+01 5.056146e+01
      vertex   7.174089e+01 7.424616e+01 5.048133e+01
    endloop
  endfacet
  facet normal 5.875894e-01 -7.062824e-01 3.948467e-01
    outer loop
      vertex   7.174089e+01 7.424616e+01 5.048133e+01
      vertex   7.228804e+01 7.474616e+01 5.056146e+01
      vertex   7.213591e+01 7.474616e+01 5.078786e+01
    endloop
  endfacet
  facet normal 5.283993e-01 -7.062824e-01 4.711256e-01
    outer loop
      vertex   7.174089e+01 7.424616e+01 5.048133e+01
      vertex   7.213591e+01 7.474616e+01 5.078786e+01
      vertex   7.160474e+01 7.424616e+01 5.063403e+01
    endloop
  endfacet
  facet normal 5.283993e-01 -7.062824e-01 4.711256e-01
    outer loop
      vertex   7.160474e+01 7.424616e+01 5.063403e+01
      vertex   7.213591e+01 7.474616e+01 5.078786e+01
      vertex   7.195438e+01 7.474616e+01 5.099145e+01
    endloop
  endfacet
  facet normal 4.944666e-01 -7.071068e-01 5.054728e-01
    outer loop
      vertex   7.195438e+01 7.474616e+01 5.099145e+01
      vertex   5.733451e+01 7.474616e+01 6.529299e+01
      vertex   7.160474e+01 7.424616e+01 5.063403e+01
    endloop
  endfacet
  facet normal 4.944666e-01 -7.071068e-01 5.054728e-01
    outer loop
      vertex   7.160474e+01 7.424616e+01 5.063403e+01
      vertex   5.733451e+01 7.474616e+01 6.529299e+01
      vertex   5.698487e+01 7.424616e+01 6.493557e+01
    endloop
  endfacet
  facet normal 4.727147e-01 -7.067861e-01 5.263024e-01
    outer loop
      vertex   5.733451e+01 7.474616e+01 6.529299e+01
      vertex   5.701781e+01 7.474616e+01 6.557745e+01
      vertex   5.698487e+01 7.424616e+01 6.493557e+01
    endloop
  endfacet
  facet normal 4.708640e-01 -7.075227e-01 5.269712e-01
    outer loop
      vertex   5.698487e+01 7.424616e+01 6.493557e+01
      vertex   5.701781e+01 7.474616e+01 6.557745e+01
      vertex   5.668187e+01 7.424616e+01 6.520630e+01
    endloop
  endfacet
  facet normal 4.266291e-01 -7.061274e-01 5.651297e-01
    outer loop
      vertex   5.668187e+01 7.424616e+01 6.520630e+01
      vertex   5.701781e+01 7.474616e+01 6.557745e+01
      vertex   5.667805e+01 7.474616e+01 6.583393e+01
    endloop
  endfacet
  facet normal 4.210029e-01 -7.082033e-01 5.667492e-01
    outer loop
      vertex   5.668187e+01 7.424616e+01 6.520630e+01
      vertex   5.667805e+01 7.474616e+01 6.583393e+01
      vertex   5.635569e+01 7.424616e+01 6.544860e+01
    endloop
  endfacet
  facet normal 3.773168e-01 -7.055523e-01 5.998566e-01
    outer loop
      vertex   5.635569e+01 7.424616e+01 6.544860e+01
      vertex   5.667805e+01 7.474616e+01 6.583393e+01
      vertex   5.631771e+01 7.474616e+01 6.606059e+01
    endloop
  endfacet
  facet normal 3.678574e-01 -7.087884e-01 6.019136e-01
    outer loop
      vertex   5.635569e+01 7.424616e+01 6.544860e+01
      vertex   5.631771e+01 7.474616e+01 6.606059e+01
      vertex   5.600898e+01 7.424616e+01 6.566049e+01
    endloop
  endfacet
  facet normal 3.251482e-01 -7.050612e-01 6.302121e-01
    outer loop
      vertex   5.600898e+01 7.424616e+01 6.566049e+01
      vertex   5.631771e+01 7.474616e+01 6.606059e+01
      vertex   5.593940e+01 7.474616e+01 6.625578e+01
    endloop
  endfacet
  facet normal 3.118447e-01 -7.092788e-01 6.321997e-01
    outer loop
      vertex   5.600898e+01 7.424616e+01 6.566049e+01
      vertex   5.593940e+01 7.474616e+01 6.625578e+01
      vertex   5.564457e+01 7.424616e+01 6.584025e+01
    endloop
  endfacet
  facet normal 2.705165e-01 -7.046547e-01 6.559592e-01
    outer loop
      vertex   5.564457e+01 7.424616e+01 6.584025e+01
      vertex   5.593940e+01 7.474616e+01 6.625578e+01
      vertex   5.554586e+01 7.474616e+01 6.641807e+01
    endloop
  endfacet
  facet normal 2.534031e-01 -7.096751e-01 6.573798e-01
    outer loop
      vertex   5.564457e+01 7.424616e+01 6.584025e+01
      vertex   5.554586e+01 7.474616e+01 6.641807e+01
      vertex   5.526543e+01 7.424616e+01 6.598639e+01
    endloop
  endfacet
  facet normal 2.138349e-01 -7.043333e-01 6.768968e-01
    outer loop
      vertex   5.526543e+01 7.424616e+01 6.598639e+01
      vertex   5.554586e+01 7.474616e+01 6.641807e+01
      vertex   5.513993e+01 7.474616e+01 6.654631e+01
    endloop
  endfacet
  facet normal 1.929883e-01 -7.099776e-01 6.772646e-01
    outer loop
      vertex   5.526543e+01 7.424616e+01 6.598639e+01
      vertex   5.513993e+01 7.474616e+01 6.654631e+01
      vertex   5.487466e+01 7.424616e+01 6.609775e+01
    endloop
  endfacet
  facet normal 1.555328e-01 -7.040973e-01 6.928611e-01
    outer loop
      vertex   5.487466e+01 7.424616e+01 6.609775e+01
      vertex   5.513993e+01 7.474616e+01 6.654631e+01
      vertex   5.472457e+01 7.474616e+01 6.663955e+01
    endloop
  endfacet
  facet normal 1.310704e-01 -7.101869e-01 6.917045e-01
    outer loop
      vertex   5.487466e+01 7.424616e+01 6.609775e+01
      vertex   5.472457e+01 7.474616e+01 6.663955e+01
      vertex   5.447543e+01 7.424616e+01 6.617340e+01
    endloop
  endfacet
  facet normal 9.605298e-02 -7.039471e-01 7.037275e-01
    outer loop
      vertex   5.447543e+01 7.424616e+01 6.617340e+01
      vertex   5.472457e+01 7.474616e+01 6.663955e+01
      vertex   5.430279e+01 7.474616e+01 6.669712e+01
    endloop
  endfacet
  facet normal 6.813029e-02 -7.103031e-01 7.005911e-01
    outer loop
      vertex   5.447543e+01 7.424616e+01 6.617340e+01
      vertex   5.430279e+01 7.474616e+01 6.669712e+01
      vertex   5.407100e+01 7.424616e+01 6.621272e+01
    endloop
  endfacet
  facet normal 3.584748e-02 -7.038826e-01 7.094112e-01
    outer loop
      vertex   5.407100e+01 7.424616e+01 6.621272e+01
      vertex   5.430279e+01 7.474616e+01 6.669712e+01
      vertex   5.387763e+01 7.474616e+01 6.671860e+01
    endloop
  endfacet
  facet normal 4.656391e-03 -7.103263e-01 7.038572e-01
    outer loop
      vertex   5.407100e+01 7.424616e+01 6.621272e+01
      vertex   5.387763e+01 7.474616e+01 6.671860e+01
      vertex   5.366468e+01 7.424616e+01 6.621541e+01
    endloop
  endfacet
  facet normal -2.462577e-02 -7.039041e-01 7.098680e-01
    outer loop
      vertex   5.366468e+01 7.424616e+01 6.621541e+01
      vertex   5.387763e+01 7.474616e+01 6.671860e+01
      vertex   5.345219e+01 7.474616e+01 6.670384e+01
    endloop
  endfacet
  facet normal -5.885909e-02 -7.102566e-01 7.014779e-01
    outer loop
      vertex   5.366468e+01 7.424616e+01 6.621541e+01
      vertex   5.345219e+01 7.474616e+01 6.670384e+01
      vertex   5.325977e+01 7.424616e+01 6.618144e+01
    endloop
  endfacet
  facet normal -8.490672e-02 -7.040115e-01 7.050948e-01
    outer loop
      vertex   5.325977e+01 7.424616e+01 6.618144e+01
      vertex   5.345219e+01 7.474616e+01 6.670384e+01
      vertex   5.302955e+01 7.474616e+01 6.665295e+01
    endloop
  endfacet
  facet normal -1.219236e-01 -7.100939e-01 6.934705e-01
    outer loop
      vertex   5.325977e+01 7.424616e+01 6.618144e+01
      vertex   5.302955e+01 7.474616e+01 6.665295e+01
      vertex   5.285958e+01 7.424616e+01 6.611108e+01
    endloop
  endfacet
  facet normal -1.445369e-01 -7.042046e-01 6.951294e-01
    outer loop
      vertex   5.285958e+01 7.424616e+01 6.611108e+01
      vertex   5.302955e+01 7.474616e+01 6.665295e+01
      vertex   5.261277e+01 7.474616e+01 6.656629e+01
    endloop
  endfacet
  facet normal -1.840476e-01 -7.098380e-01 6.798944e-01
    outer loop
      vertex   5.285958e+01 7.424616e+01 6.611108e+01
      vertex   5.261277e+01 7.474616e+01 6.656629e+01
      vertex   5.246736e+01 7.424616e+01 6.600490e+01
    endloop
  endfacet
  facet normal -2.030631e-01 -7.044834e-01 6.800504e-01
    outer loop
      vertex   5.246736e+01 7.424616e+01 6.600490e+01
      vertex   5.261277e+01 7.474616e+01 6.656629e+01
      vertex   5.220487e+01 7.474616e+01 6.644449e+01
    endloop
  endfacet
  facet normal -2.447486e-01 -7.094887e-01 6.608509e-01
    outer loop
      vertex   5.246736e+01 7.424616e+01 6.600490e+01
      vertex   5.220487e+01 7.474616e+01 6.644449e+01
      vertex   5.208633e+01 7.424616e+01 6.586379e+01
    endloop
  endfacet
  facet normal -2.600412e-01 -7.048473e-01 6.599763e-01
    outer loop
      vertex   5.208633e+01 7.424616e+01 6.586379e+01
      vertex   5.220487e+01 7.474616e+01 6.644449e+01
      vertex   5.180880e+01 7.474616e+01 6.628843e+01
    endloop
  endfacet
  facet normal -3.035541e-01 -7.090454e-01 6.364821e-01
    outer loop
      vertex   5.208633e+01 7.424616e+01 6.586379e+01
      vertex   5.180880e+01 7.474616e+01 6.628843e+01
      vertex   5.171957e+01 7.424616e+01 6.568887e+01
    endloop
  endfacet
  facet normal -3.150394e-01 -7.052962e-01 6.350649e-01
    outer loop
      vertex   5.171957e+01 7.424616e+01 6.568887e+01
      vertex   5.180880e+01 7.474616e+01 6.628843e+01
      vertex   5.142745e+01 7.474616e+01 6.609925e+01
    endloop
  endfacet
  facet normal -3.600054e-01 -7.085077e-01 6.069703e-01
    outer loop
      vertex   5.171957e+01 7.424616e+01 6.568887e+01
      vertex   5.142745e+01 7.474616e+01 6.609925e+01
      vertex   5.137009e+01 7.424616e+01 6.548159e+01
    endloop
  endfacet
  facet normal -3.676421e-01 -7.058294e-01 6.055115e-01
    outer loop
      vertex   5.137009e+01 7.424616e+01 6.548159e+01
      vertex   5.142745e+01 7.474616e+01 6.609925e+01
      vertex   5.106357e+01 7.474616e+01 6.587832e+01
    endloop
  endfacet
  facet normal -4.136605e-01 -7.078750e-01 5.725365e-01
    outer loop
      vertex   5.137009e+01 7.424616e+01 6.548159e+01
      vertex   5.106357e+01 7.474616e+01 6.587832e+01
      vertex   5.104073e+01 7.424616e+01 6.524362e+01
    endloop
  endfacet
  facet normal -4.174529e-01 -7.064464e-01 5.715476e-01
    outer loop
      vertex   5.104073e+01 7.424616e+01 6.524362e+01
      vertex   5.106357e+01 7.474616e+01 6.587832e+01
      vertex   5.071981e+01 7.474616e+01 6.562724e+01
    endloop
  endfacet
  facet normal -4.640978e-01 -7.071464e-01 5.334389e-01
    outer loop
      vertex   5.104073e+01 7.424616e+01 6.524362e+01
      vertex   5.071981e+01 7.474616e+01 6.562724e+01
      vertex   5.039865e+01 7.474616e+01 6.534782e+01
    endloop
  endfacet
  facet normal -4.640978e-01 -7.071464e-01 5.334389e-01
    outer loop
      vertex   5.104073e+01 7.424616e+01 6.524362e+01
      vertex   5.039865e+01 7.474616e+01 6.534782e+01
      vertex   5.073417e+01 7.424616e+01 6.497692e+01
    endloop
  endfacet
  facet normal -5.082936e-01 -7.064464e-01 4.925151e-01
    outer loop
      vertex   5.073417e+01 7.424616e+01 6.497692e+01
      vertex   5.039865e+01 7.474616e+01 6.534782e+01
      vertex   5.010242e+01 7.474616e+01 6.504210e+01
    endloop
  endfacet
  facet normal -5.097977e-01 -7.078750e-01 4.888960e-01
    outer loop
      vertex   5.073417e+01 7.424616e+01 6.497692e+01
      vertex   5.010242e+01 7.474616e+01 6.504210e+01
      vertex   5.045293e+01 7.424616e+01 6.468365e+01
    endloop
  endfacet
  facet normal -5.488225e-01 -7.058294e-01 4.478825e-01
    outer loop
      vertex   5.045293e+01 7.424616e+01 6.468365e+01
      vertex   5.010242e+01 7.474616e+01 6.504210e+01
      vertex   4.983326e+01 7.474616e+01 6.471229e+01
    endloop
  endfacet
  facet normal -5.513239e-01 -7.085077e-01 4.405211e-01
    outer loop
      vertex   5.045293e+01 7.424616e+01 6.468365e+01
      vertex   4.983326e+01 7.474616e+01 6.471229e+01
      vertex   5.019928e+01 7.424616e+01 6.436621e+01
    endloop
  endfacet
  facet normal -5.853696e-01 -7.052962e-01 3.998747e-01
    outer loop
      vertex   5.019928e+01 7.424616e+01 6.436621e+01
      vertex   4.983326e+01 7.474616e+01 6.471229e+01
      vertex   4.959314e+01 7.474616e+01 6.436078e+01
    endloop
  endfacet
  facet normal -5.883622e-01 -7.090454e-01 3.886959e-01
    outer loop
      vertex   5.019928e+01 7.424616e+01 6.436621e+01
      vertex   4.959314e+01 7.474616e+01 6.436078e+01
      vertex   4.997531e+01 7.424616e+01 6.402718e+01
    endloop
  endfacet
  facet normal -6.176508e-01 -7.048473e-01 3.488520e-01
    outer loop
      vertex   4.997531e+01 7.424616e+01 6.402718e+01
      vertex   4.959314e+01 7.474616e+01 6.436078e+01
      vertex   4.938379e+01 7.474616e+01 6.399012e+01
    endloop
  endfacet
  facet normal -6.206328e-01 -7.094887e-01 3.338275e-01
    outer loop
      vertex   4.997531e+01 7.424616e+01 6.402718e+01
      vertex   4.938379e+01 7.474616e+01 6.399012e+01
      vertex   4.978283e+01 7.424616e+01 6.366933e+01
    endloop
  endfacet
  facet normal -6.454150e-01 -7.044834e-01 2.951993e-01
    outer loop
      vertex   4.978283e+01 7.424616e+01 6.366933e+01
      vertex   4.938379e+01 7.474616e+01 6.399012e+01
      vertex   4.920673e+01 7.474616e+01 6.360299e+01
    endloop
  endfacet
  facet normal -6.478915e-01 -7.098380e-01 2.763451e-01
    outer loop
      vertex   4.978283e+01 7.424616e+01 6.366933e+01
      vertex   4.920673e+01 7.474616e+01 6.360299e+01
      vertex   4.962341e+01 7.424616e+01 6.329557e+01
    endloop
  endfacet
  facet normal -6.684465e-01 -7.042046e-01 2.393222e-01
    outer loop
      vertex   4.962341e+01 7.424616e+01 6.329557e+01
      vertex   4.920673e+01 7.474616e+01 6.360299e+01
      vertex   4.906324e+01 7.474616e+01 6.320221e+01
    endloop
  endfacet
  facet normal -6.699322e-01 -7.100939e-01 2.166968e-01
    outer loop
      vertex   4.962341e+01 7.424616e+01 6.329557e+01
      vertex   4.906324e+01 7.474616e+01 6.320221e+01
      vertex   4.949836e+01 7.424616e+01 6.290896e+01
    endloop
  endfacet
  facet normal -6.865662e-01 -7.040115e-01 1.816443e-01
    outer loop
      vertex   4.949836e+01 7.424616e+01 6.290896e+01
      vertex   4.906324e+01 7.474616e+01 6.320221e+01
      vertex   4.895436e+01 7.474616e+01 6.279067e+01
    endloop
  endfacet
  facet normal -6.865879e-01 -7.102566e-01 1.553467e-01
    outer loop
      vertex   4.949836e+01 7.424616e+01 6.290896e+01
      vertex   4.895436e+01 7.474616e+01 6.279067e+01
      vertex   4.940869e+01 7.424616e+01 6.251265e+01
    endloop
  endfacet
  facet normal -6.996338e-01 -7.039041e-01 1.226035e-01
    outer loop
      vertex   4.940869e+01 7.424616e+01 6.251265e+01
      vertex   4.895436e+01 7.474616e+01 6.279067e+01
      vertex   4.888088e+01 7.474616e+01 6.237137e+01
    endloop
  endfacet
  facet normal -6.977321e-01 -7.103263e-01 9.277131e-02
    outer loop
      vertex   4.940869e+01 7.424616e+01 6.251265e+01
      vertex   4.888088e+01 7.474616e+01 6.237137e+01
      vertex   4.935513e+01 7.424616e+01 6.210986e+01
    endloop
  endfacet
  facet normal -7.075482e-01 -7.038826e-01 6.264864e-02
    outer loop
      vertex   4.935513e+01 7.424616e+01 6.210986e+01
      vertex   4.888088e+01 7.474616e+01 6.237137e+01
      vertex   4.884333e+01 7.474616e+01 6.194733e+01
    endloop
  endfacet
  facet normal -7.032794e-01 -7.103031e-01 2.945598e-02
    outer loop
      vertex   4.935513e+01 7.424616e+01 6.210986e+01
      vertex   4.884333e+01 7.474616e+01 6.194733e+01
      vertex   4.933813e+01 7.424616e+01 6.170389e+01
    endloop
  endfacet
  facet normal -7.102489e-01 -7.039471e-01 2.235790e-03
    outer loop
      vertex   4.933813e+01 7.424616e+01 6.170389e+01
      vertex   4.884333e+01 7.474616e+01 6.194733e+01
      vertex   4.884199e+01 7.474616e+01 6.152163e+01
    endloop
  endfacet
  facet normal -7.031865e-01 -7.101869e-01 -3.410828e-02
    outer loop
      vertex   4.933813e+01 7.424616e+01 6.170389e+01
      vertex   4.884199e+01 7.474616e+01 6.152163e+01
      vertex   4.935781e+01 7.424616e+01 6.129803e+01
    endloop
  endfacet
  facet normal -7.077164e-01 -7.040973e-01 -5.817543e-02
    outer loop
      vertex   4.935781e+01 7.424616e+01 6.129803e+01
      vertex   4.884199e+01 7.474616e+01 6.152163e+01
      vertex   4.887687e+01 7.474616e+01 6.109737e+01
    endloop
  endfacet
  facet normal -6.974521e-01 -7.099776e-01 -9.742854e-02
    outer loop
      vertex   4.935781e+01 7.424616e+01 6.129803e+01
      vertex   4.887687e+01 7.474616e+01 6.109737e+01
      vertex   4.941403e+01 7.424616e+01 6.089561e+01
    endloop
  endfacet
  facet normal -6.999721e-01 -7.043333e-01 -1.181255e-01
    outer loop
      vertex   4.941403e+01 7.424616e+01 6.089561e+01
      vertex   4.887687e+01 7.474616e+01 6.109737e+01
      vertex   4.894770e+01 7.474616e+01 6.067761e+01
    endloop
  endfacet
  facet normal -6.861173e-01 -7.096751e-01 -1.600135e-01
    outer loop
      vertex   4.941403e+01 7.424616e+01 6.089561e+01
      vertex   4.894770e+01 7.474616e+01 6.067761e+01
      vertex   4.950632e+01 7.424616e+01 6.049990e+01
    endloop
  endfacet
  facet normal -6.870782e-01 -7.046547e-01 -1.771589e-01
    outer loop
      vertex   4.950632e+01 7.424616e+01 6.049990e+01
      vertex   4.894770e+01 7.474616e+01 6.067761e+01
      vertex   4.905399e+01 7.474616e+01 6.026539e+01
    endloop
  endfacet
  facet normal -6.692652e-01 -7.092788e-01 -2.213768e-01
    outer loop
      vertex   4.950632e+01 7.424616e+01 6.049990e+01
      vertex   4.905399e+01 7.474616e+01 6.026539e+01
      vertex   4.963392e+01 7.424616e+01 6.011412e+01
    endloop
  endfacet
  facet normal -6.691373e-01 -7.050612e-01 -2.348274e-01
    outer loop
      vertex   4.963392e+01 7.424616e+01 6.011412e+01
      vertex   4.905399e+01 7.474616e+01 6.026539e+01
      vertex   4.919496e+01 7.474616e+01 5.986371e+01
    endloop
  endfacet
  facet normal -6.470200e-01 -7.087884e-01 -2.810411e-01
    outer loop
      vertex   4.963392e+01 7.424616e+01 6.011412e+01
      vertex   4.919496e+01 7.474616e+01 5.986371e+01
      vertex   4.979581e+01 7.424616e+01 5.974143e+01
    endloop
  endfacet
  facet normal -6.462916e-01 -7.055523e-01 -2.906942e-01
    outer loop
      vertex   4.979581e+01 7.424616e+01 5.974143e+01
      vertex   4.919496e+01 7.474616e+01 5.986371e+01
      vertex   4.936958e+01 7.474616e+01 5.947548e+01
    endloop
  endfacet
  facet normal -6.195468e-01 -7.082033e-01 -3.385408e-01
    outer loop
      vertex   4.979581e+01 7.424616e+01 5.974143e+01
      vertex   4.936958e+01 7.474616e+01 5.947548e+01
      vertex   4.999065e+01 7.424616e+01 5.938486e+01
    endloop
  endfacet
  facet normal -6.187214e-01 -7.061274e-01 -3.443369e-01
    outer loop
      vertex   4.999065e+01 7.424616e+01 5.938486e+01
      vertex   4.936958e+01 7.474616e+01 5.947548e+01
      vertex   4.957659e+01 7.474616e+01 5.910351e+01
    endloop
  endfacet
  facet normal -5.870500e-01 -7.075227e-01 -3.934258e-01
    outer loop
      vertex   4.999065e+01 7.424616e+01 5.938486e+01
      vertex   4.957659e+01 7.474616e+01 5.910351e+01
      vertex   5.021686e+01 7.424616e+01 5.904732e+01
    endloop
  endfacet
  facet normal -5.866437e-01 -7.067861e-01 -3.953513e-01
    outer loop
      vertex   5.021686e+01 7.424616e+01 5.904732e+01
      vertex   4.957659e+01 7.474616e+01 5.910351e+01
      vertex   4.981450e+01 7.474616e+01 5.875049e+01
    endloop
  endfacet
  facet normal -5.690239e-01 -7.071068e-01 -4.197758e-01
    outer loop
      vertex   6.315379e+01 7.424616e+01 4.151076e+01
      vertex   5.021686e+01 7.424616e+01 5.904732e+01
      vertex   6.275143e+01 7.474616e+01 4.121393e+01
    endloop
  endfacet
  facet normal -5.690239e-01 -7.071068e-01 -4.197758e-01
    outer loop
      vertex   6.275143e+01 7.474616e+01 4.121393e+01
      vertex   5.021686e+01 7.424616e+01 5.904732e+01
      vertex   4.981450e+01 7.474616e+01 5.875049e+01
    endloop
  endfacet
  facet normal -5.929121e-01 -7.065108e-01 -3.863906e-01
    outer loop
      vertex   6.315379e+01 7.424616e+01 4.151076e+01
      vertex   6.275143e+01 7.474616e+01 4.121393e+01
      vertex   6.331212e+01 7.424616e+01 4.126780e+01
    endloop
  endfacet
  facet normal -5.929121e-01 -7.065108e-01 -3.863906e-01
    outer loop
      vertex   6.331212e+01 7.424616e+01 4.126780e+01
      vertex   6.275143e+01 7.474616e+01 4.121393e+01
      vertex   6.287810e+01 7.474616e+01 4.101956e+01
    endloop
  endfacet
  facet normal -6.336692e-01 -7.065108e-01 -3.151282e-01
    outer loop
      vertex   6.331212e+01 7.424616e+01 4.126780e+01
      vertex   6.287810e+01 7.474616e+01 4.101956e+01
      vertex   6.344126e+01 7.424616e+01 4.100813e+01
    endloop
  endfacet
  facet normal -6.336692e-01 -7.065108e-01 -3.151282e-01
    outer loop
      vertex   6.344126e+01 7.424616e+01 4.100813e+01
      vertex   6.287810e+01 7.474616e+01 4.101956e+01
      vertex   6.298140e+01 7.474616e+01 4.081183e+01
    endloop
  endfacet
  facet normal -6.658995e-01 -7.065108e-01 -2.396254e-01
    outer loop
      vertex   6.344126e+01 7.424616e+01 4.100813e+01
      vertex   6.298140e+01 7.474616e+01 4.081183e+01
      vertex   6.353945e+01 7.424616e+01 4.073526e+01
    endloop
  endfacet
  facet normal -6.658995e-01 -7.065108e-01 -2.396254e-01
    outer loop
      vertex   6.353945e+01 7.424616e+01 4.073526e+01
      vertex   6.298140e+01 7.474616e+01 4.081183e+01
      vertex   6.305996e+01 7.474616e+01 4.059353e+01
    endloop
  endfacet
  facet normal -6.781058e-01 -7.071068e-01 -2.004307e-01
    outer loop
      vertex   6.715846e+01 7.424616e+01 2.849126e+01
      vertex   6.353945e+01 7.424616e+01 4.073526e+01
      vertex   6.666607e+01 7.474616e+01 2.839317e+01
    endloop
  endfacet
  facet normal -6.781058e-01 -7.071068e-01 -2.004307e-01
    outer loop
      vertex   6.666607e+01 7.474616e+01 2.839317e+01
      vertex   6.353945e+01 7.424616e+01 4.073526e+01
      vertex   6.305996e+01 7.474616e+01 4.059353e+01
    endloop
  endfacet
endsolid
